date,open,high,low,close,volume
2025-12-08 09:15:00+05:30,59672.05,59713.15,59603.45,59648.2,0
2025-12-08 09:20:00+05:30,59634.6,59707.55,59592.65,59644.15,0
2025-12-08 09:25:00+05:30,59642.15,59642.4,59534.85,59575.5,0
2025-12-08 09:30:00+05:30,59577.0,59612.15,59541.85,59574.7,0
2025-12-08 09:35:00+05:30,59569.65,59576.95,59527.25,59558.65,0
2025-12-08 09:40:00+05:30,59551.5,59600.1,59536.85,59580.2,0
2025-12-08 09:45:00+05:30,59577.2,59581.8,59518.05,59536.4,0
2025-12-08 09:50:00+05:30,59538.6,59550.75,59509.05,59513.65,0
2025-12-08 09:55:00+05:30,59513.9,59542.8,59506.3,59519.55,0
2025-12-08 10:00:00+05:30,59522.4,59539.6,59467.15,59480.35,0
2025-12-08 10:05:00+05:30,59485.75,59529.65,59462.45,59507.7,0
2025-12-08 10:10:00+05:30,59506.6,59551.3,59496.85,59547.25,0
2025-12-08 10:15:00+05:30,59549.4,59620.65,59528.0,59552.4,0
2025-12-08 10:20:00+05:30,59551.0,59606.9,59538.5,59597.2,0
2025-12-08 10:25:00+05:30,59595.95,59610.15,59569.2,59580.45,0
2025-12-08 10:30:00+05:30,59581.95,59587.4,59521.0,59528.85,0
2025-12-08 10:35:00+05:30,59524.8,59543.45,59508.7,59534.25,0
2025-12-08 10:40:00+05:30,59528.45,59563.3,59528.45,59546.3,0
2025-12-08 10:45:00+05:30,59544.45,59562.15,59518.35,59529.0,0
2025-12-08 10:50:00+05:30,59530.35,59546.1,59499.35,59539.4,0
2025-12-08 10:55:00+05:30,59537.7,59567.85,59499.9,59510.5,0
2025-12-08 11:00:00+05:30,59509.9,59519.5,59454.0,59459.9,0
2025-12-08 11:05:00+05:30,59460.75,59463.95,59395.5,59417.75,0
2025-12-08 11:10:00+05:30,59417.4,59449.85,59406.75,59436.85,0
2025-12-08 11:15:00+05:30,59435.65,59436.05,59374.05,59387.95,0
2025-12-08 11:20:00+05:30,59388.6,59427.75,59379.6,59422.85,0
2025-12-08 11:25:00+05:30,59415.95,59430.2,59384.25,59392.2,0
2025-12-08 11:30:00+05:30,59393.0,59408.25,59346.4,59373.85,0
2025-12-08 11:35:00+05:30,59377.55,59396.45,59360.0,59378.0,0
2025-12-08 11:40:00+05:30,59377.95,59405.85,59356.55,59400.8,0
2025-12-08 11:45:00+05:30,59399.65,59445.15,59398.45,59441.3,0
2025-12-08 11:50:00+05:30,59440.05,59445.3,59401.2,59403.1,0
2025-12-08 11:55:00+05:30,59400.55,59426.05,59387.65,59421.75,0
2025-12-08 12:00:00+05:30,59417.95,59422.45,59383.95,59407.25,0
2025-12-08 12:05:00+05:30,59407.2,59412.95,59391.25,59400.95,0
2025-12-08 12:10:00+05:30,59401.35,59410.45,59355.95,59363.25,0
2025-12-08 12:15:00+05:30,59371.5,59406.0,59358.05,59373.0,0
2025-12-08 12:20:00+05:30,59376.15,59376.15,59338.45,59363.9,0
2025-12-08 12:25:00+05:30,59360.75,59365.45,59295.2,59307.1,0
2025-12-08 12:30:00+05:30,59308.6,59311.9,59252.95,59280.3,0
2025-12-08 12:35:00+05:30,59283.8,59298.65,59268.85,59274.6,0
2025-12-08 12:40:00+05:30,59276.45,59292.4,59231.5,59235.75,0
2025-12-08 12:45:00+05:30,59235.55,59284.1,59233.5,59283.7,0
2025-12-08 12:50:00+05:30,59280.6,59309.35,59277.1,59304.95,0
2025-12-08 12:55:00+05:30,59304.5,59309.05,59282.75,59298.35,0
2025-12-08 13:00:00+05:30,59297.7,59352.9,59290.2,59349.75,0
2025-12-08 13:05:00+05:30,59349.8,59358.6,59307.8,59318.1,0
2025-12-08 13:10:00+05:30,59315.4,59360.15,59309.3,59342.25,0
2025-12-08 13:15:00+05:30,59342.35,59344.85,59278.65,59281.45,0
2025-12-08 13:20:00+05:30,59282.1,59283.55,59200.6,59225.45,0
2025-12-08 13:25:00+05:30,59229.65,59240.8,59174.5,59186.85,0
2025-12-08 13:30:00+05:30,59189.9,59197.65,59068.45,59119.3,0
2025-12-08 13:35:00+05:30,59122.25,59139.9,59073.9,59124.55,0
2025-12-08 13:40:00+05:30,59126.35,59164.4,59112.3,59134.85,0
2025-12-08 13:45:00+05:30,59135.35,59180.0,59119.45,59161.15,0
2025-12-08 13:50:00+05:30,59163.45,59169.85,59135.1,59167.25,0
2025-12-08 13:55:00+05:30,59167.55,59167.9,59119.9,59139.1,0
2025-12-08 14:00:00+05:30,59138.65,59139.35,59088.6,59104.45,0
2025-12-08 14:05:00+05:30,59103.9,59119.55,59084.35,59119.45,0
2025-12-08 14:10:00+05:30,59118.85,59165.55,59103.15,59105.1,0
2025-12-08 14:15:00+05:30,59103.7,59125.45,59030.6,59116.3,0
2025-12-08 14:20:00+05:30,59119.85,59148.65,59109.45,59137.65,0
2025-12-08 14:25:00+05:30,59138.85,59146.4,59107.2,59131.0,0
2025-12-08 14:30:00+05:30,59132.45,59149.1,59123.35,59132.65,0
2025-12-08 14:35:00+05:30,59134.95,59139.95,59103.9,59126.65,0
2025-12-08 14:40:00+05:30,59133.0,59171.3,59121.5,59170.7,0
2025-12-08 14:45:00+05:30,59168.6,59205.1,59153.75,59202.4,0
2025-12-08 14:50:00+05:30,59203.35,59248.05,59201.7,59211.35,0
2025-12-08 14:55:00+05:30,59213.75,59223.4,59163.75,59191.6,0
2025-12-08 15:00:00+05:30,59194.7,59296.6,59194.7,59263.65,0
2025-12-08 15:05:00+05:30,59266.55,59310.5,59258.05,59285.05,0
2025-12-08 15:10:00+05:30,59284.6,59295.45,59231.1,59249.55,0
2025-12-08 15:15:00+05:30,59248.7,59258.35,59212.1,59213.95,0
2025-12-08 15:20:00+05:30,59210.75,59229.6,59190.4,59211.35,0
2025-12-08 15:25:00+05:30,59208.1,59213.0,59110.8,59147.3,0
2025-12-09 09:15:00+05:30,58918.85,59083.3,58878.45,58983.05,0
2025-12-09 09:20:00+05:30,58981.65,59039.6,58939.55,59026.05,0
2025-12-09 09:25:00+05:30,59028.4,59061.35,59001.15,59021.8,0
2025-12-09 09:30:00+05:30,59020.4,59024.9,58931.8,59001.9,0
2025-12-09 09:35:00+05:30,59002.7,59002.7,58913.9,58913.9,0
2025-12-09 09:40:00+05:30,58917.75,58976.25,58887.1,58933.1,0
2025-12-09 09:45:00+05:30,58934.35,58948.95,58904.9,58928.75,0
2025-12-09 09:50:00+05:30,58929.65,58943.0,58895.5,58912.15,0
2025-12-09 09:55:00+05:30,58914.45,58935.15,58892.45,58906.3,0
2025-12-09 10:00:00+05:30,58900.4,59013.5,58897.45,58950.9,0
2025-12-09 10:05:00+05:30,58951.45,59065.35,58943.0,59046.95,0
2025-12-09 10:10:00+05:30,59050.5,59103.45,59040.8,59055.1,0
2025-12-09 10:15:00+05:30,59056.0,59186.6,59051.0,59151.25,0
2025-12-09 10:20:00+05:30,59149.4,59164.55,59092.95,59130.1,0
2025-12-09 10:25:00+05:30,59129.45,59149.2,59076.4,59083.0,0
2025-12-09 10:30:00+05:30,59097.6,59128.8,59074.15,59082.3,0
2025-12-09 10:35:00+05:30,59082.85,59092.9,59022.05,59092.45,0
2025-12-09 10:40:00+05:30,59091.7,59136.4,59087.55,59105.05,0
2025-12-09 10:45:00+05:30,59103.6,59103.6,59066.9,59086.65,0
2025-12-09 10:50:00+05:30,59087.1,59112.85,59063.4,59112.85,0
2025-12-09 10:55:00+05:30,59112.5,59210.3,59096.35,59202.5,0
2025-12-09 11:00:00+05:30,59207.65,59226.6,59158.05,59182.25,0
2025-12-09 11:05:00+05:30,59183.75,59221.55,59175.4,59221.55,0
2025-12-09 11:10:00+05:30,59221.45,59265.2,59199.45,59246.55,0
2025-12-09 11:15:00+05:30,59246.5,59262.75,59223.0,59253.2,0
2025-12-09 11:20:00+05:30,59253.0,59254.05,59186.3,59195.5,0
2025-12-09 11:25:00+05:30,59193.3,59243.6,59184.65,59199.95,0
2025-12-09 11:30:00+05:30,59201.4,59235.3,59160.5,59220.75,0
2025-12-09 11:35:00+05:30,59222.05,59243.2,59192.0,59227.95,0
2025-12-09 11:40:00+05:30,59226.75,59231.4,59124.7,59124.7,0
2025-12-09 11:45:00+05:30,59128.4,59144.55,59104.65,59106.75,0
2025-12-09 11:50:00+05:30,59109.25,59163.6,59102.55,59153.1,0
2025-12-09 11:55:00+05:30,59155.75,59236.6,59153.6,59209.95,0
2025-12-09 12:00:00+05:30,59217.9,59232.1,59189.05,59223.8,0
2025-12-09 12:05:00+05:30,59227.95,59284.85,59219.5,59260.5,0
2025-12-09 12:10:00+05:30,59259.05,59274.95,59248.15,59249.7,0
2025-12-09 12:15:00+05:30,59253.45,59258.05,59221.25,59232.85,0
2025-12-09 12:20:00+05:30,59232.55,59306.3,59226.85,59306.3,0
2025-12-09 12:25:00+05:30,59306.05,59317.65,59251.6,59261.1,0
2025-12-09 12:30:00+05:30,59256.8,59276.6,59229.55,59248.9,0
2025-12-09 12:35:00+05:30,59246.0,59258.9,59186.55,59189.1,0
2025-12-09 12:40:00+05:30,59190.35,59236.55,59189.15,59219.55,0
2025-12-09 12:45:00+05:30,59215.65,59241.8,59209.85,59228.85,0
2025-12-09 12:50:00+05:30,59231.45,59238.3,59206.8,59218.45,0
2025-12-09 12:55:00+05:30,59215.15,59225.65,59158.9,59191.5,0
2025-12-09 13:00:00+05:30,59190.1,59242.35,59178.8,59242.1,0
2025-12-09 13:05:00+05:30,59241.1,59266.05,59226.15,59247.5,0
2025-12-09 13:10:00+05:30,59251.45,59257.15,59217.4,59227.4,0
2025-12-09 13:15:00+05:30,59231.85,59254.1,59213.65,59235.8,0
2025-12-09 13:20:00+05:30,59241.35,59255.25,59215.2,59229.8,0
2025-12-09 13:25:00+05:30,59235.7,59296.7,59234.0,59291.7,0
2025-12-09 13:30:00+05:30,59296.15,59322.75,59263.6,59308.75,0
2025-12-09 13:35:00+05:30,59312.65,59329.05,59268.7,59312.8,0
2025-12-09 13:40:00+05:30,59323.35,59334.2,59302.35,59312.75,0
2025-12-09 13:45:00+05:30,59309.95,59354.1,59302.45,59349.45,0
2025-12-09 13:50:00+05:30,59348.05,59358.25,59316.1,59350.95,0
2025-12-09 13:55:00+05:30,59347.35,59352.05,59302.9,59318.85,0
2025-12-09 14:00:00+05:30,59313.45,59323.75,59265.3,59269.75,0
2025-12-09 14:05:00+05:30,59265.75,59299.8,59244.15,59289.05,0
2025-12-09 14:10:00+05:30,59284.45,59291.05,59256.45,59275.85,0
2025-12-09 14:15:00+05:30,59273.8,59282.85,59248.85,59276.6,0
2025-12-09 14:20:00+05:30,59272.15,59282.1,59219.2,59227.5,0
2025-12-09 14:25:00+05:30,59228.05,59251.9,59214.25,59230.15,0
2025-12-09 14:30:00+05:30,59234.65,59238.4,59193.75,59235.55,0
2025-12-09 14:35:00+05:30,59230.4,59249.75,59208.4,59246.35,0
2025-12-09 14:40:00+05:30,59248.35,59255.15,59196.0,59202.95,0
2025-12-09 14:45:00+05:30,59204.55,59215.9,59177.25,59190.25,0
2025-12-09 14:50:00+05:30,59192.55,59211.85,59177.25,59177.25,0
2025-12-09 14:55:00+05:30,59184.0,59251.1,59170.6,59231.2,0
2025-12-09 15:00:00+05:30,59237.3,59275.55,59220.5,59227.55,0
2025-12-09 15:05:00+05:30,59233.35,59254.4,59198.9,59198.9,0
2025-12-09 15:10:00+05:30,59208.7,59249.6,59173.05,59217.35,0
2025-12-09 15:15:00+05:30,59219.05,59226.65,59190.6,59194.45,0
2025-12-09 15:20:00+05:30,59188.9,59219.8,59187.0,59205.3,0
2025-12-09 15:25:00+05:30,59203.95,59230.95,59187.75,59212.1,0
2025-12-10 09:15:00+05:30,59281.55,59357.8,59185.55,59306.25,0
2025-12-10 09:20:00+05:30,59311.9,59315.75,59202.6,59228.45,0
2025-12-10 09:25:00+05:30,59231.4,59326.8,59190.9,59316.45,0
2025-12-10 09:30:00+05:30,59313.85,59369.2,59310.95,59363.0,0
2025-12-10 09:35:00+05:30,59365.95,59408.45,59358.85,59403.0,0
2025-12-10 09:40:00+05:30,59403.55,59440.9,59362.75,59396.5,0
2025-12-10 09:45:00+05:30,59397.4,59430.05,59349.7,59349.7,0
2025-12-10 09:50:00+05:30,59350.05,59382.0,59344.5,59354.05,0
2025-12-10 09:55:00+05:30,59354.7,59371.0,59333.35,59336.7,0
2025-12-10 10:00:00+05:30,59339.5,59393.25,59330.8,59385.0,0
2025-12-10 10:05:00+05:30,59385.25,59415.65,59373.75,59400.6,0
2025-12-10 10:10:00+05:30,59397.35,59409.3,59364.3,59375.45,0
2025-12-10 10:15:00+05:30,59379.25,59408.2,59369.35,59389.95,0
2025-12-10 10:20:00+05:30,59386.65,59415.65,59385.45,59403.1,0
2025-12-10 10:25:00+05:30,59404.8,59427.7,59372.25,59380.65,0
2025-12-10 10:30:00+05:30,59378.45,59402.0,59360.25,59382.85,0
2025-12-10 10:35:00+05:30,59383.15,59410.5,59370.75,59372.45,0
2025-12-10 10:40:00+05:30,59374.75,59390.8,59352.2,59386.8,0
2025-12-10 10:45:00+05:30,59388.8,59390.6,59291.2,59301.1,0
2025-12-10 10:50:00+05:30,59302.55,59305.3,59222.75,59242.5,0
2025-12-10 10:55:00+05:30,59243.4,59254.4,59188.4,59191.0,0
2025-12-10 11:00:00+05:30,59194.25,59207.0,59146.0,59191.75,0
2025-12-10 11:05:00+05:30,59190.35,59232.1,59186.55,59215.6,0
2025-12-10 11:10:00+05:30,59213.95,59228.25,59179.8,59212.9,0
2025-12-10 11:15:00+05:30,59214.55,59226.1,59165.65,59169.55,0
2025-12-10 11:20:00+05:30,59169.2,59169.95,59100.95,59121.0,0
2025-12-10 11:25:00+05:30,59122.25,59147.5,59092.45,59093.0,0
2025-12-10 11:30:00+05:30,59092.75,59095.75,59047.15,59050.2,0
2025-12-10 11:35:00+05:30,59049.5,59068.95,58998.7,59023.6,0
2025-12-10 11:40:00+05:30,59022.25,59046.25,59005.9,59011.4,0
2025-12-10 11:45:00+05:30,59011.0,59015.3,58977.55,59010.0,0
2025-12-10 11:50:00+05:30,59009.4,59013.6,58973.75,58999.6,0
2025-12-10 11:55:00+05:30,58998.15,59052.4,58996.1,59035.25,0
2025-12-10 12:00:00+05:30,59034.75,59042.25,58985.2,59028.85,0
2025-12-10 12:05:00+05:30,59032.9,59087.4,59021.9,59040.35,0
2025-12-10 12:10:00+05:30,59036.65,59062.8,59029.6,59046.5,0
2025-12-10 12:15:00+05:30,59048.85,59056.0,59016.3,59047.95,0
2025-12-10 12:20:00+05:30,59051.35,59062.55,59020.5,59022.8,0
2025-12-10 12:25:00+05:30,59024.35,59027.05,58984.9,58985.95,0
2025-12-10 12:30:00+05:30,58986.25,58992.75,58930.85,58953.0,0
2025-12-10 12:35:00+05:30,58946.9,58955.9,58900.9,58912.6,0
2025-12-10 12:40:00+05:30,58920.95,58934.55,58897.5,58905.45,0
2025-12-10 12:45:00+05:30,58907.05,58950.35,58893.35,58927.3,0
2025-12-10 12:50:00+05:30,58928.85,58975.75,58925.4,58951.0,0
2025-12-10 12:55:00+05:30,58952.05,58976.35,58943.25,58964.25,0
2025-12-10 13:00:00+05:30,58965.55,58989.65,58951.75,58965.75,0
2025-12-10 13:05:00+05:30,58968.65,58977.8,58935.75,58976.95,0
2025-12-10 13:10:00+05:30,58974.5,58992.45,58962.05,58964.8,0
2025-12-10 13:15:00+05:30,58963.9,59023.8,58941.6,59023.8,0
2025-12-10 13:20:00+05:30,59024.15,59041.2,59000.05,59037.5,0
2025-12-10 13:25:00+05:30,59037.25,59081.7,59007.6,59074.55,0
2025-12-10 13:30:00+05:30,59076.35,59083.1,59046.1,59067.7,0
2025-12-10 13:35:00+05:30,59075.7,59091.9,59043.85,59043.85,0
2025-12-10 13:40:00+05:30,59045.5,59075.95,59036.7,59038.5,0
2025-12-10 13:45:00+05:30,59039.45,59047.95,59009.55,59028.85,0
2025-12-10 13:50:00+05:30,59030.4,59031.15,58979.8,58996.45,0
2025-12-10 13:55:00+05:30,58997.95,58999.55,58945.15,58959.25,0
2025-12-10 14:00:00+05:30,58960.6,58973.25,58883.4,58885.85,0
2025-12-10 14:05:00+05:30,58889.2,58915.35,58870.4,58884.75,0
2025-12-10 14:10:00+05:30,58884.35,58923.45,58869.85,58892.75,0
2025-12-10 14:15:00+05:30,58891.5,58929.1,58879.9,58895.45,0
2025-12-10 14:20:00+05:30,58896.9,58911.0,58853.9,58892.25,0
2025-12-10 14:25:00+05:30,58892.65,58904.85,58878.65,58886.5,0
2025-12-10 14:30:00+05:30,58886.4,59003.15,58882.15,58994.05,0
2025-12-10 14:35:00+05:30,58997.35,59001.0,58911.45,58948.0,0
2025-12-10 14:40:00+05:30,58945.65,58947.9,58912.9,58927.0,0
2025-12-10 14:45:00+05:30,58930.55,58956.7,58916.6,58940.7,0
2025-12-10 14:50:00+05:30,58946.3,58958.95,58917.65,58940.25,0
2025-12-10 14:55:00+05:30,58939.6,58978.85,58926.75,58970.3,0
2025-12-10 15:00:00+05:30,58975.75,59009.55,58957.65,58976.75,0
2025-12-10 15:05:00+05:30,58977.35,59008.2,58946.65,58968.2,0
2025-12-10 15:10:00+05:30,58972.0,58981.9,58944.4,58963.7,0
2025-12-10 15:15:00+05:30,58964.95,58979.5,58942.7,58965.45,0
2025-12-10 15:20:00+05:30,58965.85,58969.45,58934.45,58944.65,0
2025-12-10 15:25:00+05:30,58942.3,58965.85,58910.3,58938.3,0
2025-12-11 09:15:00+05:30,58966.2,59061.75,58862.45,58969.4,0
2025-12-11 09:20:00+05:30,58972.65,59079.8,58966.4,59024.75,0
2025-12-11 09:25:00+05:30,59023.3,59094.4,58995.15,59093.35,0
2025-12-11 09:30:00+05:30,59097.55,59117.25,59033.1,59046.45,0
2025-12-11 09:35:00+05:30,59048.95,59048.95,58904.4,58920.0,0
2025-12-11 09:40:00+05:30,58921.35,58921.35,58799.9,58848.25,0
2025-12-11 09:45:00+05:30,58847.85,58913.15,58804.6,58903.8,0
2025-12-11 09:50:00+05:30,58901.85,58905.9,58849.75,58873.7,0
2025-12-11 09:55:00+05:30,58876.3,58894.4,58821.9,58848.7,0
2025-12-11 10:00:00+05:30,58847.55,58914.85,58841.3,58906.8,0
2025-12-11 10:05:00+05:30,58905.4,59001.7,58901.75,58986.75,0
2025-12-11 10:10:00+05:30,58982.9,59082.2,58954.25,59082.2,0
2025-12-11 10:15:00+05:30,59083.85,59135.8,59078.0,59126.9,0
2025-12-11 10:20:00+05:30,59118.75,59155.3,59077.95,59133.65,0
2025-12-11 10:25:00+05:30,59133.8,59177.2,59126.05,59145.4,0
2025-12-11 10:30:00+05:30,59148.15,59216.9,59128.95,59182.8,0
2025-12-11 10:35:00+05:30,59186.05,59201.55,59152.8,59182.95,0
2025-12-11 10:40:00+05:30,59184.25,59186.85,59151.85,59173.5,0
2025-12-11 10:45:00+05:30,59179.45,59220.8,59160.4,59199.2,0
2025-12-11 10:50:00+05:30,59198.0,59247.35,59182.05,59182.7,0
2025-12-11 10:55:00+05:30,59186.35,59186.55,59142.7,59149.2,0
2025-12-11 11:00:00+05:30,59149.15,59156.05,59083.0,59083.95,0
2025-12-11 11:05:00+05:30,59082.45,59130.45,59078.85,59128.0,0
2025-12-11 11:10:00+05:30,59126.45,59163.5,59126.45,59143.25,0
2025-12-11 11:15:00+05:30,59140.05,59196.4,59130.8,59179.35,0
2025-12-11 11:20:00+05:30,59178.1,59211.65,59175.8,59198.7,0
2025-12-11 11:25:00+05:30,59200.15,59218.25,59175.35,59183.5,0
2025-12-11 11:30:00+05:30,59185.5,59225.65,59182.45,59206.05,0
2025-12-11 11:35:00+05:30,59206.75,59221.35,59171.25,59221.35,0
2025-12-11 11:40:00+05:30,59217.35,59241.35,59202.35,59224.65,0
2025-12-11 11:45:00+05:30,59224.8,59245.35,59199.45,59231.45,0
2025-12-11 11:50:00+05:30,59231.3,59268.9,59210.55,59246.3,0
2025-12-11 11:55:00+05:30,59248.15,59274.55,59232.0,59252.2,0
2025-12-11 12:00:00+05:30,59252.75,59387.8,59252.75,59387.8,0
2025-12-11 12:05:00+05:30,59387.55,59417.4,59334.4,59355.85,0
2025-12-11 12:10:00+05:30,59353.75,59374.1,59330.8,59345.5,0
2025-12-11 12:15:00+05:30,59352.1,59380.75,59343.45,59360.85,0
2025-12-11 12:20:00+05:30,59362.9,59378.05,59335.0,59359.05,0
2025-12-11 12:25:00+05:30,59364.8,59423.35,59335.35,59393.05,0
2025-12-11 12:30:00+05:30,59390.1,59412.0,59351.25,59356.1,0
2025-12-11 12:35:00+05:30,59357.3,59368.1,59329.3,59334.15,0
2025-12-11 12:40:00+05:30,59333.8,59357.15,59303.55,59351.3,0
2025-12-11 12:45:00+05:30,59359.65,59370.15,59321.9,59347.8,0
2025-12-11 12:50:00+05:30,59346.55,59360.8,59318.9,59360.8,0
2025-12-11 12:55:00+05:30,59349.45,59368.3,59324.5,59326.3,0
2025-12-11 13:00:00+05:30,59327.75,59337.6,59281.7,59281.7,0
2025-12-11 13:05:00+05:30,59280.8,59303.95,59232.85,59242.65,0
2025-12-11 13:10:00+05:30,59242.75,59252.2,59139.9,59181.8,0
2025-12-11 13:15:00+05:30,59177.8,59209.4,59157.9,59196.2,0
2025-12-11 13:20:00+05:30,59196.95,59212.4,59166.4,59195.1,0
2025-12-11 13:25:00+05:30,59192.05,59212.75,59171.8,59212.75,0
2025-12-11 13:30:00+05:30,59210.4,59264.1,59210.4,59256.4,0
2025-12-11 13:35:00+05:30,59257.6,59279.4,59231.45,59250.05,0
2025-12-11 13:40:00+05:30,59250.6,59270.25,59235.75,59237.85,0
2025-12-11 13:45:00+05:30,59236.0,59287.9,59221.8,59281.6,0
2025-12-11 13:50:00+05:30,59281.25,59290.25,59251.7,59277.9,0
2025-12-11 13:55:00+05:30,59280.25,59302.25,59254.6,59261.8,0
2025-12-11 14:00:00+05:30,59260.7,59261.95,59202.7,59204.8,0
2025-12-11 14:05:00+05:30,59205.7,59227.3,59174.7,59221.45,0
2025-12-11 14:10:00+05:30,59223.05,59240.3,59189.8,59209.3,0
2025-12-11 14:15:00+05:30,59214.8,59244.85,59204.65,59244.85,0
2025-12-11 14:20:00+05:30,59239.9,59280.75,59239.3,59253.8,0
2025-12-11 14:25:00+05:30,59250.35,59322.35,59249.7,59312.9,0
2025-12-11 14:30:00+05:30,59316.55,59326.05,59282.2,59288.7,0
2025-12-11 14:35:00+05:30,59292.85,59315.2,59267.05,59272.65,0
2025-12-11 14:40:00+05:30,59273.7,59280.4,59204.4,59204.4,0
2025-12-11 14:45:00+05:30,59208.55,59216.4,59153.35,59153.35,0
2025-12-11 14:50:00+05:30,59152.95,59200.45,59135.65,59175.0,0
2025-12-11 14:55:00+05:30,59180.6,59198.15,59161.6,59174.3,0
2025-12-11 15:00:00+05:30,59175.4,59239.6,59175.4,59219.0,0
2025-12-11 15:05:00+05:30,59222.15,59240.45,59211.2,59223.25,0
2025-12-11 15:10:00+05:30,59227.5,59229.8,59201.1,59201.1,0
2025-12-11 15:15:00+05:30,59200.9,59225.3,59188.7,59212.05,0
2025-12-11 15:20:00+05:30,59211.35,59215.2,59193.95,59201.25,0
2025-12-11 15:25:00+05:30,59199.55,59213.2,59177.5,59204.6,0
2025-12-12 09:15:00+05:30,59401.5,59445.95,59337.8,59409.4,0
2025-12-12 09:20:00+05:30,59410.4,59432.5,59376.85,59377.85,0
2025-12-12 09:25:00+05:30,59380.35,59421.5,59340.25,59417.9,0
2025-12-12 09:30:00+05:30,59419.35,59525.25,59419.35,59515.35,0
2025-12-12 09:35:00+05:30,59511.25,59532.35,59488.55,59501.2,0
2025-12-12 09:40:00+05:30,59500.6,59524.35,59493.4,59520.2,0
2025-12-12 09:45:00+05:30,59523.8,59545.7,59491.7,59531.25,0
2025-12-12 09:50:00+05:30,59530.4,59535.4,59504.2,59513.7,0
2025-12-12 09:55:00+05:30,59512.5,59516.9,59460.65,59483.3,0
2025-12-12 10:00:00+05:30,59484.35,59496.5,59467.1,59486.6,0
2025-12-12 10:05:00+05:30,59486.55,59487.95,59420.85,59448.3,0
2025-12-12 10:10:00+05:30,59448.65,59449.3,59419.8,59441.7,0
2025-12-12 10:15:00+05:30,59448.7,59482.4,59441.9,59474.85,0
2025-12-12 10:20:00+05:30,59480.55,59482.55,59365.8,59367.1,0
2025-12-12 10:25:00+05:30,59365.15,59382.95,59278.4,59325.35,0
2025-12-12 10:30:00+05:30,59325.9,59350.95,59314.0,59347.7,0
2025-12-12 10:35:00+05:30,59351.95,59352.95,59278.25,59286.4,0
2025-12-12 10:40:00+05:30,59282.45,59293.65,59259.55,59274.5,0
2025-12-12 10:45:00+05:30,59276.1,59312.35,59244.95,59250.55,0
2025-12-12 10:50:00+05:30,59243.9,59285.75,59224.85,59266.4,0
2025-12-12 10:55:00+05:30,59267.55,59300.85,59225.7,59239.1,0
2025-12-12 11:00:00+05:30,59240.65,59304.0,59231.25,59291.0,0
2025-12-12 11:05:00+05:30,59284.6,59296.05,59263.7,59293.05,0
2025-12-12 11:10:00+05:30,59293.65,59326.8,59281.55,59285.4,0
2025-12-12 11:15:00+05:30,59291.45,59308.25,59282.6,59307.1,0
2025-12-12 11:20:00+05:30,59307.05,59428.2,59306.0,59425.8,0
2025-12-12 11:25:00+05:30,59427.1,59440.6,59391.15,59415.7,0
2025-12-12 11:30:00+05:30,59416.8,59441.55,59411.0,59431.95,0
2025-12-12 11:35:00+05:30,59435.5,59443.9,59404.45,59406.8,0
2025-12-12 11:40:00+05:30,59410.9,59421.1,59391.8,59405.75,0
2025-12-12 11:45:00+05:30,59404.2,59439.5,59396.35,59398.45,0
2025-12-12 11:50:00+05:30,59399.9,59440.85,59383.15,59429.4,0
2025-12-12 11:55:00+05:30,59430.95,59441.0,59400.95,59406.65,0
2025-12-12 12:00:00+05:30,59408.65,59434.55,59382.35,59390.35,0
2025-12-12 12:05:00+05:30,59392.75,59394.05,59361.8,59378.05,0
2025-12-12 12:10:00+05:30,59377.6,59382.4,59328.3,59382.25,0
2025-12-12 12:15:00+05:30,59380.95,59392.45,59353.55,59368.8,0
2025-12-12 12:20:00+05:30,59368.95,59403.5,59367.85,59396.65,0
2025-12-12 12:25:00+05:30,59396.05,59418.4,59388.3,59398.4,0
2025-12-12 12:30:00+05:30,59398.05,59411.2,59382.85,59405.2,0
2025-12-12 12:35:00+05:30,59405.95,59411.9,59366.5,59373.7,0
2025-12-12 12:40:00+05:30,59376.75,59394.15,59352.9,59369.45,0
2025-12-12 12:45:00+05:30,59370.75,59375.85,59350.0,59358.65,0
2025-12-12 12:50:00+05:30,59357.4,59380.9,59351.1,59376.85,0
2025-12-12 12:55:00+05:30,59378.75,59387.9,59363.65,59369.6,0
2025-12-12 13:00:00+05:30,59369.95,59382.45,59357.75,59368.9,0
2025-12-12 13:05:00+05:30,59369.05,59377.55,59315.9,59344.2,0
2025-12-12 13:10:00+05:30,59344.6,59378.7,59336.4,59378.7,0
2025-12-12 13:15:00+05:30,59378.4,59381.2,59351.8,59355.25,0
2025-12-12 13:20:00+05:30,59358.45,59362.2,59338.95,59345.9,0
2025-12-12 13:25:00+05:30,59345.65,59355.75,59319.95,59319.95,0
2025-12-12 13:30:00+05:30,59325.65,59333.7,59310.6,59331.4,0
2025-12-12 13:35:00+05:30,59333.55,59347.55,59322.15,59334.8,0
2025-12-12 13:40:00+05:30,59335.1,59353.45,59334.8,59343.65,0
2025-12-12 13:45:00+05:30,59344.85,59366.3,59328.15,59359.3,0
2025-12-12 13:50:00+05:30,59361.15,59374.15,59351.35,59357.05,0
2025-12-12 13:55:00+05:30,59357.3,59376.05,59348.55,59353.95,0
2025-12-12 14:00:00+05:30,59354.4,59402.1,59349.05,59398.9,0
2025-12-12 14:05:00+05:30,59401.5,59428.15,59384.9,59428.15,0
2025-12-12 14:10:00+05:30,59429.35,59439.95,59385.2,59389.15,0
2025-12-12 14:15:00+05:30,59388.1,59407.5,59374.2,59395.95,0
2025-12-12 14:20:00+05:30,59394.75,59400.65,59382.6,59397.25,0
2025-12-12 14:25:00+05:30,59399.9,59403.7,59363.1,59373.1,0
2025-12-12 14:30:00+05:30,59375.6,59395.7,59362.45,59385.55,0
2025-12-12 14:35:00+05:30,59387.5,59390.8,59342.9,59351.4,0
2025-12-12 14:40:00+05:30,59351.55,59365.85,59336.45,59358.55,0
2025-12-12 14:45:00+05:30,59358.8,59360.35,59336.95,59344.1,0
2025-12-12 14:50:00+05:30,59345.15,59347.65,59335.65,59342.75,0
2025-12-12 14:55:00+05:30,59344.7,59353.85,59340.65,59340.8,0
2025-12-12 15:00:00+05:30,59345.9,59393.6,59345.9,59358.8,0
2025-12-12 15:05:00+05:30,59360.8,59392.8,59356.55,59389.25,0
2025-12-12 15:10:00+05:30,59387.4,59418.75,59387.4,59408.1,0
2025-12-12 15:15:00+05:30,59405.45,59409.6,59384.4,59390.6,0
2025-12-12 15:20:00+05:30,59390.4,59415.95,59382.9,59414.05,0
2025-12-12 15:25:00+05:30,59412.75,59426.15,59367.15,59396.8,0
2025-12-15 09:15:00+05:30,59053.7,59357.3,59052.3,59274.95,0
2025-12-15 09:20:00+05:30,59272.25,59272.25,59186.3,59194.85,0
2025-12-15 09:25:00+05:30,59205.4,59241.0,59162.5,59178.3,0
2025-12-15 09:30:00+05:30,59180.0,59195.55,59141.7,59152.05,0
2025-12-15 09:35:00+05:30,59150.0,59151.35,59104.7,59130.35,0
2025-12-15 09:40:00+05:30,59125.05,59155.95,59103.4,59120.35,0
2025-12-15 09:45:00+05:30,59115.6,59181.55,59097.55,59173.65,0
2025-12-15 09:50:00+05:30,59175.55,59183.75,59141.8,59165.8,0
2025-12-15 09:55:00+05:30,59166.8,59203.35,59148.65,59196.15,0
2025-12-15 10:00:00+05:30,59195.45,59201.2,59149.8,59177.6,0
2025-12-15 10:05:00+05:30,59176.8,59213.35,59151.3,59174.9,0
2025-12-15 10:10:00+05:30,59175.45,59214.9,59154.1,59212.25,0
2025-12-15 10:15:00+05:30,59213.85,59243.5,59199.4,59235.2,0
2025-12-15 10:20:00+05:30,59232.25,59235.65,59205.05,59220.0,0
2025-12-15 10:25:00+05:30,59218.9,59251.55,59204.2,59247.8,0
2025-12-15 10:30:00+05:30,59246.75,59263.15,59212.45,59213.85,0
2025-12-15 10:35:00+05:30,59214.55,59221.85,59166.3,59168.05,0
2025-12-15 10:40:00+05:30,59171.25,59191.9,59138.2,59182.1,0
2025-12-15 10:45:00+05:30,59183.15,59269.55,59179.15,59258.7,0
2025-12-15 10:50:00+05:30,59259.1,59288.3,59249.05,59279.7,0
2025-12-15 10:55:00+05:30,59280.6,59299.0,59253.65,59254.8,0
2025-12-15 11:00:00+05:30,59258.35,59268.85,59245.45,59260.9,0
2025-12-15 11:05:00+05:30,59262.15,59264.05,59239.6,59240.65,0
2025-12-15 11:10:00+05:30,59247.1,59271.65,59236.95,59257.55,0
2025-12-15 11:15:00+05:30,59259.6,59286.6,59255.35,59267.95,0
2025-12-15 11:20:00+05:30,59273.4,59277.4,59233.25,59260.2,0
2025-12-15 11:25:00+05:30,59257.6,59312.1,59257.6,59300.1,0
2025-12-15 11:30:00+05:30,59296.75,59305.7,59223.8,59234.7,0
2025-12-15 11:35:00+05:30,59228.45,59268.6,59227.05,59241.2,0
2025-12-15 11:40:00+05:30,59241.05,59257.6,59237.15,59254.35,0
2025-12-15 11:45:00+05:30,59252.6,59366.8,59247.8,59362.7,0
2025-12-15 11:50:00+05:30,59364.3,59436.95,59361.85,59410.0,0
2025-12-15 11:55:00+05:30,59408.5,59454.4,59397.2,59451.5,0
2025-12-15 12:00:00+05:30,59451.05,59480.45,59437.2,59459.15,0
2025-12-15 12:05:00+05:30,59459.0,59516.85,59448.0,59478.4,0
2025-12-15 12:10:00+05:30,59477.9,59484.05,59453.1,59459.75,0
2025-12-15 12:15:00+05:30,59462.6,59469.25,59439.65,59444.5,0
2025-12-15 12:20:00+05:30,59446.3,59489.7,59441.1,59476.95,0
2025-12-15 12:25:00+05:30,59481.6,59486.35,59442.7,59463.15,0
2025-12-15 12:30:00+05:30,59460.55,59501.95,59452.9,59489.1,0
2025-12-15 12:35:00+05:30,59483.25,59498.35,59473.65,59482.15,0
2025-12-15 12:40:00+05:30,59483.4,59493.3,59432.55,59438.3,0
2025-12-15 12:45:00+05:30,59438.1,59443.05,59413.5,59437.05,0
2025-12-15 12:50:00+05:30,59436.9,59468.8,59434.3,59441.6,0
2025-12-15 12:55:00+05:30,59442.25,59453.45,59422.4,59452.05,0
2025-12-15 13:00:00+05:30,59450.45,59474.35,59433.45,59474.35,0
2025-12-15 13:05:00+05:30,59471.6,59509.1,59464.9,59496.25,0
2025-12-15 13:10:00+05:30,59495.0,59533.0,59488.55,59527.1,0
2025-12-15 13:15:00+05:30,59527.75,59528.35,59482.8,59491.4,0
2025-12-15 13:20:00+05:30,59486.75,59506.8,59483.5,59501.75,0
2025-12-15 13:25:00+05:30,59500.25,59504.65,59468.05,59482.5,0
2025-12-15 13:30:00+05:30,59482.95,59485.35,59458.2,59478.0,0
2025-12-15 13:35:00+05:30,59477.65,59500.7,59468.7,59477.2,0
2025-12-15 13:40:00+05:30,59479.1,59493.7,59449.0,59455.9,0
2025-12-15 13:45:00+05:30,59454.15,59472.25,59449.5,59467.8,0
2025-12-15 13:50:00+05:30,59466.15,59473.35,59437.8,59469.25,0
2025-12-15 13:55:00+05:30,59469.45,59470.7,59439.45,59455.3,0
2025-12-15 14:00:00+05:30,59454.35,59507.25,59454.35,59492.9,0
2025-12-15 14:05:00+05:30,59493.15,59499.75,59431.8,59435.3,0
2025-12-15 14:10:00+05:30,59436.65,59448.25,59405.9,59436.8,0
2025-12-15 14:15:00+05:30,59437.4,59469.15,59430.9,59464.2,0
2025-12-15 14:20:00+05:30,59465.3,59488.1,59455.7,59463.4,0
2025-12-15 14:25:00+05:30,59462.45,59485.65,59453.35,59478.3,0
2025-12-15 14:30:00+05:30,59479.8,59487.95,59467.3,59476.7,0
2025-12-15 14:35:00+05:30,59475.5,59480.9,59457.4,59467.5,0
2025-12-15 14:40:00+05:30,59466.6,59516.45,59465.45,59513.15,0
2025-12-15 14:45:00+05:30,59515.15,59528.9,59486.45,59488.3,0
2025-12-15 14:50:00+05:30,59488.75,59510.35,59483.6,59492.25,0
2025-12-15 14:55:00+05:30,59497.9,59506.15,59482.75,59500.75,0
2025-12-15 15:00:00+05:30,59496.7,59505.8,59471.35,59479.85,0
2025-12-15 15:05:00+05:30,59479.3,59490.1,59454.7,59482.7,0
2025-12-15 15:10:00+05:30,59484.5,59488.9,59458.3,59469.9,0
2025-12-15 15:15:00+05:30,59469.8,59473.1,59443.75,59445.45,0
2025-12-15 15:20:00+05:30,59446.85,59451.6,59414.55,59447.45,0
2025-12-15 15:25:00+05:30,59446.3,59468.55,59427.95,59444.7,0
2025-12-16 09:15:00+05:30,59288.75,59335.25,59247.55,59294.45,0
2025-12-16 09:20:00+05:30,59295.0,59298.25,59182.1,59189.75,0
2025-12-16 09:25:00+05:30,59193.25,59217.05,59146.7,59169.2,0
2025-12-16 09:30:00+05:30,59165.6,59179.7,59087.3,59155.75,0
2025-12-16 09:35:00+05:30,59147.25,59154.75,59107.95,59149.2,0
2025-12-16 09:40:00+05:30,59147.9,59198.25,59138.8,59176.85,0
2025-12-16 09:45:00+05:30,59174.9,59179.6,59146.9,59161.4,0
2025-12-16 09:50:00+05:30,59158.95,59162.95,59115.45,59131.15,0
2025-12-16 09:55:00+05:30,59127.35,59138.05,59084.75,59100.9,0
2025-12-16 10:00:00+05:30,59099.45,59104.3,59041.1,59080.5,0
2025-12-16 10:05:00+05:30,59080.05,59128.5,59067.95,59112.15,0
2025-12-16 10:10:00+05:30,59112.05,59138.3,59087.5,59122.7,0
2025-12-16 10:15:00+05:30,59130.7,59130.7,59086.6,59103.55,0
2025-12-16 10:20:00+05:30,59105.45,59142.9,59103.2,59128.6,0
2025-12-16 10:25:00+05:30,59128.2,59158.45,59106.45,59118.4,0
2025-12-16 10:30:00+05:30,59119.25,59159.1,59108.35,59128.4,0
2025-12-16 10:35:00+05:30,59128.25,59165.9,59098.95,59143.4,0
2025-12-16 10:40:00+05:30,59142.1,59155.0,59129.45,59148.7,0
2025-12-16 10:45:00+05:30,59147.1,59147.1,59117.1,59123.55,0
2025-12-16 10:50:00+05:30,59124.8,59135.0,59113.3,59121.4,0
2025-12-16 10:55:00+05:30,59122.55,59137.4,59090.25,59103.8,0
2025-12-16 11:00:00+05:30,59103.05,59104.9,59076.75,59086.4,0
2025-12-16 11:05:00+05:30,59081.95,59103.65,59068.3,59094.9,0
2025-12-16 11:10:00+05:30,59087.3,59097.1,59070.25,59084.35,0
2025-12-16 11:15:00+05:30,59081.8,59098.85,59058.95,59097.8,0
2025-12-16 11:20:00+05:30,59094.95,59118.05,59078.2,59084.2,0
2025-12-16 11:25:00+05:30,59082.95,59119.75,59076.8,59106.15,0
2025-12-16 11:30:00+05:30,59108.35,59112.25,59060.25,59069.95,0
2025-12-16 11:35:00+05:30,59067.7,59072.8,59017.85,59034.8,0
2025-12-16 11:40:00+05:30,59031.3,59037.4,58998.75,59008.7,0
2025-12-16 11:45:00+05:30,59009.25,59021.65,58983.05,59014.4,0
2025-12-16 11:50:00+05:30,59014.55,59046.85,59012.5,59043.35,0
2025-12-16 11:55:00+05:30,59040.3,59083.8,59030.95,59076.5,0
2025-12-16 12:00:00+05:30,59078.8,59104.8,59070.95,59090.75,0
2025-12-16 12:05:00+05:30,59092.15,59097.35,59060.85,59065.4,0
2025-12-16 12:10:00+05:30,59062.7,59084.45,59048.85,59072.85,0
2025-12-16 12:15:00+05:30,59072.1,59093.65,59050.95,59093.05,0
2025-12-16 12:20:00+05:30,59092.95,59099.7,59066.55,59071.2,0
2025-12-16 12:25:00+05:30,59070.25,59138.25,59069.0,59120.15,0
2025-12-16 12:30:00+05:30,59116.0,59128.85,59084.4,59099.9,0
2025-12-16 12:35:00+05:30,59099.05,59109.7,59071.25,59101.85,0
2025-12-16 12:40:00+05:30,59098.4,59127.15,59086.05,59111.15,0
2025-12-16 12:45:00+05:30,59109.6,59109.6,59066.1,59076.75,0
2025-12-16 12:50:00+05:30,59075.25,59112.7,59054.9,59059.05,0
2025-12-16 12:55:00+05:30,59059.25,59093.85,59035.05,59085.35,0
2025-12-16 13:00:00+05:30,59086.3,59086.3,59047.75,59059.55,0
2025-12-16 13:05:00+05:30,59058.85,59059.55,59029.25,59040.2,0
2025-12-16 13:10:00+05:30,59037.5,59065.3,59025.55,59053.6,0
2025-12-16 13:15:00+05:30,59053.5,59080.4,59025.05,59042.9,0
2025-12-16 13:20:00+05:30,59043.1,59057.45,59041.3,59049.05,0
2025-12-16 13:25:00+05:30,59047.7,59062.25,59038.15,59049.65,0
2025-12-16 13:30:00+05:30,59049.85,59079.0,59048.5,59070.55,0
2025-12-16 13:35:00+05:30,59071.6,59104.35,59067.7,59100.35,0
2025-12-16 13:40:00+05:30,59102.05,59124.95,59071.15,59097.15,0
2025-12-16 13:45:00+05:30,59094.35,59166.95,59088.7,59155.8,0
2025-12-16 13:50:00+05:30,59152.25,59169.0,59127.3,59131.75,0
2025-12-16 13:55:00+05:30,59130.65,59137.15,59072.9,59083.3,0
2025-12-16 14:00:00+05:30,59083.0,59088.35,59053.0,59071.55,0
2025-12-16 14:05:00+05:30,59069.9,59092.2,59025.7,59035.6,0
2025-12-16 14:10:00+05:30,59042.6,59045.35,59018.5,59034.6,0
2025-12-16 14:15:00+05:30,59036.05,59052.85,59003.2,59003.2,0
2025-12-16 14:20:00+05:30,59004.2,59066.15,58991.65,59061.15,0
2025-12-16 14:25:00+05:30,59061.25,59093.95,59016.55,59080.4,0
2025-12-16 14:30:00+05:30,59082.75,59083.55,59025.45,59025.45,0
2025-12-16 14:35:00+05:30,59030.95,59065.65,59025.2,59034.3,0
2025-12-16 14:40:00+05:30,59035.35,59067.75,59033.35,59053.8,0
2025-12-16 14:45:00+05:30,59055.95,59093.95,59030.0,59050.25,0
2025-12-16 14:50:00+05:30,59053.35,59102.0,59040.2,59078.4,0
2025-12-16 14:55:00+05:30,59077.75,59107.65,59045.2,59075.5,0
2025-12-16 15:00:00+05:30,59074.8,59117.25,59061.85,59088.85,0
2025-12-16 15:05:00+05:30,59088.15,59108.35,59039.4,59050.25,0
2025-12-16 15:10:00+05:30,59050.75,59068.75,59017.9,59018.8,0
2025-12-16 15:15:00+05:30,59021.35,59029.6,58989.7,58992.35,0
2025-12-16 15:20:00+05:30,58994.05,59022.9,58966.35,58994.5,0
2025-12-16 15:25:00+05:30,59001.1,59030.5,58978.75,59010.6,0
2025-12-17 09:15:00+05:30,59072.8,59104.7,58930.65,58976.7,0
2025-12-17 09:20:00+05:30,58978.9,59105.65,58974.15,59098.95,0
2025-12-17 09:25:00+05:30,59104.6,59121.05,59027.8,59036.9,0
2025-12-17 09:30:00+05:30,59042.4,59076.0,58994.0,59067.9,0
2025-12-17 09:35:00+05:30,59070.2,59127.2,59053.75,59060.35,0
2025-12-17 09:40:00+05:30,59059.8,59068.6,58960.0,58969.45,0
2025-12-17 09:45:00+05:30,58970.9,58981.15,58893.95,58906.65,0
2025-12-17 09:50:00+05:30,58912.5,58956.45,58906.25,58950.3,0
2025-12-17 09:55:00+05:30,58950.4,59014.5,58929.35,58986.85,0
2025-12-17 10:00:00+05:30,58987.1,58994.15,58931.4,58935.0,0
2025-12-17 10:05:00+05:30,58936.95,58955.7,58905.95,58945.2,0
2025-12-17 10:10:00+05:30,58947.05,58964.6,58923.4,58956.0,0
2025-12-17 10:15:00+05:30,58959.1,58989.35,58923.6,58972.65,0
2025-12-17 10:20:00+05:30,58974.25,58981.9,58917.45,58917.45,0
2025-12-17 10:25:00+05:30,58920.6,58951.1,58872.55,58878.05,0
2025-12-17 10:30:00+05:30,58877.7,58923.9,58864.4,58906.45,0
2025-12-17 10:35:00+05:30,58905.15,58906.7,58875.4,58881.45,0
2025-12-17 10:40:00+05:30,58883.65,58901.95,58867.6,58892.5,0
2025-12-17 10:45:00+05:30,58891.3,58943.85,58876.5,58913.55,0
2025-12-17 10:50:00+05:30,58921.75,58930.15,58902.75,58915.65,0
2025-12-17 10:55:00+05:30,58914.25,58940.15,58874.9,58933.65,0
2025-12-17 11:00:00+05:30,58929.7,58958.45,58904.05,58938.95,0
2025-12-17 11:05:00+05:30,58939.15,58958.3,58932.3,58946.55,0
2025-12-17 11:10:00+05:30,58947.75,58978.05,58942.3,58970.85,0
2025-12-17 11:15:00+05:30,58969.8,59010.3,58967.5,58981.75,0
2025-12-17 11:20:00+05:30,58979.1,58984.0,58930.3,58945.2,0
2025-12-17 11:25:00+05:30,58947.2,58957.8,58906.4,58911.1,0
2025-12-17 11:30:00+05:30,58915.85,58938.9,58897.6,58926.95,0
2025-12-17 11:35:00+05:30,58931.5,58936.4,58907.5,58915.8,0
2025-12-17 11:40:00+05:30,58919.05,58958.65,58915.8,58943.65,0
2025-12-17 11:45:00+05:30,58943.35,59005.45,58933.25,58992.75,0
2025-12-17 11:50:00+05:30,58996.05,59020.5,58945.4,58966.0,0
2025-12-17 11:55:00+05:30,58965.25,58978.8,58935.8,58939.6,0
2025-12-17 12:00:00+05:30,58939.1,58944.8,58889.95,58902.95,0
2025-12-17 12:05:00+05:30,58902.4,58941.25,58897.85,58909.05,0
2025-12-17 12:10:00+05:30,58906.8,58947.2,58894.3,58899.55,0
2025-12-17 12:15:00+05:30,58901.0,58941.25,58892.55,58936.75,0
2025-12-17 12:20:00+05:30,58938.05,58940.75,58906.95,58909.1,0
2025-12-17 12:25:00+05:30,58912.75,58925.75,58879.05,58885.3,0
2025-12-17 12:30:00+05:30,58887.5,58904.2,58871.95,58893.7,0
2025-12-17 12:35:00+05:30,58894.95,58900.1,58871.3,58873.5,0
2025-12-17 12:40:00+05:30,58876.75,58900.8,58868.35,58896.05,0
2025-12-17 12:45:00+05:30,58898.3,58935.7,58891.95,58925.65,0
2025-12-17 12:50:00+05:30,58928.05,58951.7,58879.55,58880.6,0
2025-12-17 12:55:00+05:30,58883.95,58883.95,58846.55,58860.6,0
2025-12-17 13:00:00+05:30,58865.3,58881.8,58844.05,58876.8,0
2025-12-17 13:05:00+05:30,58879.75,58906.6,58861.75,58861.75,0
2025-12-17 13:10:00+05:30,58864.15,58883.25,58840.1,58847.85,0
2025-12-17 13:15:00+05:30,58847.0,58891.8,58837.0,58885.55,0
2025-12-17 13:20:00+05:30,58880.5,58914.5,58868.05,58909.35,0
2025-12-17 13:25:00+05:30,58909.45,58945.8,58897.0,58897.45,0
2025-12-17 13:30:00+05:30,58897.25,58912.0,58847.7,58855.6,0
2025-12-17 13:35:00+05:30,58854.1,58862.95,58820.35,58826.8,0
2025-12-17 13:40:00+05:30,58833.8,58849.25,58815.2,58832.85,0
2025-12-17 13:45:00+05:30,58834.6,58856.15,58820.95,58827.1,0
2025-12-17 13:50:00+05:30,58828.15,58842.85,58817.05,58831.85,0
2025-12-17 13:55:00+05:30,58835.2,58855.45,58801.4,58849.85,0
2025-12-17 14:00:00+05:30,58852.5,58861.45,58833.95,58854.85,0
2025-12-17 14:05:00+05:30,58854.6,58863.95,58835.65,58837.85,0
2025-12-17 14:10:00+05:30,58839.35,58867.75,58837.3,58863.9,0
2025-12-17 14:15:00+05:30,58865.6,58921.9,58857.05,58916.4,0
2025-12-17 14:20:00+05:30,58919.0,58933.05,58860.95,58869.9,0
2025-12-17 14:25:00+05:30,58871.45,58887.45,58855.85,58878.1,0
2025-12-17 14:30:00+05:30,58880.6,58939.2,58874.1,58935.55,0
2025-12-17 14:35:00+05:30,58935.95,58954.3,58857.9,58869.0,0
2025-12-17 14:40:00+05:30,58865.35,58903.5,58857.2,58890.05,0
2025-12-17 14:45:00+05:30,58888.4,58937.65,58874.85,58921.9,0
2025-12-17 14:50:00+05:30,58924.35,58953.0,58911.0,58930.45,0
2025-12-17 14:55:00+05:30,58932.6,58938.2,58901.85,58926.75,0
2025-12-17 15:00:00+05:30,58927.8,58949.4,58926.7,58937.25,0
2025-12-17 15:05:00+05:30,58934.65,58942.5,58912.8,58916.45,0
2025-12-17 15:10:00+05:30,58916.8,58931.0,58912.05,58921.05,0
2025-12-17 15:15:00+05:30,58923.75,58926.45,58892.95,58911.65,0
2025-12-17 15:20:00+05:30,58909.85,58962.95,58905.95,58958.8,0
2025-12-17 15:25:00+05:30,58959.35,58988.85,58946.5,58961.5,0
2025-12-18 09:15:00+05:30,58712.7,58884.7,58712.7,58823.5,0
2025-12-18 09:20:00+05:30,58821.3,58878.75,58816.3,58870.25,0
2025-12-18 09:25:00+05:30,58875.05,58895.05,58818.9,58830.25,0
2025-12-18 09:30:00+05:30,58820.05,58863.0,58808.3,58826.25,0
2025-12-18 09:35:00+05:30,58827.7,58863.5,58810.6,58848.3,0
2025-12-18 09:40:00+05:30,58852.4,58852.4,58770.55,58782.8,0
2025-12-18 09:45:00+05:30,58785.75,58795.8,58737.65,58777.1,0
2025-12-18 09:50:00+05:30,58772.5,58824.2,58748.15,58811.4,0
2025-12-18 09:55:00+05:30,58811.6,58855.8,58806.8,58836.75,0
2025-12-18 10:00:00+05:30,58838.4,58841.3,58794.35,58839.1,0
2025-12-18 10:05:00+05:30,58839.4,58947.2,58834.55,58946.5,0
2025-12-18 10:10:00+05:30,58948.1,59003.8,58913.9,58989.8,0
2025-12-18 10:15:00+05:30,58992.45,59079.2,58980.1,59075.2,0
2025-12-18 10:20:00+05:30,59076.85,59088.15,59042.0,59059.65,0
2025-12-18 10:25:00+05:30,59061.95,59092.4,59053.05,59078.7,0
2025-12-18 10:30:00+05:30,59078.05,59144.25,59074.4,59140.35,0
2025-12-18 10:35:00+05:30,59142.7,59145.55,59103.05,59130.55,0
2025-12-18 10:40:00+05:30,59131.85,59173.95,59127.45,59143.85,0
2025-12-18 10:45:00+05:30,59144.65,59174.95,59119.8,59124.3,0
2025-12-18 10:50:00+05:30,59118.95,59125.45,59099.2,59115.35,0
2025-12-18 10:55:00+05:30,59115.95,59136.95,59100.05,59123.4,0
2025-12-18 11:00:00+05:30,59123.55,59127.55,59058.25,59061.25,0
2025-12-18 11:05:00+05:30,59060.8,59116.6,59060.8,59100.15,0
2025-12-18 11:10:00+05:30,59098.9,59101.1,59082.7,59096.75,0
2025-12-18 11:15:00+05:30,59099.55,59099.55,59049.25,59056.6,0
2025-12-18 11:20:00+05:30,59055.9,59127.6,59050.9,59121.45,0
2025-12-18 11:25:00+05:30,59120.3,59134.25,59101.3,59132.05,0
2025-12-18 11:30:00+05:30,59132.25,59147.05,59117.15,59121.2,0
2025-12-18 11:35:00+05:30,59119.55,59124.15,59101.75,59118.85,0
2025-12-18 11:40:00+05:30,59120.9,59121.2,59073.95,59081.2,0
2025-12-18 11:45:00+05:30,59084.4,59108.9,59068.8,59102.85,0
2025-12-18 11:50:00+05:30,59104.25,59148.3,59095.75,59126.55,0
2025-12-18 11:55:00+05:30,59128.15,59146.25,59105.6,59109.9,0
2025-12-18 12:00:00+05:30,59111.55,59140.25,59101.05,59111.6,0
2025-12-18 12:05:00+05:30,59112.85,59150.5,59092.35,59137.65,0
2025-12-18 12:10:00+05:30,59138.55,59176.2,59121.55,59166.65,0
2025-12-18 12:15:00+05:30,59166.3,59195.3,59135.35,59137.75,0
2025-12-18 12:20:00+05:30,59139.9,59156.9,59120.45,59131.9,0
2025-12-18 12:25:00+05:30,59128.7,59176.35,59105.4,59166.45,0
2025-12-18 12:30:00+05:30,59168.45,59191.4,59155.4,59181.4,0
2025-12-18 12:35:00+05:30,59184.65,59201.0,59159.7,59189.6,0
2025-12-18 12:40:00+05:30,59190.6,59201.35,59183.15,59186.8,0
2025-12-18 12:45:00+05:30,59185.0,59211.0,59167.4,59172.55,0
2025-12-18 12:50:00+05:30,59172.3,59176.3,59138.4,59142.05,0
2025-12-18 12:55:00+05:30,59139.65,59167.85,59115.75,59138.65,0
2025-12-18 13:00:00+05:30,59137.35,59140.1,59103.05,59134.75,0
2025-12-18 13:05:00+05:30,59135.2,59140.75,59114.1,59130.85,0
2025-12-18 13:10:00+05:30,59130.15,59141.15,59104.55,59112.2,0
2025-12-18 13:15:00+05:30,59114.75,59114.75,59079.45,59080.95,0
2025-12-18 13:20:00+05:30,59082.85,59102.6,59068.65,59102.6,0
2025-12-18 13:25:00+05:30,59105.4,59126.4,59087.35,59094.2,0
2025-12-18 13:30:00+05:30,59097.8,59102.65,59052.15,59052.15,0
2025-12-18 13:35:00+05:30,59052.85,59085.15,59041.15,59066.05,0
2025-12-18 13:40:00+05:30,59067.8,59070.65,59039.0,59040.45,0
2025-12-18 13:45:00+05:30,59041.25,59063.8,59015.55,59053.25,0
2025-12-18 13:50:00+05:30,59054.3,59092.0,59043.05,59078.75,0
2025-12-18 13:55:00+05:30,59078.8,59085.55,59048.5,59056.85,0
2025-12-18 14:00:00+05:30,59058.0,59060.2,58999.35,59022.6,0
2025-12-18 14:05:00+05:30,59021.95,59021.95,58966.0,58980.75,0
2025-12-18 14:10:00+05:30,58979.85,58979.85,58950.75,58961.95,0
2025-12-18 14:15:00+05:30,58962.95,59000.7,58950.85,58985.2,0
2025-12-18 14:20:00+05:30,58989.8,59001.9,58902.3,58903.75,0
2025-12-18 14:25:00+05:30,58907.45,58931.45,58890.0,58927.55,0
2025-12-18 14:30:00+05:30,58944.75,58991.75,58917.9,58931.95,0
2025-12-18 14:35:00+05:30,58931.1,58951.15,58902.1,58913.0,0
2025-12-18 14:40:00+05:30,58913.8,58930.25,58888.05,58925.45,0
2025-12-18 14:45:00+05:30,58926.9,58951.1,58917.55,58933.35,0
2025-12-18 14:50:00+05:30,58936.4,58941.75,58882.15,58923.9,0
2025-12-18 14:55:00+05:30,58923.5,58960.65,58894.4,58899.9,0
2025-12-18 15:00:00+05:30,58901.5,58959.1,58900.45,58951.8,0
2025-12-18 15:05:00+05:30,58952.9,58959.45,58888.25,58909.2,0
2025-12-18 15:10:00+05:30,58912.05,58938.2,58903.35,58933.9,0
2025-12-18 15:15:00+05:30,58932.95,58938.7,58908.2,58919.1,0
2025-12-18 15:20:00+05:30,58917.6,58926.6,58900.25,58916.95,0
2025-12-18 15:25:00+05:30,58917.65,58926.1,58877.55,58905.25,0
2025-12-19 09:15:00+05:30,59047.4,59047.85,58947.0,59022.95,0
2025-12-19 09:20:00+05:30,59021.5,59084.35,58996.35,59051.05,0
2025-12-19 09:25:00+05:30,59049.55,59096.0,59018.95,59094.35,0
2025-12-19 09:30:00+05:30,59097.05,59134.75,59065.5,59085.75,0
2025-12-19 09:35:00+05:30,59087.4,59089.1,59056.35,59085.8,0
2025-12-19 09:40:00+05:30,59084.05,59096.55,59061.3,59075.75,0
2025-12-19 09:45:00+05:30,59077.55,59094.65,59009.05,59013.3,0
2025-12-19 09:50:00+05:30,59011.15,59044.6,59006.85,59039.25,0
2025-12-19 09:55:00+05:30,59034.4,59071.05,59016.65,59066.3,0
2025-12-19 10:00:00+05:30,59064.65,59092.7,59063.4,59072.1,0
2025-12-19 10:05:00+05:30,59072.0,59075.3,58979.15,59045.25,0
2025-12-19 10:10:00+05:30,59045.7,59054.3,59011.1,59018.05,0
2025-12-19 10:15:00+05:30,59018.15,59055.0,59003.95,59041.45,0
2025-12-19 10:20:00+05:30,59043.5,59054.7,59030.45,59046.35,0
2025-12-19 10:25:00+05:30,59045.95,59082.65,59034.55,59076.3,0
2025-12-19 10:30:00+05:30,59076.4,59085.9,59057.8,59079.35,0
2025-12-19 10:35:00+05:30,59079.9,59084.0,59060.2,59080.4,0
2025-12-19 10:40:00+05:30,59077.35,59121.15,59077.15,59095.8,0
2025-12-19 10:45:00+05:30,59097.95,59113.7,59065.45,59069.95,0
2025-12-19 10:50:00+05:30,59069.25,59096.65,59067.5,59079.05,0
2025-12-19 10:55:00+05:30,59080.2,59081.55,59050.1,59058.1,0
2025-12-19 11:00:00+05:30,59058.2,59072.45,58997.1,59013.0,0
2025-12-19 11:05:00+05:30,59013.2,59017.5,58977.95,58999.1,0
2025-12-19 11:10:00+05:30,59002.6,59021.25,58984.25,59009.6,0
2025-12-19 11:15:00+05:30,59009.5,59027.2,58998.35,59011.9,0
2025-12-19 11:20:00+05:30,59010.3,59030.25,58991.45,59002.55,0
2025-12-19 11:25:00+05:30,59004.2,59010.0,58958.6,58975.6,0
2025-12-19 11:30:00+05:30,58974.6,58987.2,58952.0,58979.6,0
2025-12-19 11:35:00+05:30,58978.5,59009.9,58971.3,58989.65,0
2025-12-19 11:40:00+05:30,58989.8,58990.9,58938.05,58944.95,0
2025-12-19 11:45:00+05:30,58941.8,58942.7,58897.5,58919.25,0
2025-12-19 11:50:00+05:30,58921.55,58950.05,58914.65,58920.8,0
2025-12-19 11:55:00+05:30,58923.65,58947.8,58911.85,58936.0,0
2025-12-19 12:00:00+05:30,58938.25,59015.3,58933.4,58990.2,0
2025-12-19 12:05:00+05:30,58991.3,59042.35,58982.2,59025.0,0
2025-12-19 12:10:00+05:30,59025.45,59030.4,58988.2,59007.5,0
2025-12-19 12:15:00+05:30,59010.15,59021.95,58991.25,58995.6,0
2025-12-19 12:20:00+05:30,58996.05,59007.0,58980.9,58985.85,0
2025-12-19 12:25:00+05:30,58985.55,59010.55,58974.8,58984.75,0
2025-12-19 12:30:00+05:30,58986.55,59023.85,58980.9,59019.0,0
2025-12-19 12:35:00+05:30,59022.35,59026.2,58999.85,59023.95,0
2025-12-19 12:40:00+05:30,59019.8,59029.05,59012.7,59018.0,0
2025-12-19 12:45:00+05:30,59021.55,59030.05,58999.7,59003.15,0
2025-12-19 12:50:00+05:30,59004.85,59035.65,58990.2,59011.55,0
2025-12-19 12:55:00+05:30,59013.5,59032.45,59004.85,59022.15,0
2025-12-19 13:00:00+05:30,59021.1,59023.15,58988.3,58992.7,0
2025-12-19 13:05:00+05:30,58995.15,59003.35,58963.05,58976.3,0
2025-12-19 13:10:00+05:30,58978.2,58987.8,58924.5,58952.15,0
2025-12-19 13:15:00+05:30,58949.75,59016.75,58935.85,59012.45,0
2025-12-19 13:20:00+05:30,59014.25,59037.25,59000.05,59025.6,0
2025-12-19 13:25:00+05:30,59023.25,59034.55,58996.65,59016.65,0
2025-12-19 13:30:00+05:30,59017.85,59062.45,59017.8,59046.55,0
2025-12-19 13:35:00+05:30,59046.0,59083.1,59041.85,59065.25,0
2025-12-19 13:40:00+05:30,59066.15,59096.6,59054.6,59096.6,0
2025-12-19 13:45:00+05:30,59094.65,59124.6,59087.9,59116.45,0
2025-12-19 13:50:00+05:30,59113.25,59122.6,59101.8,59101.8,0
2025-12-19 13:55:00+05:30,59105.2,59119.75,59096.55,59109.05,0
2025-12-19 14:00:00+05:30,59114.2,59125.25,59067.7,59089.7,0
2025-12-19 14:05:00+05:30,59091.4,59106.6,59063.35,59074.8,0
2025-12-19 14:10:00+05:30,59080.05,59080.3,59058.95,59070.25,0
2025-12-19 14:15:00+05:30,59069.55,59096.75,59063.0,59093.95,0
2025-12-19 14:20:00+05:30,59094.95,59123.45,59082.4,59119.2,0
2025-12-19 14:25:00+05:30,59121.6,59134.05,59070.15,59075.55,0
2025-12-19 14:30:00+05:30,59077.45,59099.0,59064.9,59069.75,0
2025-12-19 14:35:00+05:30,59066.4,59103.5,59064.8,59099.9,0
2025-12-19 14:40:00+05:30,59098.0,59115.0,59086.65,59113.75,0
2025-12-19 14:45:00+05:30,59113.1,59140.55,59108.6,59135.2,0
2025-12-19 14:50:00+05:30,59134.75,59134.8,59095.5,59097.55,0
2025-12-19 14:55:00+05:30,59098.1,59108.25,59081.7,59082.4,0
2025-12-19 15:00:00+05:30,59080.9,59089.6,59047.45,59082.15,0
2025-12-19 15:05:00+05:30,59078.35,59085.85,59063.95,59083.85,0
2025-12-19 15:10:00+05:30,59085.35,59091.3,59071.4,59080.0,0
2025-12-19 15:15:00+05:30,59080.8,59080.8,59058.1,59074.6,0
2025-12-19 15:20:00+05:30,59072.35,59080.55,59059.1,59071.3,0
2025-12-19 15:25:00+05:30,59070.3,59083.0,59026.7,59046.8,0
2025-12-22 09:15:00+05:30,59224.75,59270.65,59155.5,59254.6,0
2025-12-22 09:20:00+05:30,59258.7,59340.45,59257.6,59323.2,0
2025-12-22 09:25:00+05:30,59319.3,59371.2,59306.5,59343.3,0
2025-12-22 09:30:00+05:30,59339.7,59361.85,59311.5,59327.8,0
2025-12-22 09:35:00+05:30,59330.1,59353.1,59285.95,59288.5,0
2025-12-22 09:40:00+05:30,59288.1,59297.25,59270.95,59293.65,0
2025-12-22 09:45:00+05:30,59291.55,59340.7,59275.65,59286.05,0
2025-12-22 09:50:00+05:30,59289.2,59320.7,59285.15,59296.7,0
2025-12-22 09:55:00+05:30,59300.55,59346.45,59293.0,59336.4,0
2025-12-22 10:00:00+05:30,59336.75,59351.85,59319.7,59343.35,0
2025-12-22 10:05:00+05:30,59344.5,59352.75,59307.85,59311.3,0
2025-12-22 10:10:00+05:30,59312.95,59317.45,59292.4,59307.85,0
2025-12-22 10:15:00+05:30,59307.4,59318.85,59274.8,59297.7,0
2025-12-22 10:20:00+05:30,59296.5,59299.5,59270.1,59280.05,0
2025-12-22 10:25:00+05:30,59277.6,59285.6,59256.7,59285.6,0
2025-12-22 10:30:00+05:30,59282.45,59289.0,59250.6,59263.6,0
2025-12-22 10:35:00+05:30,59271.15,59275.7,59235.15,59244.4,0
2025-12-22 10:40:00+05:30,59244.8,59268.7,59226.8,59263.0,0
2025-12-22 10:45:00+05:30,59263.3,59298.95,59251.8,59291.95,0
2025-12-22 10:50:00+05:30,59289.05,59310.25,59278.9,59300.9,0
2025-12-22 10:55:00+05:30,59304.25,59310.45,59284.45,59306.15,0
2025-12-22 11:00:00+05:30,59307.1,59316.15,59261.85,59267.9,0
2025-12-22 11:05:00+05:30,59269.55,59269.55,59236.3,59252.55,0
2025-12-22 11:10:00+05:30,59252.25,59264.25,59228.0,59239.45,0
2025-12-22 11:15:00+05:30,59238.2,59263.25,59232.75,59246.5,0
2025-12-22 11:20:00+05:30,59245.9,59266.7,59234.95,59265.55,0
2025-12-22 11:25:00+05:30,59266.25,59289.0,59262.9,59278.8,0
2025-12-22 11:30:00+05:30,59284.2,59294.3,59235.6,59249.1,0
2025-12-22 11:35:00+05:30,59248.5,59266.35,59246.35,59251.2,0
2025-12-22 11:40:00+05:30,59255.25,59271.9,59247.5,59262.9,0
2025-12-22 11:45:00+05:30,59263.7,59281.3,59246.55,59281.3,0
2025-12-22 11:50:00+05:30,59277.7,59293.05,59267.4,59280.35,0
2025-12-22 11:55:00+05:30,59282.75,59288.85,59261.35,59285.55,0
2025-12-22 12:00:00+05:30,59285.6,59306.15,59274.6,59289.9,0
2025-12-22 12:05:00+05:30,59287.65,59312.9,59285.35,59304.3,0
2025-12-22 12:10:00+05:30,59304.15,59312.85,59270.95,59281.2,0
2025-12-22 12:15:00+05:30,59280.2,59311.95,59271.55,59306.85,0
2025-12-22 12:20:00+05:30,59306.6,59312.45,59281.9,59281.95,0
2025-12-22 12:25:00+05:30,59280.3,59300.85,59268.5,59282.85,0
2025-12-22 12:30:00+05:30,59280.75,59293.55,59269.8,59269.8,0
2025-12-22 12:35:00+05:30,59268.7,59283.25,59256.85,59266.15,0
2025-12-22 12:40:00+05:30,59263.4,59272.75,59214.65,59216.65,0
2025-12-22 12:45:00+05:30,59216.1,59227.6,59183.6,59206.0,0
2025-12-22 12:50:00+05:30,59203.95,59274.15,59195.35,59266.7,0
2025-12-22 12:55:00+05:30,59271.3,59272.65,59223.15,59238.05,0
2025-12-22 13:00:00+05:30,59238.5,59252.15,59228.45,59247.2,0
2025-12-22 13:05:00+05:30,59246.9,59265.25,59230.6,59258.95,0
2025-12-22 13:10:00+05:30,59257.3,59276.45,59250.85,59265.6,0
2025-12-22 13:15:00+05:30,59273.8,59281.25,59249.95,59273.45,0
2025-12-22 13:20:00+05:30,59272.0,59293.45,59261.9,59287.25,0
2025-12-22 13:25:00+05:30,59291.2,59293.2,59271.7,59289.25,0
2025-12-22 13:30:00+05:30,59289.35,59313.05,59276.45,59305.7,0
2025-12-22 13:35:00+05:30,59305.4,59310.25,59255.45,59264.05,0
2025-12-22 13:40:00+05:30,59265.05,59294.9,59259.5,59278.0,0
2025-12-22 13:45:00+05:30,59282.65,59298.65,59268.35,59288.15,0
2025-12-22 13:50:00+05:30,59293.55,59304.85,59287.85,59291.15,0
2025-12-22 13:55:00+05:30,59292.7,59311.45,59289.6,59301.2,0
2025-12-22 14:00:00+05:30,59302.45,59324.5,59293.55,59309.1,0
2025-12-22 14:05:00+05:30,59308.95,59313.6,59263.3,59263.3,0
2025-12-22 14:10:00+05:30,59264.2,59291.0,59250.85,59283.15,0
2025-12-22 14:15:00+05:30,59284.2,59294.0,59257.5,59258.8,0
2025-12-22 14:20:00+05:30,59258.05,59305.4,59245.45,59303.55,0
2025-12-22 14:25:00+05:30,59304.1,59323.6,59297.1,59319.15,0
2025-12-22 14:30:00+05:30,59318.65,59325.9,59294.8,59314.05,0
2025-12-22 14:35:00+05:30,59313.95,59339.45,59293.45,59306.7,0
2025-12-22 14:40:00+05:30,59308.45,59309.25,59279.35,59291.2,0
2025-12-22 14:45:00+05:30,59291.8,59304.8,59275.7,59279.1,0
2025-12-22 14:50:00+05:30,59276.65,59306.75,59270.3,59284.25,0
2025-12-22 14:55:00+05:30,59283.75,59302.85,59275.5,59296.8,0
2025-12-22 15:00:00+05:30,59296.3,59327.25,59296.3,59306.6,0
2025-12-22 15:05:00+05:30,59307.85,59330.25,59297.95,59311.15,0
2025-12-22 15:10:00+05:30,59310.95,59318.25,59304.2,59313.5,0
2025-12-22 15:15:00+05:30,59314.05,59316.05,59282.95,59288.8,0
2025-12-22 15:20:00+05:30,59290.85,59303.0,59280.3,59294.45,0
2025-12-22 15:25:00+05:30,59292.85,59309.2,59274.25,59284.1,0
2025-12-23 09:15:00+05:30,59334.35,59402.35,59287.5,59369.2,0
2025-12-23 09:20:00+05:30,59371.85,59378.4,59319.75,59327.45,0
2025-12-23 09:25:00+05:30,59327.9,59338.55,59308.85,59311.7,0
2025-12-23 09:30:00+05:30,59310.6,59316.55,59259.3,59272.2,0
2025-12-23 09:35:00+05:30,59272.35,59290.95,59236.55,59255.05,0
2025-12-23 09:40:00+05:30,59245.2,59261.25,59219.7,59231.55,0
2025-12-23 09:45:00+05:30,59232.55,59278.6,59216.75,59275.15,0
2025-12-23 09:50:00+05:30,59275.75,59288.7,59259.7,59276.55,0
2025-12-23 09:55:00+05:30,59280.95,59322.55,59273.85,59315.4,0
2025-12-23 10:00:00+05:30,59314.85,59353.4,59313.45,59336.55,0
2025-12-23 10:05:00+05:30,59338.9,59359.4,59334.7,59354.8,0
2025-12-23 10:10:00+05:30,59354.9,59377.9,59347.5,59361.5,0
2025-12-23 10:15:00+05:30,59364.9,59368.05,59309.6,59310.4,0
2025-12-23 10:20:00+05:30,59311.45,59314.4,59278.85,59290.75,0
2025-12-23 10:25:00+05:30,59289.6,59315.15,59279.75,59312.5,0
2025-12-23 10:30:00+05:30,59313.95,59338.5,59306.35,59312.9,0
2025-12-23 10:35:00+05:30,59314.1,59316.35,59286.2,59295.2,0
2025-12-23 10:40:00+05:30,59299.25,59323.15,59291.95,59320.25,0
2025-12-23 10:45:00+05:30,59322.55,59337.15,59307.75,59313.45,0
2025-12-23 10:50:00+05:30,59315.7,59352.5,59314.6,59339.35,0
2025-12-23 10:55:00+05:30,59336.4,59340.65,59307.35,59315.0,0
2025-12-23 11:00:00+05:30,59316.2,59335.9,59289.0,59300.55,0
2025-12-23 11:05:00+05:30,59305.45,59328.2,59302.2,59320.7,0
2025-12-23 11:10:00+05:30,59322.8,59352.8,59313.1,59319.9,0
2025-12-23 11:15:00+05:30,59321.9,59334.9,59302.9,59331.35,0
2025-12-23 11:20:00+05:30,59332.1,59338.25,59314.6,59329.5,0
2025-12-23 11:25:00+05:30,59331.1,59333.6,59298.75,59315.15,0
2025-12-23 11:30:00+05:30,59312.1,59312.1,59277.95,59287.1,0
2025-12-23 11:35:00+05:30,59290.5,59290.5,59256.0,59259.45,0
2025-12-23 11:40:00+05:30,59261.6,59272.0,59247.0,59255.75,0
2025-12-23 11:45:00+05:30,59259.3,59261.3,59230.8,59242.45,0
2025-12-23 11:50:00+05:30,59245.65,59287.05,59242.15,59263.75,0
2025-12-23 11:55:00+05:30,59261.15,59286.55,59260.1,59272.55,0
2025-12-23 12:00:00+05:30,59272.15,59289.25,59262.2,59288.8,0
2025-12-23 12:05:00+05:30,59287.25,59303.8,59272.85,59287.25,0
2025-12-23 12:10:00+05:30,59287.75,59294.15,59273.5,59275.0,0
2025-12-23 12:15:00+05:30,59278.2,59286.45,59253.5,59268.9,0
2025-12-23 12:20:00+05:30,59274.1,59279.3,59253.9,59271.3,0
2025-12-23 12:25:00+05:30,59270.5,59282.7,59257.85,59261.85,0
2025-12-23 12:30:00+05:30,59265.6,59267.65,59233.2,59233.2,0
2025-12-23 12:35:00+05:30,59238.95,59264.1,59230.4,59236.25,0
2025-12-23 12:40:00+05:30,59240.5,59267.35,59237.65,59255.95,0
2025-12-23 12:45:00+05:30,59256.15,59305.9,59251.75,59296.1,0
2025-12-23 12:50:00+05:30,59296.5,59304.85,59271.05,59283.65,0
2025-12-23 12:55:00+05:30,59285.95,59299.1,59281.1,59290.85,0
2025-12-23 13:00:00+05:30,59295.1,59325.55,59285.8,59299.25,0
2025-12-23 13:05:00+05:30,59299.7,59305.35,59289.9,59305.35,0
2025-12-23 13:10:00+05:30,59300.4,59311.1,59296.9,59303.15,0
2025-12-23 13:15:00+05:30,59303.45,59327.4,59292.95,59314.0,0
2025-12-23 13:20:00+05:30,59312.9,59322.55,59308.4,59316.1,0
2025-12-23 13:25:00+05:30,59316.15,59341.75,59311.75,59336.0,0
2025-12-23 13:30:00+05:30,59336.4,59344.3,59323.5,59329.0,0
2025-12-23 13:35:00+05:30,59330.15,59346.0,59319.25,59342.15,0
2025-12-23 13:40:00+05:30,59344.1,59345.9,59302.0,59305.95,0
2025-12-23 13:45:00+05:30,59307.5,59335.55,59304.05,59315.55,0
2025-12-23 13:50:00+05:30,59316.1,59318.35,59290.3,59299.6,0
2025-12-23 13:55:00+05:30,59302.45,59325.9,59298.9,59325.9,0
2025-12-23 14:00:00+05:30,59323.85,59343.35,59301.05,59322.85,0
2025-12-23 14:05:00+05:30,59323.15,59326.7,59292.15,59305.0,0
2025-12-23 14:10:00+05:30,59310.75,59343.2,59304.1,59330.85,0
2025-12-23 14:15:00+05:30,59332.95,59370.15,59326.25,59351.25,0
2025-12-23 14:20:00+05:30,59352.6,59358.8,59313.7,59349.55,0
2025-12-23 14:25:00+05:30,59353.35,59365.25,59323.9,59331.15,0
2025-12-23 14:30:00+05:30,59332.35,59342.85,59297.6,59304.6,0
2025-12-23 14:35:00+05:30,59305.8,59337.4,59289.6,59331.55,0
2025-12-23 14:40:00+05:30,59334.5,59336.1,59263.85,59263.85,0
2025-12-23 14:45:00+05:30,59263.4,59297.75,59255.2,59292.05,0
2025-12-23 14:50:00+05:30,59292.2,59328.6,59271.15,59306.35,0
2025-12-23 14:55:00+05:30,59305.95,59316.7,59283.15,59310.5,0
2025-12-23 15:00:00+05:30,59307.95,59337.55,59266.6,59322.75,0
2025-12-23 15:05:00+05:30,59325.75,59340.85,59286.0,59308.7,0
2025-12-23 15:10:00+05:30,59307.8,59332.3,59284.75,59328.7,0
2025-12-23 15:15:00+05:30,59325.45,59331.25,59277.55,59291.95,0
2025-12-23 15:20:00+05:30,59293.95,59321.7,59273.3,59275.05,0
2025-12-23 15:25:00+05:30,59274.6,59290.95,59255.4,59276.55,0
2025-12-24 09:15:00+05:30,59322.95,59394.35,59251.65,59386.45,0
2025-12-24 09:20:00+05:30,59380.15,59424.45,59375.95,59394.05,0
2025-12-24 09:25:00+05:30,59386.4,59427.3,59379.9,59408.25,0
2025-12-24 09:30:00+05:30,59415.15,59478.15,59405.95,59460.55,0
2025-12-24 09:35:00+05:30,59462.95,59472.65,59434.75,59441.2,0
2025-12-24 09:40:00+05:30,59433.55,59457.4,59410.1,59446.95,0
2025-12-24 09:45:00+05:30,59452.85,59468.85,59400.5,59403.8,0
2025-12-24 09:50:00+05:30,59405.75,59446.2,59399.0,59407.8,0
2025-12-24 09:55:00+05:30,59408.1,59428.6,59384.75,59412.35,0
2025-12-24 10:00:00+05:30,59411.7,59425.35,59392.25,59399.6,0
2025-12-24 10:05:00+05:30,59406.85,59418.9,59370.55,59395.0,0
2025-12-24 10:10:00+05:30,59392.9,59426.3,59385.05,59416.7,0
2025-12-24 10:15:00+05:30,59413.15,59452.7,59403.05,59427.55,0
2025-12-24 10:20:00+05:30,59429.85,59442.9,59413.75,59418.7,0
2025-12-24 10:25:00+05:30,59420.8,59438.95,59405.0,59433.2,0
2025-12-24 10:30:00+05:30,59432.25,59438.95,59408.4,59437.25,0
2025-12-24 10:35:00+05:30,59437.5,59441.65,59403.7,59428.1,0
2025-12-24 10:40:00+05:30,59424.75,59427.75,59379.25,59379.25,0
2025-12-24 10:45:00+05:30,59386.6,59398.8,59370.05,59374.05,0
2025-12-24 10:50:00+05:30,59377.75,59391.85,59359.25,59386.3,0
2025-12-24 10:55:00+05:30,59383.65,59415.5,59371.9,59409.75,0
2025-12-24 11:00:00+05:30,59409.45,59422.1,59375.15,59385.05,0
2025-12-24 11:05:00+05:30,59385.3,59394.7,59366.9,59390.05,0
2025-12-24 11:10:00+05:30,59384.45,59398.8,59369.3,59398.55,0
2025-12-24 11:15:00+05:30,59396.9,59411.95,59377.75,59381.05,0
2025-12-24 11:20:00+05:30,59385.7,59406.35,59374.55,59387.3,0
2025-12-24 11:25:00+05:30,59386.5,59403.8,59363.1,59399.2,0
2025-12-24 11:30:00+05:30,59403.35,59408.75,59382.7,59398.55,0
2025-12-24 11:35:00+05:30,59399.45,59401.75,59358.55,59367.1,0
2025-12-24 11:40:00+05:30,59370.4,59393.65,59338.35,59346.45,0
2025-12-24 11:45:00+05:30,59347.3,59348.9,59319.1,59342.2,0
2025-12-24 11:50:00+05:30,59339.6,59343.05,59320.2,59334.95,0
2025-12-24 11:55:00+05:30,59333.65,59357.75,59327.7,59348.2,0
2025-12-24 12:00:00+05:30,59351.05,59352.65,59324.8,59349.0,0
2025-12-24 12:05:00+05:30,59349.65,59363.35,59326.1,59337.4,0
2025-12-24 12:10:00+05:30,59336.25,59347.95,59328.35,59343.35,0
2025-12-24 12:15:00+05:30,59336.8,59364.5,59335.75,59344.2,0
2025-12-24 12:20:00+05:30,59349.8,59359.9,59324.5,59332.3,0
2025-12-24 12:25:00+05:30,59329.3,59350.45,59322.0,59335.7,0
2025-12-24 12:30:00+05:30,59333.85,59356.35,59324.45,59341.0,0
2025-12-24 12:35:00+05:30,59339.0,59352.1,59327.9,59335.35,0
2025-12-24 12:40:00+05:30,59331.45,59336.7,59305.45,59308.85,0
2025-12-24 12:45:00+05:30,59309.15,59336.3,59309.15,59326.35,0
2025-12-24 12:50:00+05:30,59326.65,59333.65,59307.1,59312.6,0
2025-12-24 12:55:00+05:30,59311.55,59331.1,59300.35,59328.95,0
2025-12-24 13:00:00+05:30,59328.35,59328.8,59296.45,59303.75,0
2025-12-24 13:05:00+05:30,59305.95,59305.95,59253.7,59272.75,0
2025-12-24 13:10:00+05:30,59268.6,59274.35,59239.5,59251.45,0
2025-12-24 13:15:00+05:30,59252.75,59254.0,59211.3,59215.5,0
2025-12-24 13:20:00+05:30,59216.6,59237.8,59204.05,59207.8,0
2025-12-24 13:25:00+05:30,59208.15,59230.9,59196.85,59223.3,0
2025-12-24 13:30:00+05:30,59227.95,59227.95,59158.55,59189.7,0
2025-12-24 13:35:00+05:30,59193.2,59200.15,59168.45,59190.35,0
2025-12-24 13:40:00+05:30,59188.55,59205.6,59168.65,59199.25,0
2025-12-24 13:45:00+05:30,59197.6,59217.6,59188.25,59214.7,0
2025-12-24 13:50:00+05:30,59215.6,59234.0,59202.7,59224.75,0
2025-12-24 13:55:00+05:30,59224.6,59232.75,59184.8,59192.85,0
2025-12-24 14:00:00+05:30,59188.4,59194.95,59168.1,59192.2,0
2025-12-24 14:05:00+05:30,59189.6,59203.65,59163.75,59203.5,0
2025-12-24 14:10:00+05:30,59203.05,59212.15,59182.2,59201.55,0
2025-12-24 14:15:00+05:30,59207.8,59226.7,59185.75,59212.5,0
2025-12-24 14:20:00+05:30,59218.0,59224.4,59196.0,59207.05,0
2025-12-24 14:25:00+05:30,59206.6,59210.85,59162.7,59197.35,0
2025-12-24 14:30:00+05:30,59199.1,59230.75,59189.1,59203.1,0
2025-12-24 14:35:00+05:30,59202.25,59220.4,59178.1,59218.05,0
2025-12-24 14:40:00+05:30,59218.5,59223.7,59188.85,59213.6,0
2025-12-24 14:45:00+05:30,59217.55,59235.65,59208.4,59208.4,0
2025-12-24 14:50:00+05:30,59213.0,59216.15,59175.5,59212.4,0
2025-12-24 14:55:00+05:30,59214.05,59240.9,59212.55,59232.9,0
2025-12-24 15:00:00+05:30,59235.5,59255.55,59168.2,59227.65,0
2025-12-24 15:05:00+05:30,59226.0,59245.25,59171.5,59174.75,0
2025-12-24 15:10:00+05:30,59175.0,59218.95,59161.75,59201.75,0
2025-12-24 15:15:00+05:30,59202.3,59211.0,59161.3,59172.55,0
2025-12-24 15:20:00+05:30,59170.15,59186.95,59118.25,59143.55,0
2025-12-24 15:25:00+05:30,59150.6,59161.0,59121.5,59135.4,0
2025-12-26 09:15:00+05:30,59092.85,59180.65,59072.45,59149.15,0
2025-12-26 09:20:00+05:30,59140.2,59160.2,59111.55,59132.25,0
2025-12-26 09:25:00+05:30,59133.95,59176.8,59121.35,59169.55,0
2025-12-26 09:30:00+05:30,59175.7,59178.3,59100.1,59123.55,0
2025-12-26 09:35:00+05:30,59120.9,59125.25,59094.85,59097.05,0
2025-12-26 09:40:00+05:30,59101.9,59121.9,59081.85,59091.2,0
2025-12-26 09:45:00+05:30,59091.4,59129.2,59090.1,59123.65,0
2025-12-26 09:50:00+05:30,59124.15,59137.45,59088.3,59112.15,0
2025-12-26 09:55:00+05:30,59119.9,59154.6,59104.45,59135.0,0
2025-12-26 10:00:00+05:30,59135.8,59151.5,59101.0,59149.25,0
2025-12-26 10:05:00+05:30,59144.35,59154.1,59124.8,59131.3,0
2025-12-26 10:10:00+05:30,59134.1,59138.6,59107.4,59115.3,0
2025-12-26 10:15:00+05:30,59110.7,59128.9,59097.05,59116.7,0
2025-12-26 10:20:00+05:30,59115.95,59128.75,59101.0,59115.35,0
2025-12-26 10:25:00+05:30,59106.9,59133.95,59101.1,59119.6,0
2025-12-26 10:30:00+05:30,59122.35,59142.2,59113.8,59122.3,0
2025-12-26 10:35:00+05:30,59124.5,59148.0,59116.15,59135.35,0
2025-12-26 10:40:00+05:30,59136.2,59163.25,59135.7,59156.05,0
2025-12-26 10:45:00+05:30,59155.45,59165.3,59132.1,59135.3,0
2025-12-26 10:50:00+05:30,59141.1,59146.15,59129.15,59134.1,0
2025-12-26 10:55:00+05:30,59130.7,59136.8,59094.7,59110.25,0
2025-12-26 11:00:00+05:30,59119.1,59121.5,59098.5,59112.15,0
2025-12-26 11:05:00+05:30,59112.3,59119.8,59081.65,59099.25,0
2025-12-26 11:10:00+05:30,59097.5,59107.75,59070.8,59078.75,0
2025-12-26 11:15:00+05:30,59078.7,59086.3,59061.35,59073.9,0
2025-12-26 11:20:00+05:30,59068.85,59081.6,59050.75,59057.5,0
2025-12-26 11:25:00+05:30,59059.9,59082.15,59052.8,59067.9,0
2025-12-26 11:30:00+05:30,59064.9,59075.2,58996.5,59007.75,0
2025-12-26 11:35:00+05:30,59007.3,59032.65,58994.05,59018.0,0
2025-12-26 11:40:00+05:30,59020.15,59039.15,59006.05,59017.15,0
2025-12-26 11:45:00+05:30,59018.15,59031.45,59011.2,59020.55,0
2025-12-26 11:50:00+05:30,59025.65,59045.4,59015.6,59028.0,0
2025-12-26 11:55:00+05:30,59027.35,59051.55,59022.55,59043.5,0
2025-12-26 12:00:00+05:30,59042.25,59049.6,59009.4,59018.85,0
2025-12-26 12:05:00+05:30,59013.7,59041.9,59008.0,59029.85,0
2025-12-26 12:10:00+05:30,59023.8,59054.65,59018.85,59045.85,0
2025-12-26 12:15:00+05:30,59043.8,59065.2,59029.55,59060.25,0
2025-12-26 12:20:00+05:30,59062.0,59073.3,59034.8,59045.25,0
2025-12-26 12:25:00+05:30,59047.15,59053.85,59023.9,59031.05,0
2025-12-26 12:30:00+05:30,59032.5,59038.55,58983.2,59004.95,0
2025-12-26 12:35:00+05:30,59001.45,59012.8,58987.2,59006.5,0
2025-12-26 12:40:00+05:30,59006.25,59018.3,58989.8,59000.0,0
2025-12-26 12:45:00+05:30,59008.95,59016.05,58992.85,59000.35,0
2025-12-26 12:50:00+05:30,58996.8,59017.95,58976.35,59007.15,0
2025-12-26 12:55:00+05:30,59004.7,59020.9,58998.6,59020.25,0
2025-12-26 13:00:00+05:30,59014.1,59027.35,59005.4,59015.5,0
2025-12-26 13:05:00+05:30,59008.95,59022.45,59001.4,59010.8,0
2025-12-26 13:10:00+05:30,59010.15,59036.3,59004.0,59034.15,0
2025-12-26 13:15:00+05:30,59033.25,59048.8,59024.75,59041.65,0
2025-12-26 13:20:00+05:30,59039.5,59055.85,59028.05,59041.6,0
2025-12-26 13:25:00+05:30,59041.9,59065.0,59038.5,59047.55,0
2025-12-26 13:30:00+05:30,59046.9,59065.05,59038.5,59039.2,0
2025-12-26 13:35:00+05:30,59040.6,59052.25,59029.8,59039.05,0
2025-12-26 13:40:00+05:30,59040.8,59054.05,59029.0,59047.95,0
2025-12-26 13:45:00+05:30,59045.35,59058.9,59035.45,59042.95,0
2025-12-26 13:50:00+05:30,59046.4,59053.45,59029.1,59035.75,0
2025-12-26 13:55:00+05:30,59035.25,59052.95,59025.85,59045.05,0
2025-12-26 14:00:00+05:30,59040.65,59052.7,59034.7,59036.4,0
2025-12-26 14:05:00+05:30,59032.0,59044.6,59013.55,59017.0,0
2025-12-26 14:10:00+05:30,59011.8,59026.4,58998.65,59011.85,0
2025-12-26 14:15:00+05:30,59009.5,59024.0,58979.35,58985.35,0
2025-12-26 14:20:00+05:30,58987.4,58994.1,58950.0,58967.0,0
2025-12-26 14:25:00+05:30,58962.1,58990.15,58947.05,58976.2,0
2025-12-26 14:30:00+05:30,58982.55,58984.1,58961.0,58964.75,0
2025-12-26 14:35:00+05:30,58963.65,58986.15,58956.85,58967.85,0
2025-12-26 14:40:00+05:30,58967.1,58984.8,58961.9,58970.25,0
2025-12-26 14:45:00+05:30,58978.7,58990.35,58953.55,58964.5,0
2025-12-26 14:50:00+05:30,58963.95,58992.7,58952.9,58980.1,0
2025-12-26 14:55:00+05:30,58978.85,59020.95,58971.95,59017.9,0
2025-12-26 15:00:00+05:30,59019.2,59039.5,59004.7,59012.75,0
2025-12-26 15:05:00+05:30,59010.5,59038.05,59008.3,59030.8,0
2025-12-26 15:10:00+05:30,59029.4,59034.0,59009.8,59011.55,0
2025-12-26 15:15:00+05:30,59014.5,59017.4,58970.45,58991.7,0
2025-12-26 15:20:00+05:30,58995.0,59013.35,58983.2,59000.55,0
2025-12-26 15:25:00+05:30,58999.1,59033.0,58987.2,58994.45,0
2025-12-29 09:15:00+05:30,59007.05,59140.4,58976.05,59029.5,0
2025-12-29 09:20:00+05:30,59028.25,59071.95,59017.4,59062.95,0
2025-12-29 09:25:00+05:30,59058.1,59085.4,59054.55,59061.85,0
2025-12-29 09:30:00+05:30,59064.45,59084.85,59033.7,59074.1,0
2025-12-29 09:35:00+05:30,59075.55,59092.15,59052.6,59071.9,0
2025-12-29 09:40:00+05:30,59072.05,59075.15,59046.15,59062.45,0
2025-12-29 09:45:00+05:30,59059.95,59084.85,59034.8,59036.55,0
2025-12-29 09:50:00+05:30,59036.25,59046.4,58972.3,58980.1,0
2025-12-29 09:55:00+05:30,58981.0,58986.35,58929.55,58942.65,0
2025-12-29 10:00:00+05:30,58934.85,58955.65,58916.65,58945.25,0
2025-12-29 10:05:00+05:30,58940.75,58958.7,58928.15,58958.7,0
2025-12-29 10:10:00+05:30,58960.8,58979.7,58950.9,58979.55,0
2025-12-29 10:15:00+05:30,58971.65,58982.45,58950.35,58959.85,0
2025-12-29 10:20:00+05:30,58961.9,58986.65,58943.7,58986.65,0
2025-12-29 10:25:00+05:30,58981.7,58986.45,58947.15,58953.95,0
2025-12-29 10:30:00+05:30,58957.8,58965.8,58931.15,58943.1,0
2025-12-29 10:35:00+05:30,58938.0,58955.6,58929.5,58947.7,0
2025-12-29 10:40:00+05:30,58946.2,58956.35,58896.25,58909.25,0
2025-12-29 10:45:00+05:30,58904.7,58926.15,58891.55,58916.35,0
2025-12-29 10:50:00+05:30,58915.7,58934.8,58902.4,58928.7,0
2025-12-29 10:55:00+05:30,58929.4,58931.85,58909.7,58917.1,0
2025-12-29 11:00:00+05:30,58914.25,58930.85,58871.05,58877.5,0
2025-12-29 11:05:00+05:30,58876.8,58884.05,58857.9,58862.75,0
2025-12-29 11:10:00+05:30,58863.0,58886.1,58856.3,58869.6,0
2025-12-29 11:15:00+05:30,58871.05,58880.4,58842.25,58850.55,0
2025-12-29 11:20:00+05:30,58849.75,58852.6,58815.5,58827.0,0
2025-12-29 11:25:00+05:30,58824.15,58856.25,58818.9,58836.2,0
2025-12-29 11:30:00+05:30,58836.15,58857.35,58824.15,58844.85,0
2025-12-29 11:35:00+05:30,58842.35,58851.9,58826.85,58830.45,0
2025-12-29 11:40:00+05:30,58831.35,58860.65,58824.95,58853.05,0
2025-12-29 11:45:00+05:30,58855.15,58877.7,58841.9,58863.6,0
2025-12-29 11:50:00+05:30,58864.45,58873.6,58838.75,58848.7,0
2025-12-29 11:55:00+05:30,58849.5,58854.4,58826.25,58836.45,0
2025-12-29 12:00:00+05:30,58842.7,58849.95,58819.05,58824.4,0
2025-12-29 12:05:00+05:30,58828.05,58845.2,58810.35,58835.3,0
2025-12-29 12:10:00+05:30,58834.75,58855.45,58825.2,58841.95,0
2025-12-29 12:15:00+05:30,58838.1,58847.6,58826.35,58834.85,0
2025-12-29 12:20:00+05:30,58837.7,58843.75,58817.65,58823.9,0
2025-12-29 12:25:00+05:30,58822.0,58843.8,58813.6,58832.85,0
2025-12-29 12:30:00+05:30,58831.05,58858.25,58821.1,58825.15,0
2025-12-29 12:35:00+05:30,58826.4,58856.9,58826.25,58841.95,0
2025-12-29 12:40:00+05:30,58846.9,58849.65,58826.7,58840.9,0
2025-12-29 12:45:00+05:30,58841.5,58862.45,58827.55,58838.1,0
2025-12-29 12:50:00+05:30,58836.95,58844.35,58819.45,58833.5,0
2025-12-29 12:55:00+05:30,58828.4,58850.05,58822.85,58835.45,0
2025-12-29 13:00:00+05:30,58829.85,58871.65,58829.7,58866.45,0
2025-12-29 13:05:00+05:30,58868.55,58885.65,58860.15,58877.05,0
2025-12-29 13:10:00+05:30,58885.1,58893.8,58848.95,58855.5,0
2025-12-29 13:15:00+05:30,58858.1,58868.05,58809.55,58833.3,0
2025-12-29 13:20:00+05:30,58835.25,58851.55,58825.35,58839.6,0
2025-12-29 13:25:00+05:30,58842.15,58855.35,58834.75,58844.95,0
2025-12-29 13:30:00+05:30,58845.8,58853.85,58827.7,58835.7,0
2025-12-29 13:35:00+05:30,58838.8,58848.05,58825.0,58832.75,0
2025-12-29 13:40:00+05:30,58834.9,58886.7,58827.5,58876.45,0
2025-12-29 13:45:00+05:30,58876.7,58892.95,58865.3,58884.75,0
2025-12-29 13:50:00+05:30,58887.45,58902.45,58878.95,58895.7,0
2025-12-29 13:55:00+05:30,58895.3,58910.95,58879.2,58891.75,0
2025-12-29 14:00:00+05:30,58888.45,58913.25,58883.55,58903.55,0
2025-12-29 14:05:00+05:30,58904.05,58964.35,58894.7,58959.65,0
2025-12-29 14:10:00+05:30,58955.45,58968.1,58907.65,58909.9,0
2025-12-29 14:15:00+05:30,58913.75,58920.05,58872.2,58881.85,0
2025-12-29 14:20:00+05:30,58885.7,58958.2,58876.65,58957.15,0
2025-12-29 14:25:00+05:30,58958.35,58997.1,58950.45,58983.45,0
2025-12-29 14:30:00+05:30,58984.5,58993.9,58955.1,58978.9,0
2025-12-29 14:35:00+05:30,58983.75,58985.45,58952.4,58980.8,0
2025-12-29 14:40:00+05:30,58982.0,58984.1,58946.2,58964.1,0
2025-12-29 14:45:00+05:30,58965.55,58974.4,58944.55,58965.7,0
2025-12-29 14:50:00+05:30,58964.5,58967.0,58924.9,58928.2,0
2025-12-29 14:55:00+05:30,58922.7,58961.9,58904.35,58937.05,0
2025-12-29 15:00:00+05:30,58934.8,58969.4,58887.35,58919.0,0
2025-12-29 15:05:00+05:30,58907.75,58941.55,58907.75,58923.0,0
2025-12-29 15:10:00+05:30,58924.1,58941.1,58916.35,58928.5,0
2025-12-29 15:15:00+05:30,58923.5,58939.3,58917.2,58927.65,0
2025-12-29 15:20:00+05:30,58921.3,58941.6,58916.75,58937.55,0
2025-12-29 15:25:00+05:30,58936.35,58963.4,58919.45,58953.95,0
2025-12-30 09:15:00+05:30,58885.95,58961.45,58817.1,58843.1,0
2025-12-30 09:20:00+05:30,58843.75,58844.0,58766.95,58775.15,0
2025-12-30 09:25:00+05:30,58774.95,58780.65,58746.0,58757.85,0
2025-12-30 09:30:00+05:30,58756.75,58795.65,58737.6,58788.85,0
2025-12-30 09:35:00+05:30,58792.1,58837.65,58783.25,58826.45,0
2025-12-30 09:40:00+05:30,58825.45,58855.3,58793.8,58844.75,0
2025-12-30 09:45:00+05:30,58844.55,58852.85,58769.1,58773.25,0
2025-12-30 09:50:00+05:30,58774.25,58863.55,58767.85,58846.15,0
2025-12-30 09:55:00+05:30,58842.9,58892.95,58841.4,58858.3,0
2025-12-30 10:00:00+05:30,58858.75,58901.95,58831.85,58883.9,0
2025-12-30 10:05:00+05:30,58885.95,58889.15,58853.9,58884.9,0
2025-12-30 10:10:00+05:30,58885.05,58964.35,58874.75,58944.65,0
2025-12-30 10:15:00+05:30,58943.05,58966.25,58937.3,58958.65,0
2025-12-30 10:20:00+05:30,58957.95,59032.6,58954.6,59019.1,0
2025-12-30 10:25:00+05:30,59019.6,59035.65,59008.0,59020.05,0
2025-12-30 10:30:00+05:30,59023.4,59076.1,59017.35,59053.9,0
2025-12-30 10:35:00+05:30,59055.1,59055.1,58975.25,58980.95,0
2025-12-30 10:40:00+05:30,58985.95,58990.0,58932.2,58934.2,0
2025-12-30 10:45:00+05:30,58935.85,58967.5,58919.65,58965.55,0
2025-12-30 10:50:00+05:30,58963.05,58985.7,58887.4,58898.45,0
2025-12-30 10:55:00+05:30,58897.15,58932.0,58889.1,58917.2,0
2025-12-30 11:00:00+05:30,58914.35,58929.7,58904.5,58920.3,0
2025-12-30 11:05:00+05:30,58919.2,58945.2,58905.05,58913.15,0
2025-12-30 11:10:00+05:30,58912.8,58945.55,58883.35,58924.4,0
2025-12-30 11:15:00+05:30,58925.15,58959.7,58910.9,58949.1,0
2025-12-30 11:20:00+05:30,58946.35,58969.5,58936.8,58961.75,0
2025-12-30 11:25:00+05:30,58963.5,58978.45,58947.1,58960.05,0
2025-12-30 11:30:00+05:30,58959.2,58963.95,58912.9,58912.9,0
2025-12-30 11:35:00+05:30,58919.1,58945.8,58899.85,58936.5,0
2025-12-30 11:40:00+05:30,58940.4,58984.0,58931.85,58982.7,0
2025-12-30 11:45:00+05:30,58981.05,58993.6,58962.3,58970.8,0
2025-12-30 11:50:00+05:30,58969.05,58974.2,58931.6,58936.2,0
2025-12-30 11:55:00+05:30,58938.9,58942.25,58908.2,58920.55,0
2025-12-30 12:00:00+05:30,58927.5,58931.7,58897.35,58900.7,0
2025-12-30 12:05:00+05:30,58903.2,58926.25,58891.55,58910.45,0
2025-12-30 12:10:00+05:30,58916.4,58938.45,58860.55,58872.05,0
2025-12-30 12:15:00+05:30,58875.45,58912.95,58864.8,58906.85,0
2025-12-30 12:20:00+05:30,58910.9,58925.8,58896.6,58913.5,0
2025-12-30 12:25:00+05:30,58913.35,58927.5,58892.6,58909.65,0
2025-12-30 12:30:00+05:30,58911.2,58933.9,58893.25,58921.35,0
2025-12-30 12:35:00+05:30,58919.4,58945.1,58904.2,58939.85,0
2025-12-30 12:40:00+05:30,58941.2,58960.15,58926.0,58931.6,0
2025-12-30 12:45:00+05:30,58932.45,58973.35,58909.65,58971.8,0
2025-12-30 12:50:00+05:30,58968.95,58976.15,58928.8,58941.45,0
2025-12-30 12:55:00+05:30,58937.05,58949.35,58899.1,58908.05,0
2025-12-30 13:00:00+05:30,58908.35,58920.1,58884.7,58902.45,0
2025-12-30 13:05:00+05:30,58902.8,58923.95,58891.2,58905.7,0
2025-12-30 13:10:00+05:30,58905.3,58933.2,58883.2,58922.9,0
2025-12-30 13:15:00+05:30,58923.95,58955.1,58917.65,58946.45,0
2025-12-30 13:20:00+05:30,58948.45,58954.8,58921.95,58925.75,0
2025-12-30 13:25:00+05:30,58924.75,58968.3,58914.75,58950.1,0
2025-12-30 13:30:00+05:30,58949.25,58987.1,58942.8,58983.05,0
2025-12-30 13:35:00+05:30,58982.55,59010.85,58976.5,59007.85,0
2025-12-30 13:40:00+05:30,59012.05,59063.5,59004.1,59057.5,0
2025-12-30 13:45:00+05:30,59053.35,59116.2,59050.9,59097.3,0
2025-12-30 13:50:00+05:30,59094.8,59103.05,59039.85,59041.4,0
2025-12-30 13:55:00+05:30,59043.8,59056.25,59023.9,59041.5,0
2025-12-30 14:00:00+05:30,59041.6,59090.7,59039.35,59076.4,0
2025-12-30 14:05:00+05:30,59076.85,59079.5,59037.0,59057.3,0
2025-12-30 14:10:00+05:30,59057.5,59096.9,59050.25,59087.75,0
2025-12-30 14:15:00+05:30,59087.35,59135.35,59073.9,59085.15,0
2025-12-30 14:20:00+05:30,59081.2,59102.55,59038.95,59062.55,0
2025-12-30 14:25:00+05:30,59059.85,59060.8,59018.55,59031.4,0
2025-12-30 14:30:00+05:30,59030.3,59108.8,59022.55,59093.5,0
2025-12-30 14:35:00+05:30,59092.1,59101.8,59036.5,59068.35,0
2025-12-30 14:40:00+05:30,59067.25,59121.6,59050.05,59115.3,0
2025-12-30 14:45:00+05:30,59119.2,59160.15,59088.85,59154.4,0
2025-12-30 14:50:00+05:30,59155.55,59170.9,59140.0,59164.0,0
2025-12-30 14:55:00+05:30,59163.9,59182.5,59131.7,59137.05,0
2025-12-30 15:00:00+05:30,59133.6,59164.05,59064.1,59148.9,0
2025-12-30 15:05:00+05:30,59151.45,59251.45,59130.45,59199.1,0
2025-12-30 15:10:00+05:30,59191.9,59204.6,59153.75,59196.0,0
2025-12-30 15:15:00+05:30,59198.1,59209.85,59175.65,59186.0,0
2025-12-30 15:20:00+05:30,59186.35,59217.9,59159.5,59216.25,0
2025-12-30 15:25:00+05:30,59214.45,59272.7,59156.4,59253.95,0
2025-12-31 09:15:00+05:30,59194.6,59355.25,59187.1,59318.1,0
2025-12-31 09:20:00+05:30,59313.85,59353.1,59279.05,59317.35,0
2025-12-31 09:25:00+05:30,59318.55,59414.05,59268.9,59386.25,0
2025-12-31 09:30:00+05:30,59382.7,59382.7,59326.25,59356.35,0
2025-12-31 09:35:00+05:30,59345.8,59358.3,59295.85,59327.9,0
2025-12-31 09:40:00+05:30,59328.0,59340.95,59242.8,59253.2,0
2025-12-31 09:45:00+05:30,59247.7,59298.55,59243.15,59284.45,0
2025-12-31 09:50:00+05:30,59283.6,59311.15,59275.7,59300.75,0
2025-12-31 09:55:00+05:30,59294.85,59330.5,59274.0,59310.8,0
2025-12-31 10:00:00+05:30,59306.6,59326.85,59274.1,59299.5,0
2025-12-31 10:05:00+05:30,59303.7,59322.1,59274.85,59307.95,0
2025-12-31 10:10:00+05:30,59307.15,59354.05,59303.85,59349.4,0
2025-12-31 10:15:00+05:30,59355.25,59378.8,59341.2,59359.05,0
2025-12-31 10:20:00+05:30,59350.55,59360.5,59326.0,59332.35,0
2025-12-31 10:25:00+05:30,59334.15,59362.8,59313.7,59357.55,0
2025-12-31 10:30:00+05:30,59353.35,59408.7,59340.8,59401.95,0
2025-12-31 10:35:00+05:30,59393.55,59406.3,59373.45,59384.75,0
2025-12-31 10:40:00+05:30,59383.9,59450.1,59378.9,59439.65,0
2025-12-31 10:45:00+05:30,59443.05,59456.9,59404.3,59422.0,0
2025-12-31 10:50:00+05:30,59428.8,59448.5,59394.3,59438.75,0
2025-12-31 10:55:00+05:30,59438.6,59481.45,59431.55,59470.4,0
2025-12-31 11:00:00+05:30,59463.7,59488.1,59460.8,59482.0,0
2025-12-31 11:05:00+05:30,59472.75,59496.65,59468.9,59485.85,0
2025-12-31 11:10:00+05:30,59480.5,59490.95,59436.0,59453.2,0
2025-12-31 11:15:00+05:30,59450.85,59490.85,59445.25,59475.35,0
2025-12-31 11:20:00+05:30,59466.8,59480.4,59419.55,59421.65,0
2025-12-31 11:25:00+05:30,59425.05,59438.75,59408.45,59417.05,0
2025-12-31 11:30:00+05:30,59415.35,59435.05,59400.35,59431.2,0
2025-12-31 11:35:00+05:30,59425.45,59485.2,59425.45,59469.2,0
2025-12-31 11:40:00+05:30,59471.35,59485.45,59437.95,59456.75,0
2025-12-31 11:45:00+05:30,59460.95,59491.6,59447.9,59486.95,0
2025-12-31 11:50:00+05:30,59489.6,59499.75,59467.95,59476.25,0
2025-12-31 11:55:00+05:30,59476.5,59483.4,59452.15,59461.2,0
2025-12-31 12:00:00+05:30,59458.4,59491.9,59445.0,59473.75,0
2025-12-31 12:05:00+05:30,59473.85,59527.1,59464.85,59521.2,0
2025-12-31 12:10:00+05:30,59519.95,59520.1,59501.7,59514.6,0
2025-12-31 12:15:00+05:30,59514.1,59536.0,59511.1,59529.15,0
2025-12-31 12:20:00+05:30,59528.75,59567.7,59522.2,59562.35,0
2025-12-31 12:25:00+05:30,59560.5,59572.6,59543.25,59565.25,0
2025-12-31 12:30:00+05:30,59567.3,59584.25,59544.15,59584.05,0
2025-12-31 12:35:00+05:30,59584.0,59602.55,59570.0,59586.25,0
2025-12-31 12:40:00+05:30,59583.9,59625.75,59583.9,59619.2,0
2025-12-31 12:45:00+05:30,59621.5,59682.05,59615.65,59674.1,0
2025-12-31 12:50:00+05:30,59675.7,59728.7,59666.95,59709.05,0
2025-12-31 12:55:00+05:30,59709.25,59742.35,59705.05,59722.3,0
2025-12-31 13:00:00+05:30,59717.6,59739.05,59703.9,59712.6,0
2025-12-31 13:05:00+05:30,59710.7,59724.6,59698.6,59704.55,0
2025-12-31 13:10:00+05:30,59704.65,59720.4,59692.0,59705.5,0
2025-12-31 13:15:00+05:30,59705.55,59709.65,59668.1,59686.55,0
2025-12-31 13:20:00+05:30,59684.0,59728.45,59683.4,59715.1,0
2025-12-31 13:25:00+05:30,59710.7,59734.8,59696.75,59723.6,0
2025-12-31 13:30:00+05:30,59721.35,59734.35,59692.25,59698.3,0
2025-12-31 13:35:00+05:30,59697.8,59713.95,59616.7,59640.25,0
2025-12-31 13:40:00+05:30,59641.3,59681.2,59633.9,59675.25,0
2025-12-31 13:45:00+05:30,59670.65,59706.15,59670.45,59698.25,0
2025-12-31 13:50:00+05:30,59694.6,59720.8,59691.0,59706.8,0
2025-12-31 13:55:00+05:30,59707.7,59748.05,59699.5,59721.75,0
2025-12-31 14:00:00+05:30,59725.65,59730.55,59681.45,59699.0,0
2025-12-31 14:05:00+05:30,59694.7,59728.35,59694.7,59721.6,0
2025-12-31 14:10:00+05:30,59721.85,59748.6,59717.35,59729.95,0
2025-12-31 14:15:00+05:30,59727.25,59732.8,59705.8,59724.6,0
2025-12-31 14:20:00+05:30,59719.35,59727.85,59658.35,59677.55,0
2025-12-31 14:25:00+05:30,59677.15,59717.45,59676.1,59700.95,0
2025-12-31 14:30:00+05:30,59701.35,59715.2,59685.4,59698.45,0
2025-12-31 14:35:00+05:30,59700.75,59729.05,59685.95,59728.2,0
2025-12-31 14:40:00+05:30,59726.75,59766.2,59708.7,59752.9,0
2025-12-31 14:45:00+05:30,59756.45,59757.45,59728.65,59736.75,0
2025-12-31 14:50:00+05:30,59738.55,59749.75,59711.25,59733.35,0
2025-12-31 14:55:00+05:30,59731.3,59746.5,59702.6,59716.85,0
2025-12-31 15:00:00+05:30,59719.2,59719.2,59541.85,59563.9,0
2025-12-31 15:05:00+05:30,59564.35,59588.85,59553.7,59578.7,0
2025-12-31 15:10:00+05:30,59577.8,59592.15,59545.85,59584.55,0
2025-12-31 15:15:00+05:30,59587.0,59597.0,59574.2,59574.95,0
2025-12-31 15:20:00+05:30,59576.4,59595.95,59557.8,59592.7,0
2025-12-31 15:25:00+05:30,59592.3,59637.2,59580.65,59619.35,0
2026-01-01 09:15:00+05:30,59674.8,59716.8,59609.55,59657.8,0
2026-01-01 09:20:00+05:30,59656.3,59685.6,59589.0,59589.25,0
2026-01-01 09:25:00+05:30,59588.4,59668.45,59569.65,59668.1,0
2026-01-01 09:30:00+05:30,59664.4,59671.1,59609.95,59644.1,0
2026-01-01 09:35:00+05:30,59643.0,59666.85,59599.55,59640.05,0
2026-01-01 09:40:00+05:30,59640.25,59720.0,59633.85,59706.0,0
2026-01-01 09:45:00+05:30,59707.8,59713.5,59647.1,59688.2,0
2026-01-01 09:50:00+05:30,59688.45,59705.95,59666.75,59682.65,0
2026-01-01 09:55:00+05:30,59682.9,59704.2,59635.55,59640.7,0
2026-01-01 10:00:00+05:30,59640.25,59698.2,59631.65,59685.0,0
2026-01-01 10:05:00+05:30,59685.75,59702.6,59669.05,59680.15,0
2026-01-01 10:10:00+05:30,59677.25,59681.6,59635.15,59658.2,0
2026-01-01 10:15:00+05:30,59661.05,59664.05,59608.3,59624.7,0
2026-01-01 10:20:00+05:30,59627.05,59633.0,59573.1,59631.7,0
2026-01-01 10:25:00+05:30,59634.4,59689.55,59621.15,59685.95,0
2026-01-01 10:30:00+05:30,59689.4,59699.3,59660.75,59691.25,0
2026-01-01 10:35:00+05:30,59690.95,59739.15,59689.2,59713.4,0
2026-01-01 10:40:00+05:30,59712.8,59720.25,59677.25,59719.0,0
2026-01-01 10:45:00+05:30,59719.7,59738.0,59713.55,59730.6,0
2026-01-01 10:50:00+05:30,59730.45,59743.2,59713.5,59722.6,0
2026-01-01 10:55:00+05:30,59723.75,59732.8,59686.35,59698.6,0
2026-01-01 11:00:00+05:30,59698.65,59722.8,59666.6,59675.05,0
2026-01-01 11:05:00+05:30,59671.4,59699.3,59671.15,59695.75,0
2026-01-01 11:10:00+05:30,59694.75,59722.1,59675.65,59714.85,0
2026-01-01 11:15:00+05:30,59714.9,59720.9,59691.35,59718.35,0
2026-01-01 11:20:00+05:30,59718.1,59738.3,59699.2,59730.95,0
2026-01-01 11:25:00+05:30,59726.65,59734.8,59701.4,59712.6,0
2026-01-01 11:30:00+05:30,59713.85,59720.0,59689.95,59699.25,0
2026-01-01 11:35:00+05:30,59701.9,59726.1,59687.05,59708.5,0
2026-01-01 11:40:00+05:30,59708.75,59730.3,59687.2,59690.3,0
2026-01-01 11:45:00+05:30,59691.8,59701.3,59662.85,59664.2,0
2026-01-01 11:50:00+05:30,59661.65,59699.1,59655.25,59692.65,0
2026-01-01 11:55:00+05:30,59691.75,59699.05,59669.05,59685.7,0
2026-01-01 12:00:00+05:30,59683.25,59704.1,59673.8,59683.7,0
2026-01-01 12:05:00+05:30,59688.45,59693.3,59638.7,59656.45,0
2026-01-01 12:10:00+05:30,59656.35,59673.15,59624.45,59628.0,0
2026-01-01 12:15:00+05:30,59629.4,59656.6,59600.9,59655.05,0
2026-01-01 12:20:00+05:30,59654.9,59678.95,59640.15,59674.15,0
2026-01-01 12:25:00+05:30,59674.25,59698.8,59666.2,59693.05,0
2026-01-01 12:30:00+05:30,59691.25,59697.25,59654.7,59683.7,0
2026-01-01 12:35:00+05:30,59678.3,59686.35,59619.55,59632.25,0
2026-01-01 12:40:00+05:30,59629.95,59662.65,59611.45,59660.6,0
2026-01-01 12:45:00+05:30,59660.85,59680.55,59643.05,59666.0,0
2026-01-01 12:50:00+05:30,59667.15,59673.05,59648.0,59663.85,0
2026-01-01 12:55:00+05:30,59663.35,59690.15,59655.15,59680.7,0
2026-01-01 13:00:00+05:30,59681.55,59699.6,59675.25,59685.8,0
2026-01-01 13:05:00+05:30,59684.95,59698.95,59676.7,59688.85,0
2026-01-01 13:10:00+05:30,59688.3,59696.25,59659.85,59680.4,0
2026-01-01 13:15:00+05:30,59680.8,59703.5,59675.5,59693.2,0
2026-01-01 13:20:00+05:30,59694.3,59698.25,59628.35,59633.85,0
2026-01-01 13:25:00+05:30,59633.6,59694.7,59629.1,59685.75,0
2026-01-01 13:30:00+05:30,59687.8,59696.95,59661.35,59667.25,0
2026-01-01 13:35:00+05:30,59666.9,59696.6,59666.45,59682.0,0
2026-01-01 13:40:00+05:30,59686.45,59690.55,59663.2,59678.95,0
2026-01-01 13:45:00+05:30,59681.3,59695.95,59666.9,59680.45,0
2026-01-01 13:50:00+05:30,59677.45,59712.0,59669.7,59699.35,0
2026-01-01 13:55:00+05:30,59699.85,59710.95,59689.85,59696.7,0
2026-01-01 14:00:00+05:30,59695.7,59717.95,59689.8,59702.35,0
2026-01-01 14:05:00+05:30,59701.5,59727.1,59695.1,59706.55,0
2026-01-01 14:10:00+05:30,59706.05,59722.2,59698.6,59712.8,0
2026-01-01 14:15:00+05:30,59711.95,59727.5,59698.15,59709.85,0
2026-01-01 14:20:00+05:30,59710.3,59730.5,59679.3,59703.85,0
2026-01-01 14:25:00+05:30,59701.85,59708.65,59680.9,59681.85,0
2026-01-01 14:30:00+05:30,59681.3,59699.2,59669.05,59690.2,0
2026-01-01 14:35:00+05:30,59692.6,59705.45,59680.65,59696.6,0
2026-01-01 14:40:00+05:30,59699.1,59705.25,59685.5,59686.4,0
2026-01-01 14:45:00+05:30,59690.45,59712.8,59683.5,59697.05,0
2026-01-01 14:50:00+05:30,59696.3,59722.85,59689.5,59696.85,0
2026-01-01 14:55:00+05:30,59704.65,59731.15,59698.65,59719.1,0
2026-01-01 15:00:00+05:30,59723.1,59734.75,59668.5,59720.95,0
2026-01-01 15:05:00+05:30,59719.7,59735.8,59689.2,59694.0,0
2026-01-01 15:10:00+05:30,59691.9,59704.65,59669.0,59691.1,0
2026-01-01 15:15:00+05:30,59686.6,59703.7,59670.2,59698.75,0
2026-01-01 15:20:00+05:30,59697.05,59715.85,59670.8,59703.35,0
2026-01-01 15:25:00+05:30,59704.95,59721.75,59683.55,59707.55,0
2026-01-02 09:15:00+05:30,59757.4,59913.1,59738.25,59895.15,0
2026-01-02 09:20:00+05:30,59897.7,59940.1,59870.35,59916.05,0
2026-01-02 09:25:00+05:30,59913.45,59950.6,59891.5,59934.25,0
2026-01-02 09:30:00+05:30,59937.65,59974.15,59902.5,59950.2,0
2026-01-02 09:35:00+05:30,59951.2,59966.35,59928.9,59940.95,0
2026-01-02 09:40:00+05:30,59941.2,60047.55,59938.75,60046.0,0
2026-01-02 09:45:00+05:30,60040.55,60062.75,60024.85,60048.0,0
2026-01-02 09:50:00+05:30,60046.35,60055.45,59999.2,60023.7,0
2026-01-02 09:55:00+05:30,60026.2,60037.4,59993.05,60000.85,0
2026-01-02 10:00:00+05:30,59999.95,60029.35,59997.5,60022.75,0
2026-01-02 10:05:00+05:30,60024.0,60042.7,59998.9,60005.4,0
2026-01-02 10:10:00+05:30,60004.55,60026.2,59985.3,60015.65,0
2026-01-02 10:15:00+05:30,60013.85,60033.7,59994.5,60001.55,0
2026-01-02 10:20:00+05:30,60001.25,60023.65,59991.7,60010.7,0
2026-01-02 10:25:00+05:30,60009.85,60014.75,59978.05,59990.8,0
2026-01-02 10:30:00+05:30,59989.25,60002.75,59979.65,59992.55,0
2026-01-02 10:35:00+05:30,59991.15,60019.45,59988.9,60008.6,0
2026-01-02 10:40:00+05:30,60012.05,60032.75,59991.8,60030.15,0
2026-01-02 10:45:00+05:30,60030.7,60031.85,60006.45,60026.25,0
2026-01-02 10:50:00+05:30,60024.1,60030.8,60001.7,60010.9,0
2026-01-02 10:55:00+05:30,60010.7,60025.7,59999.5,60015.75,0
2026-01-02 11:00:00+05:30,60019.25,60022.75,59997.05,60011.45,0
2026-01-02 11:05:00+05:30,60011.7,60028.0,59996.7,60002.3,0
2026-01-02 11:10:00+05:30,60003.1,60020.9,59979.75,60015.05,0
2026-01-02 11:15:00+05:30,60011.05,60018.4,59994.85,60007.65,0
2026-01-02 11:20:00+05:30,60006.1,60035.95,60000.9,60020.65,0
2026-01-02 11:25:00+05:30,60022.65,60037.0,60010.75,60022.05,0
2026-01-02 11:30:00+05:30,60020.0,60091.1,60020.0,60085.65,0
2026-01-02 11:35:00+05:30,60086.6,60103.7,60062.0,60091.35,0
2026-01-02 11:40:00+05:30,60094.05,60111.5,60080.55,60093.3,0
2026-01-02 11:45:00+05:30,60092.25,60111.4,60071.1,60110.05,0
2026-01-02 11:50:00+05:30,60106.35,60118.1,60089.0,60098.15,0
2026-01-02 11:55:00+05:30,60097.7,60105.0,60076.0,60079.95,0
2026-01-02 12:00:00+05:30,60086.15,60137.95,60079.1,60127.8,0
2026-01-02 12:05:00+05:30,60128.75,60138.9,60109.95,60125.4,0
2026-01-02 12:10:00+05:30,60129.1,60147.2,60110.15,60145.4,0
2026-01-02 12:15:00+05:30,60143.9,60152.35,60083.65,60094.35,0
2026-01-02 12:20:00+05:30,60095.6,60116.8,60089.4,60109.3,0
2026-01-02 12:25:00+05:30,60110.7,60123.7,60097.7,60116.85,0
2026-01-02 12:30:00+05:30,60117.65,60139.5,60103.85,60133.3,0
2026-01-02 12:35:00+05:30,60133.9,60141.65,60096.1,60112.1,0
2026-01-02 12:40:00+05:30,60112.95,60119.7,60097.45,60106.65,0
2026-01-02 12:45:00+05:30,60099.1,60108.05,60069.85,60071.7,0
2026-01-02 12:50:00+05:30,60072.25,60103.65,60066.75,60103.0,0
2026-01-02 12:55:00+05:30,60101.65,60108.45,60087.4,60099.3,0
2026-01-02 13:00:00+05:30,60098.75,60109.9,60092.7,60104.15,0
2026-01-02 13:05:00+05:30,60103.35,60130.15,60097.15,60101.2,0
2026-01-02 13:10:00+05:30,60096.65,60114.15,60092.65,60106.25,0
2026-01-02 13:15:00+05:30,60106.3,60121.25,60102.1,60117.05,0
2026-01-02 13:20:00+05:30,60116.1,60142.15,60110.6,60135.1,0
2026-01-02 13:25:00+05:30,60134.3,60150.6,60109.65,60119.0,0
2026-01-02 13:30:00+05:30,60116.65,60136.1,60106.1,60131.25,0
2026-01-02 13:35:00+05:30,60130.5,60138.55,60094.2,60104.25,0
2026-01-02 13:40:00+05:30,60101.65,60115.7,60097.45,60106.95,0
2026-01-02 13:45:00+05:30,60103.05,60126.0,60098.35,60105.5,0
2026-01-02 13:50:00+05:30,60108.2,60122.4,60098.25,60112.45,0
2026-01-02 13:55:00+05:30,60106.05,60115.35,60084.7,60096.7,0
2026-01-02 14:00:00+05:30,60093.25,60119.75,60078.85,60088.7,0
2026-01-02 14:05:00+05:30,60084.1,60106.45,60080.8,60105.15,0
2026-01-02 14:10:00+05:30,60106.65,60112.65,60088.45,60104.9,0
2026-01-02 14:15:00+05:30,60105.95,60120.25,60098.35,60108.65,0
2026-01-02 14:20:00+05:30,60106.5,60133.15,60098.65,60116.55,0
2026-01-02 14:25:00+05:30,60119.65,60121.9,60091.25,60103.0,0
2026-01-02 14:30:00+05:30,60101.05,60101.75,60020.6,60030.4,0
2026-01-02 14:35:00+05:30,60033.95,60042.3,60015.7,60022.05,0
2026-01-02 14:40:00+05:30,60022.85,60030.25,60002.1,60006.55,0
2026-01-02 14:45:00+05:30,60007.45,60018.45,59978.15,60006.95,0
2026-01-02 14:50:00+05:30,60003.05,60045.1,60001.35,60029.3,0
2026-01-02 14:55:00+05:30,60029.2,60068.65,60019.75,60063.85,0
2026-01-02 15:00:00+05:30,60067.4,60090.75,60048.95,60061.2,0
2026-01-02 15:05:00+05:30,60057.1,60085.8,60047.65,60081.95,0
2026-01-02 15:10:00+05:30,60081.05,60126.15,60080.0,60110.85,0
2026-01-02 15:15:00+05:30,60107.35,60129.95,60102.35,60123.8,0
2026-01-02 15:20:00+05:30,60127.35,60177.0,60114.9,60163.9,0
2026-01-02 15:25:00+05:30,60169.15,60203.75,60144.65,60174.75,0
2026-01-05 09:15:00+05:30,60360.4,60437.35,60214.05,60327.5,0
2026-01-05 09:20:00+05:30,60330.35,60330.85,60165.15,60177.9,0
2026-01-05 09:25:00+05:30,60189.85,60268.6,60132.75,60221.3,0
2026-01-05 09:30:00+05:30,60220.7,60224.05,60155.65,60168.55,0
2026-01-05 09:35:00+05:30,60170.45,60219.65,60122.35,60194.85,0
2026-01-05 09:40:00+05:30,60197.85,60264.6,60191.0,60222.7,0
2026-01-05 09:45:00+05:30,60224.5,60257.8,60176.05,60252.45,0
2026-01-05 09:50:00+05:30,60250.95,60263.1,60182.8,60236.55,0
2026-01-05 09:55:00+05:30,60237.25,60299.65,60233.25,60295.4,0
2026-01-05 10:00:00+05:30,60297.15,60310.55,60241.9,60251.0,0
2026-01-05 10:05:00+05:30,60245.55,60352.55,60224.6,60337.35,0
2026-01-05 10:10:00+05:30,60336.75,60354.45,60297.2,60345.6,0
2026-01-05 10:15:00+05:30,60341.95,60357.0,60308.9,60331.7,0
2026-01-05 10:20:00+05:30,60331.85,60354.8,60308.3,60349.95,0
2026-01-05 10:25:00+05:30,60352.65,60355.85,60330.6,60337.15,0
2026-01-05 10:30:00+05:30,60333.1,60354.4,60321.0,60341.5,0
2026-01-05 10:35:00+05:30,60340.0,60349.95,60308.85,60334.7,0
2026-01-05 10:40:00+05:30,60336.7,60339.7,60276.5,60317.35,0
2026-01-05 10:45:00+05:30,60317.05,60327.95,60290.75,60299.15,0
2026-01-05 10:50:00+05:30,60298.7,60331.2,60291.8,60315.35,0
2026-01-05 10:55:00+05:30,60315.3,60331.2,60298.3,60305.85,0
2026-01-05 11:00:00+05:30,60305.0,60352.05,60298.35,60339.05,0
2026-01-05 11:05:00+05:30,60337.1,60353.9,60297.3,60300.1,0
2026-01-05 11:10:00+05:30,60298.15,60316.2,60270.8,60314.55,0
2026-01-05 11:15:00+05:30,60314.65,60319.75,60241.35,60254.45,0
2026-01-05 11:20:00+05:30,60252.3,60263.45,60192.95,60196.05,0
2026-01-05 11:25:00+05:30,60199.0,60222.2,60184.5,60209.8,0
2026-01-05 11:30:00+05:30,60209.7,60236.85,60195.85,60197.2,0
2026-01-05 11:35:00+05:30,60203.8,60232.65,60192.35,60206.85,0
2026-01-05 11:40:00+05:30,60204.1,60268.1,60200.75,60266.8,0
2026-01-05 11:45:00+05:30,60267.85,60278.8,60240.95,60254.05,0
2026-01-05 11:50:00+05:30,60252.25,60263.0,60200.5,60215.6,0
2026-01-05 11:55:00+05:30,60213.45,60248.95,60204.45,60236.65,0
2026-01-05 12:00:00+05:30,60233.9,60254.55,60210.15,60230.4,0
2026-01-05 12:05:00+05:30,60229.75,60265.1,60212.55,60236.65,0
2026-01-05 12:10:00+05:30,60235.55,60259.35,60224.1,60250.55,0
2026-01-05 12:15:00+05:30,60253.25,60272.2,60242.05,60256.8,0
2026-01-05 12:20:00+05:30,60253.95,60269.45,60231.0,60244.3,0
2026-01-05 12:25:00+05:30,60247.15,60250.15,60228.2,60241.95,0
2026-01-05 12:30:00+05:30,60241.1,60264.55,60228.95,60230.05,0
2026-01-05 12:35:00+05:30,60230.85,60239.0,60209.7,60220.85,0
2026-01-05 12:40:00+05:30,60220.75,60227.1,60196.6,60208.35,0
2026-01-05 12:45:00+05:30,60208.15,60223.55,60196.1,60221.7,0
2026-01-05 12:50:00+05:30,60221.25,60243.9,60215.7,60220.2,0
2026-01-05 12:55:00+05:30,60223.15,60228.0,60195.75,60199.8,0
2026-01-05 13:00:00+05:30,60200.5,60208.0,60174.8,60182.2,0
2026-01-05 13:05:00+05:30,60182.95,60193.8,60166.45,60168.95,0
2026-01-05 13:10:00+05:30,60167.8,60170.6,60127.15,60131.95,0
2026-01-05 13:15:00+05:30,60127.6,60127.6,60070.9,60110.4,0
2026-01-05 13:20:00+05:30,60109.65,60141.85,60091.2,60135.25,0
2026-01-05 13:25:00+05:30,60139.7,60151.6,60103.0,60109.65,0
2026-01-05 13:30:00+05:30,60110.95,60114.7,60083.95,60096.0,0
2026-01-05 13:35:00+05:30,60095.4,60101.7,60030.4,60041.25,0
2026-01-05 13:40:00+05:30,60041.65,60069.75,60023.65,60067.0,0
2026-01-05 13:45:00+05:30,60065.7,60065.7,59972.8,59972.8,0
2026-01-05 13:50:00+05:30,59974.25,59975.2,59927.5,59950.3,0
2026-01-05 13:55:00+05:30,59949.85,59972.8,59932.45,59943.8,0
2026-01-05 14:00:00+05:30,59940.55,59942.6,59876.2,59898.3,0
2026-01-05 14:05:00+05:30,59898.25,59914.65,59859.8,59894.9,0
2026-01-05 14:10:00+05:30,59894.2,59921.35,59892.9,59907.2,0
2026-01-05 14:15:00+05:30,59908.4,59926.85,59887.2,59903.1,0
2026-01-05 14:20:00+05:30,59905.35,59947.85,59887.65,59945.05,0
2026-01-05 14:25:00+05:30,59946.55,59961.55,59910.55,59911.45,0
2026-01-05 14:30:00+05:30,59915.65,59991.25,59912.5,59971.55,0
2026-01-05 14:35:00+05:30,59972.85,59992.2,59945.05,59960.05,0
2026-01-05 14:40:00+05:30,59957.75,60061.85,59957.75,60055.35,0
2026-01-05 14:45:00+05:30,60056.0,60067.25,60020.75,60050.65,0
2026-01-05 14:50:00+05:30,60051.75,60100.55,60039.9,60084.35,0
2026-01-05 14:55:00+05:30,60082.5,60108.9,60064.95,60100.75,0
2026-01-05 15:00:00+05:30,60100.55,60125.1,60074.1,60096.6,0
2026-01-05 15:05:00+05:30,60095.25,60097.0,60037.4,60056.3,0
2026-01-05 15:10:00+05:30,60058.05,60067.95,60038.25,60051.25,0
2026-01-05 15:15:00+05:30,60052.55,60056.05,60018.6,60025.4,0
2026-01-05 15:20:00+05:30,60025.95,60041.0,60011.05,60018.55,0
2026-01-05 15:25:00+05:30,60016.8,60055.5,59988.45,60055.5,0
2026-01-06 09:15:00+05:30,59957.8,60180.5,59834.3,60086.3,0
2026-01-06 09:20:00+05:30,60095.15,60188.85,60079.4,60112.5,0
2026-01-06 09:25:00+05:30,60114.45,60163.4,60098.0,60129.65,0
2026-01-06 09:30:00+05:30,60126.65,60235.25,60106.05,60222.15,0
2026-01-06 09:35:00+05:30,60222.25,60252.85,60169.1,60175.45,0
2026-01-06 09:40:00+05:30,60176.8,60197.05,60152.95,60165.35,0
2026-01-06 09:45:00+05:30,60167.3,60234.9,60159.15,60225.55,0
2026-01-06 09:50:00+05:30,60225.0,60250.9,60191.95,60204.0,0
2026-01-06 09:55:00+05:30,60207.8,60255.6,60201.55,60249.05,0
2026-01-06 10:00:00+05:30,60252.4,60303.15,60250.8,60289.8,0
2026-01-06 10:05:00+05:30,60286.9,60291.55,60249.2,60266.5,0
2026-01-06 10:10:00+05:30,60262.85,60292.65,60234.75,60276.75,0
2026-01-06 10:15:00+05:30,60274.85,60305.0,60235.85,60240.6,0
2026-01-06 10:20:00+05:30,60242.4,60253.2,60207.7,60220.05,0
2026-01-06 10:25:00+05:30,60223.0,60284.45,60214.15,60271.2,0
2026-01-06 10:30:00+05:30,60268.25,60301.35,60261.4,60274.65,0
2026-01-06 10:35:00+05:30,60275.2,60279.8,60207.55,60210.1,0
2026-01-06 10:40:00+05:30,60202.55,60254.25,60193.45,60252.75,0
2026-01-06 10:45:00+05:30,60249.95,60258.6,60230.2,60249.85,0
2026-01-06 10:50:00+05:30,60251.8,60276.45,60243.05,60274.75,0
2026-01-06 10:55:00+05:30,60273.25,60278.25,60227.25,60227.25,0
2026-01-06 11:00:00+05:30,60230.85,60248.8,60204.55,60230.35,0
2026-01-06 11:05:00+05:30,60232.3,60280.3,60227.5,60272.05,0
2026-01-06 11:10:00+05:30,60272.85,60278.45,60205.8,60226.7,0
2026-01-06 11:15:00+05:30,60225.3,60231.15,60120.85,60139.05,0
2026-01-06 11:20:00+05:30,60140.0,60147.6,60090.4,60126.85,0
2026-01-06 11:25:00+05:30,60129.55,60185.65,60111.8,60183.8,0
2026-01-06 11:30:00+05:30,60184.2,60226.55,60168.4,60200.95,0
2026-01-06 11:35:00+05:30,60202.7,60230.75,60176.75,60196.55,0
2026-01-06 11:40:00+05:30,60195.9,60238.5,60195.9,60229.55,0
2026-01-06 11:45:00+05:30,60229.0,60260.1,60199.65,60258.35,0
2026-01-06 11:50:00+05:30,60253.7,60260.6,60224.75,60230.35,0
2026-01-06 11:55:00+05:30,60231.2,60236.2,60184.3,60192.5,0
2026-01-06 12:00:00+05:30,60193.45,60231.35,60171.25,60229.5,0
2026-01-06 12:05:00+05:30,60224.8,60234.85,60176.8,60205.9,0
2026-01-06 12:10:00+05:30,60205.85,60243.6,60196.75,60230.0,0
2026-01-06 12:15:00+05:30,60228.3,60251.8,60219.6,60235.6,0
2026-01-06 12:20:00+05:30,60235.8,60235.8,60174.6,60176.55,0
2026-01-06 12:25:00+05:30,60178.15,60229.2,60172.85,60189.7,0
2026-01-06 12:30:00+05:30,60193.8,60222.0,60178.65,60207.2,0
2026-01-06 12:35:00+05:30,60206.8,60214.5,60171.7,60175.9,0
2026-01-06 12:40:00+05:30,60178.05,60199.1,60158.3,60176.7,0
2026-01-06 12:45:00+05:30,60177.25,60179.5,60121.1,60128.65,0
2026-01-06 12:50:00+05:30,60131.45,60178.0,60131.2,60163.75,0
2026-01-06 12:55:00+05:30,60163.45,60208.25,60157.1,60202.85,0
2026-01-06 13:00:00+05:30,60202.65,60227.0,60180.95,60193.0,0
2026-01-06 13:05:00+05:30,60192.3,60229.45,60173.1,60211.8,0
2026-01-06 13:10:00+05:30,60214.15,60241.2,60185.1,60197.15,0
2026-01-06 13:15:00+05:30,60193.7,60198.05,60137.9,60151.3,0
2026-01-06 13:20:00+05:30,60147.05,60156.05,60131.45,60140.25,0
2026-01-06 13:25:00+05:30,60143.15,60152.75,60091.25,60127.25,0
2026-01-06 13:30:00+05:30,60131.3,60133.4,60076.35,60110.1,0
2026-01-06 13:35:00+05:30,60111.85,60127.25,60095.85,60118.55,0
2026-01-06 13:40:00+05:30,60119.05,60145.0,60098.9,60138.85,0
2026-01-06 13:45:00+05:30,60137.6,60156.3,60113.2,60150.7,0
2026-01-06 13:50:00+05:30,60147.4,60175.6,60117.55,60120.95,0
2026-01-06 13:55:00+05:30,60121.6,60154.9,60106.2,60134.8,0
2026-01-06 14:00:00+05:30,60136.75,60170.6,60121.2,60127.65,0
2026-01-06 14:05:00+05:30,60129.7,60148.75,60097.6,60103.35,0
2026-01-06 14:10:00+05:30,60102.8,60108.0,60053.8,60076.6,0
2026-01-06 14:15:00+05:30,60076.45,60084.7,60052.6,60062.25,0
2026-01-06 14:20:00+05:30,60061.6,60067.75,60032.0,60048.5,0
2026-01-06 14:25:00+05:30,60049.55,60071.8,60045.65,60068.0,0
2026-01-06 14:30:00+05:30,60072.0,60072.65,60034.6,60042.3,0
2026-01-06 14:35:00+05:30,60040.7,60054.25,60006.15,60038.7,0
2026-01-06 14:40:00+05:30,60038.1,60091.75,60038.1,60076.7,0
2026-01-06 14:45:00+05:30,60081.5,60107.35,60070.15,60103.4,0
2026-01-06 14:50:00+05:30,60102.6,60114.8,60075.8,60102.9,0
2026-01-06 14:55:00+05:30,60105.75,60117.3,60085.45,60112.65,0
2026-01-06 15:00:00+05:30,60111.55,60137.85,60101.65,60115.7,0
2026-01-06 15:05:00+05:30,60115.8,60137.25,60094.8,60111.8,0
2026-01-06 15:10:00+05:30,60114.5,60143.0,60100.05,60136.8,0
2026-01-06 15:15:00+05:30,60134.9,60141.35,60110.9,60130.7,0
2026-01-06 15:20:00+05:30,60132.7,60137.65,60105.5,60113.65,0
2026-01-06 15:25:00+05:30,60112.95,60133.7,60095.8,60095.8,0
2026-01-07 09:15:00+05:30,60039.7,60052.85,59892.1,59961.95,0
2026-01-07 09:20:00+05:30,59964.6,60034.8,59940.9,59992.65,0
2026-01-07 09:25:00+05:30,59994.15,59996.5,59932.75,59957.6,0
2026-01-07 09:30:00+05:30,59952.85,59973.35,59925.75,59948.8,0
2026-01-07 09:35:00+05:30,59950.9,59982.7,59927.1,59960.9,0
2026-01-07 09:40:00+05:30,59955.5,59989.4,59895.7,59900.55,0
2026-01-07 09:45:00+05:30,59901.45,59947.9,59900.75,59919.8,0
2026-01-07 09:50:00+05:30,59918.15,59929.9,59861.35,59882.35,0
2026-01-07 09:55:00+05:30,59879.5,59935.45,59868.85,59909.9,0
2026-01-07 10:00:00+05:30,59906.7,59922.65,59882.8,59887.4,0
2026-01-07 10:05:00+05:30,59886.95,59904.3,59864.05,59887.5,0
2026-01-07 10:10:00+05:30,59886.8,59918.0,59876.35,59912.45,0
2026-01-07 10:15:00+05:30,59910.4,59984.05,59909.85,59938.95,0
2026-01-07 10:20:00+05:30,59941.45,59952.4,59915.2,59915.2,0
2026-01-07 10:25:00+05:30,59919.5,59924.65,59864.6,59889.35,0
2026-01-07 10:30:00+05:30,59892.8,59917.75,59884.85,59896.45,0
2026-01-07 10:35:00+05:30,59897.0,59919.6,59881.5,59910.6,0
2026-01-07 10:40:00+05:30,59910.7,59965.35,59910.7,59952.6,0
2026-01-07 10:45:00+05:30,59952.7,59964.45,59919.5,59941.3,0
2026-01-07 10:50:00+05:30,59939.75,60027.9,59934.35,60013.65,0
2026-01-07 10:55:00+05:30,60014.45,60027.05,59973.1,59992.95,0
2026-01-07 11:00:00+05:30,59994.75,60018.65,59981.35,60016.25,0
2026-01-07 11:05:00+05:30,60016.1,60024.9,60006.2,60016.85,0
2026-01-07 11:10:00+05:30,60017.85,60018.3,59944.4,59987.05,0
2026-01-07 11:15:00+05:30,59989.3,60021.3,59985.0,60016.9,0
2026-01-07 11:20:00+05:30,60014.15,60018.9,59962.9,59974.8,0
2026-01-07 11:25:00+05:30,59978.95,60017.25,59970.8,59983.2,0
2026-01-07 11:30:00+05:30,59983.9,60065.4,59983.6,60056.7,0
2026-01-07 11:35:00+05:30,60054.3,60057.25,60002.8,60015.55,0
2026-01-07 11:40:00+05:30,60018.1,60020.95,59988.7,59998.15,0
2026-01-07 11:45:00+05:30,59999.0,60001.2,59974.5,59988.0,0
2026-01-07 11:50:00+05:30,59989.05,60022.6,59964.4,59971.0,0
2026-01-07 11:55:00+05:30,59971.1,59983.0,59926.95,59936.2,0
2026-01-07 12:00:00+05:30,59936.65,59945.15,59911.85,59918.2,0
2026-01-07 12:05:00+05:30,59919.1,59927.85,59901.4,59915.05,0
2026-01-07 12:10:00+05:30,59914.55,59917.25,59896.1,59906.8,0
2026-01-07 12:15:00+05:30,59908.1,59929.95,59894.8,59901.05,0
2026-01-07 12:20:00+05:30,59901.45,59931.35,59894.6,59907.05,0
2026-01-07 12:25:00+05:30,59907.45,59937.85,59895.8,59906.35,0
2026-01-07 12:30:00+05:30,59903.1,59938.6,59903.1,59929.0,0
2026-01-07 12:35:00+05:30,59928.6,59928.9,59887.4,59904.35,0
2026-01-07 12:40:00+05:30,59905.8,59909.3,59849.9,59858.1,0
2026-01-07 12:45:00+05:30,59859.0,59873.35,59841.05,59867.0,0
2026-01-07 12:50:00+05:30,59869.1,59883.7,59856.2,59866.0,0
2026-01-07 12:55:00+05:30,59868.9,59885.8,59864.85,59882.05,0
2026-01-07 13:00:00+05:30,59880.2,59894.6,59860.35,59880.5,0
2026-01-07 13:05:00+05:30,59879.75,59886.8,59863.0,59885.6,0
2026-01-07 13:10:00+05:30,59882.3,59896.65,59867.85,59895.05,0
2026-01-07 13:15:00+05:30,59894.85,59900.4,59866.8,59876.65,0
2026-01-07 13:20:00+05:30,59873.8,59883.15,59847.45,59854.15,0
2026-01-07 13:25:00+05:30,59853.25,59859.3,59781.1,59789.4,0
2026-01-07 13:30:00+05:30,59788.45,59801.1,59771.95,59785.5,0
2026-01-07 13:35:00+05:30,59781.5,59816.3,59781.5,59801.8,0
2026-01-07 13:40:00+05:30,59802.45,59808.4,59760.65,59800.15,0
2026-01-07 13:45:00+05:30,59801.45,59825.75,59789.1,59814.6,0
2026-01-07 13:50:00+05:30,59816.0,59829.0,59770.0,59811.95,0
2026-01-07 13:55:00+05:30,59813.1,59851.25,59790.0,59851.25,0
2026-01-07 14:00:00+05:30,59851.1,59866.6,59826.3,59866.6,0
2026-01-07 14:05:00+05:30,59862.05,59864.4,59837.8,59854.95,0
2026-01-07 14:10:00+05:30,59854.4,59858.5,59831.1,59833.8,0
2026-01-07 14:15:00+05:30,59837.05,59850.35,59822.2,59842.35,0
2026-01-07 14:20:00+05:30,59840.45,59862.35,59824.8,59841.85,0
2026-01-07 14:25:00+05:30,59842.6,59875.4,59834.5,59872.3,0
2026-01-07 14:30:00+05:30,59871.6,59883.8,59849.2,59861.0,0
2026-01-07 14:35:00+05:30,59863.6,59885.2,59856.2,59880.25,0
2026-01-07 14:40:00+05:30,59878.05,59944.5,59874.7,59930.3,0
2026-01-07 14:45:00+05:30,59932.1,59935.25,59894.7,59907.7,0
2026-01-07 14:50:00+05:30,59905.25,59945.85,59901.15,59941.35,0
2026-01-07 14:55:00+05:30,59939.3,59947.35,59926.85,59937.95,0
2026-01-07 15:00:00+05:30,59943.95,59972.5,59943.25,59966.35,0
2026-01-07 15:05:00+05:30,59967.15,60021.0,59963.2,60014.8,0
2026-01-07 15:10:00+05:30,60016.15,60026.0,60002.9,60017.5,0
2026-01-07 15:15:00+05:30,60017.9,60026.0,59992.35,59996.9,0
2026-01-07 15:20:00+05:30,59996.1,59999.3,59969.45,59971.55,0
2026-01-07 15:25:00+05:30,59973.9,59998.1,59959.8,59976.85,0
2026-01-08 09:15:00+05:30,59893.15,60005.6,59777.6,59970.2,0
2026-01-08 09:20:00+05:30,59959.3,59959.3,59875.05,59925.55,0
2026-01-08 09:25:00+05:30,59920.45,59928.85,59867.4,59895.45,0
2026-01-08 09:30:00+05:30,59897.4,59945.0,59866.35,59935.7,0
2026-01-08 09:35:00+05:30,59928.8,60067.0,59928.8,60057.9,0
2026-01-08 09:40:00+05:30,60059.45,60112.85,60051.0,60054.55,0
2026-01-08 09:45:00+05:30,60054.8,60060.8,59980.1,60042.7,0
2026-01-08 09:50:00+05:30,60041.8,60041.8,59944.6,60000.15,0
2026-01-08 09:55:00+05:30,59992.8,60001.1,59948.5,59966.0,0
2026-01-08 10:00:00+05:30,59961.75,59980.35,59937.75,59961.2,0
2026-01-08 10:05:00+05:30,59961.75,59984.25,59929.95,59946.9,0
2026-01-08 10:10:00+05:30,59942.5,59968.8,59926.15,59959.55,0
2026-01-08 10:15:00+05:30,59961.75,60022.6,59950.65,59970.35,0
2026-01-08 10:20:00+05:30,59971.25,59973.7,59916.45,59941.35,0
2026-01-08 10:25:00+05:30,59943.5,60012.75,59909.7,60006.25,0
2026-01-08 10:30:00+05:30,60008.1,60011.7,59951.15,59976.5,0
2026-01-08 10:35:00+05:30,59975.2,59989.7,59936.8,59954.1,0
2026-01-08 10:40:00+05:30,59953.1,59960.7,59930.05,59957.8,0
2026-01-08 10:45:00+05:30,59956.45,59994.0,59951.8,59974.2,0
2026-01-08 10:50:00+05:30,59973.05,59988.8,59941.9,59946.35,0
2026-01-08 10:55:00+05:30,59947.85,59947.85,59892.3,59905.15,0
2026-01-08 11:00:00+05:30,59901.3,59905.05,59830.6,59852.1,0
2026-01-08 11:05:00+05:30,59845.15,59850.45,59800.05,59810.85,0
2026-01-08 11:10:00+05:30,59804.8,59811.35,59749.5,59786.3,0
2026-01-08 11:15:00+05:30,59785.85,59805.15,59738.0,59762.8,0
2026-01-08 11:20:00+05:30,59762.85,59766.5,59689.7,59698.1,0
2026-01-08 11:25:00+05:30,59698.9,59745.8,59692.1,59737.45,0
2026-01-08 11:30:00+05:30,59738.85,59758.2,59712.1,59734.2,0
2026-01-08 11:35:00+05:30,59734.5,59781.4,59734.5,59778.4,0
2026-01-08 11:40:00+05:30,59777.5,59783.1,59756.8,59763.1,0
2026-01-08 11:45:00+05:30,59764.25,59770.75,59738.85,59760.2,0
2026-01-08 11:50:00+05:30,59759.3,59767.4,59735.55,59739.9,0
2026-01-08 11:55:00+05:30,59740.65,59753.25,59686.45,59696.15,0
2026-01-08 12:00:00+05:30,59699.85,59708.15,59620.7,59621.2,0
2026-01-08 12:05:00+05:30,59621.65,59679.95,59564.8,59661.55,0
2026-01-08 12:10:00+05:30,59660.4,59712.15,59655.9,59701.15,0
2026-01-08 12:15:00+05:30,59697.45,59745.65,59690.55,59699.7,0
2026-01-08 12:20:00+05:30,59704.95,59705.8,59649.0,59655.85,0
2026-01-08 12:25:00+05:30,59656.1,59723.4,59654.55,59707.4,0
2026-01-08 12:30:00+05:30,59706.25,59712.7,59661.5,59679.2,0
2026-01-08 12:35:00+05:30,59677.4,59708.4,59666.55,59691.85,0
2026-01-08 12:40:00+05:30,59689.7,59699.4,59667.8,59679.35,0
2026-01-08 12:45:00+05:30,59680.55,59692.6,59638.25,59654.8,0
2026-01-08 12:50:00+05:30,59656.8,59660.9,59608.3,59647.25,0
2026-01-08 12:55:00+05:30,59650.05,59683.05,59642.55,59660.65,0
2026-01-08 13:00:00+05:30,59662.85,59699.4,59634.6,59698.45,0
2026-01-08 13:05:00+05:30,59696.1,59715.35,59679.85,59715.35,0
2026-01-08 13:10:00+05:30,59712.15,59732.2,59700.0,59716.75,0
2026-01-08 13:15:00+05:30,59713.65,59717.45,59677.25,59695.25,0
2026-01-08 13:20:00+05:30,59695.85,59706.95,59677.0,59677.0,0
2026-01-08 13:25:00+05:30,59679.65,59686.85,59649.15,59650.1,0
2026-01-08 13:30:00+05:30,59653.5,59679.25,59635.45,59667.25,0
2026-01-08 13:35:00+05:30,59666.45,59694.5,59662.0,59684.85,0
2026-01-08 13:40:00+05:30,59682.25,59692.65,59664.95,59683.1,0
2026-01-08 13:45:00+05:30,59681.95,59737.1,59679.0,59711.75,0
2026-01-08 13:50:00+05:30,59709.35,59751.4,59698.9,59740.0,0
2026-01-08 13:55:00+05:30,59740.85,59779.2,59727.55,59735.75,0
2026-01-08 14:00:00+05:30,59734.75,59756.75,59712.45,59739.2,0
2026-01-08 14:05:00+05:30,59739.75,59779.15,59718.35,59736.3,0
2026-01-08 14:10:00+05:30,59734.55,59781.75,59731.7,59779.25,0
2026-01-08 14:15:00+05:30,59777.95,59799.2,59767.25,59787.5,0
2026-01-08 14:20:00+05:30,59788.25,59827.6,59763.9,59773.8,0
2026-01-08 14:25:00+05:30,59774.05,59783.85,59708.65,59724.55,0
2026-01-08 14:30:00+05:30,59725.35,59793.2,59719.05,59785.85,0
2026-01-08 14:35:00+05:30,59782.4,59796.5,59756.5,59784.85,0
2026-01-08 14:40:00+05:30,59783.95,59791.2,59760.5,59779.4,0
2026-01-08 14:45:00+05:30,59783.15,59793.15,59754.4,59775.05,0
2026-01-08 14:50:00+05:30,59769.4,59790.15,59752.3,59762.95,0
2026-01-08 14:55:00+05:30,59763.2,59764.45,59727.6,59740.8,0
2026-01-08 15:00:00+05:30,59738.55,59760.45,59679.5,59690.15,0
2026-01-08 15:05:00+05:30,59686.75,59715.8,59670.1,59692.4,0
2026-01-08 15:10:00+05:30,59690.3,59719.0,59684.8,59688.3,0
2026-01-08 15:15:00+05:30,59688.35,59691.6,59639.95,59682.4,0
2026-01-08 15:20:00+05:30,59676.3,59686.25,59655.05,59663.0,0
2026-01-08 15:25:00+05:30,59661.9,59687.5,59621.9,59676.7,0
2026-01-09 09:15:00+05:30,59558.15,59739.65,59542.3,59700.1,0
2026-01-09 09:20:00+05:30,59702.35,59707.2,59512.95,59518.9,0
2026-01-09 09:25:00+05:30,59518.45,59562.7,59471.85,59486.75,0
2026-01-09 09:30:00+05:30,59487.35,59525.05,59426.3,59455.8,0
2026-01-09 09:35:00+05:30,59454.25,59458.45,59411.25,59439.05,0
2026-01-09 09:40:00+05:30,59445.0,59516.8,59409.05,59516.8,0
2026-01-09 09:45:00+05:30,59511.4,59561.95,59465.15,59532.65,0
2026-01-09 09:50:00+05:30,59532.2,59535.75,59478.45,59513.3,0
2026-01-09 09:55:00+05:30,59514.65,59598.95,59514.65,59588.85,0
2026-01-09 10:00:00+05:30,59587.25,59619.5,59535.4,59557.45,0
2026-01-09 10:05:00+05:30,59555.65,59607.55,59525.55,59583.75,0
2026-01-09 10:10:00+05:30,59580.3,59600.75,59534.25,59542.75,0
2026-01-09 10:15:00+05:30,59544.6,59560.6,59506.1,59516.6,0
2026-01-09 10:20:00+05:30,59523.35,59557.6,59493.8,59537.1,0
2026-01-09 10:25:00+05:30,59541.65,59625.15,59514.8,59611.85,0
2026-01-09 10:30:00+05:30,59612.3,59614.1,59537.5,59540.95,0
2026-01-09 10:35:00+05:30,59541.55,59555.7,59491.45,59523.35,0
2026-01-09 10:40:00+05:30,59526.05,59573.15,59517.7,59542.55,0
2026-01-09 10:45:00+05:30,59543.45,59580.95,59521.95,59523.4,0
2026-01-09 10:50:00+05:30,59522.25,59532.35,59448.7,59468.55,0
2026-01-09 10:55:00+05:30,59466.2,59479.75,59420.15,59460.1,0
2026-01-09 11:00:00+05:30,59460.35,59470.0,59431.45,59433.0,0
2026-01-09 11:05:00+05:30,59434.6,59461.5,59424.7,59450.2,0
2026-01-09 11:10:00+05:30,59449.85,59472.95,59426.8,59428.5,0
2026-01-09 11:15:00+05:30,59427.1,59452.6,59391.65,59397.7,0
2026-01-09 11:20:00+05:30,59399.2,59400.85,59365.9,59376.6,0
2026-01-09 11:25:00+05:30,59378.85,59445.25,59377.7,59431.0,0
2026-01-09 11:30:00+05:30,59433.55,59486.25,59411.75,59414.75,0
2026-01-09 11:35:00+05:30,59410.25,59410.9,59363.55,59379.3,0
2026-01-09 11:40:00+05:30,59383.15,59417.3,59382.85,59390.75,0
2026-01-09 11:45:00+05:30,59390.9,59415.2,59364.85,59382.45,0
2026-01-09 11:50:00+05:30,59386.1,59392.25,59353.9,59373.6,0
2026-01-09 11:55:00+05:30,59373.8,59399.55,59351.3,59366.8,0
2026-01-09 12:00:00+05:30,59368.95,59387.5,59353.0,59383.15,0
2026-01-09 12:05:00+05:30,59384.65,59387.85,59363.1,59369.1,0
2026-01-09 12:10:00+05:30,59367.9,59376.65,59343.55,59352.5,0
2026-01-09 12:15:00+05:30,59353.05,59388.4,59341.5,59358.45,0
2026-01-09 12:20:00+05:30,59358.7,59373.1,59339.7,59351.2,0
2026-01-09 12:25:00+05:30,59353.45,59367.0,59316.05,59330.25,0
2026-01-09 12:30:00+05:30,59331.0,59333.65,59298.1,59312.3,0
2026-01-09 12:35:00+05:30,59307.3,59308.9,59239.25,59266.85,0
2026-01-09 12:40:00+05:30,59267.1,59267.3,59229.0,59263.85,0
2026-01-09 12:45:00+05:30,59262.45,59272.75,59230.55,59251.8,0
2026-01-09 12:50:00+05:30,59253.7,59333.4,59252.05,59309.45,0
2026-01-09 12:55:00+05:30,59305.9,59323.4,59277.55,59290.45,0
2026-01-09 13:00:00+05:30,59296.55,59319.6,59269.75,59283.65,0
2026-01-09 13:05:00+05:30,59284.35,59299.75,59268.6,59281.9,0
2026-01-09 13:10:00+05:30,59284.3,59298.4,59268.65,59273.95,0
2026-01-09 13:15:00+05:30,59272.8,59304.8,59255.15,59301.75,0
2026-01-09 13:20:00+05:30,59303.95,59329.1,59285.35,59286.85,0
2026-01-09 13:25:00+05:30,59287.5,59305.1,59277.4,59299.6,0
2026-01-09 13:30:00+05:30,59302.2,59306.3,59257.85,59269.45,0
2026-01-09 13:35:00+05:30,59266.7,59320.05,59266.7,59289.6,0
2026-01-09 13:40:00+05:30,59289.95,59291.0,59234.6,59253.15,0
2026-01-09 13:45:00+05:30,59254.75,59266.15,59216.05,59263.1,0
2026-01-09 13:50:00+05:30,59263.6,59272.5,59224.05,59229.35,0
2026-01-09 13:55:00+05:30,59229.3,59259.7,59211.55,59250.05,0
2026-01-09 14:00:00+05:30,59251.15,59261.3,59203.5,59226.35,0
2026-01-09 14:05:00+05:30,59228.65,59254.65,59211.15,59234.5,0
2026-01-09 14:10:00+05:30,59239.55,59240.8,59197.25,59205.6,0
2026-01-09 14:15:00+05:30,59208.75,59236.1,59157.35,59185.65,0
2026-01-09 14:20:00+05:30,59186.55,59215.85,59186.15,59203.45,0
2026-01-09 14:25:00+05:30,59205.25,59238.1,59204.55,59210.9,0
2026-01-09 14:30:00+05:30,59213.5,59218.55,59187.35,59209.05,0
2026-01-09 14:35:00+05:30,59208.45,59233.8,59201.35,59207.85,0
2026-01-09 14:40:00+05:30,59206.55,59226.9,59154.2,59211.85,0
2026-01-09 14:45:00+05:30,59211.65,59231.75,59192.6,59221.25,0
2026-01-09 14:50:00+05:30,59215.25,59224.7,59191.95,59204.15,0
2026-01-09 14:55:00+05:30,59211.75,59242.35,59200.95,59217.9,0
2026-01-09 15:00:00+05:30,59221.7,59286.95,59214.4,59262.4,0
2026-01-09 15:05:00+05:30,59263.65,59309.7,59257.5,59281.0,0
2026-01-09 15:10:00+05:30,59280.15,59309.3,59260.95,59268.45,0
2026-01-09 15:15:00+05:30,59270.6,59273.15,59215.45,59221.9,0
2026-01-09 15:20:00+05:30,59223.75,59255.7,59222.45,59228.2,0
2026-01-09 15:25:00+05:30,59232.2,59269.35,59221.5,59269.35,0
2026-01-12 09:15:00+05:30,59217.25,59322.15,59032.6,59132.7,0
2026-01-12 09:20:00+05:30,59130.6,59132.0,59025.35,59048.95,0
2026-01-12 09:25:00+05:30,59044.5,59077.9,58985.75,58996.25,0
2026-01-12 09:30:00+05:30,58998.45,59089.8,58982.75,59065.75,0
2026-01-12 09:35:00+05:30,59068.0,59131.95,59041.05,59101.5,0
2026-01-12 09:40:00+05:30,59100.75,59103.9,59016.05,59046.1,0
2026-01-12 09:45:00+05:30,59047.3,59117.85,59023.0,59117.85,0
2026-01-12 09:50:00+05:30,59120.7,59147.95,59081.6,59108.1,0
2026-01-12 09:55:00+05:30,59107.55,59132.0,59022.65,59036.25,0
2026-01-12 10:00:00+05:30,59033.45,59089.6,59025.75,59078.05,0
2026-01-12 10:05:00+05:30,59076.6,59103.35,59058.05,59079.7,0
2026-01-12 10:10:00+05:30,59077.95,59080.1,59034.4,59043.25,0
2026-01-12 10:15:00+05:30,59043.05,59144.05,59036.65,59132.5,0
2026-01-12 10:20:00+05:30,59129.95,59158.8,59110.05,59144.3,0
2026-01-12 10:25:00+05:30,59142.3,59169.3,59098.95,59146.7,0
2026-01-12 10:30:00+05:30,59146.2,59177.7,59087.75,59102.3,0
2026-01-12 10:35:00+05:30,59103.35,59118.05,59063.7,59072.9,0
2026-01-12 10:40:00+05:30,59071.65,59121.5,59068.3,59087.6,0
2026-01-12 10:45:00+05:30,59082.9,59117.4,59037.75,59110.05,0
2026-01-12 10:50:00+05:30,59106.1,59125.1,59048.0,59058.1,0
2026-01-12 10:55:00+05:30,59059.75,59075.9,59051.6,59054.35,0
2026-01-12 11:00:00+05:30,59056.15,59073.0,59033.05,59056.75,0
2026-01-12 11:05:00+05:30,59055.35,59055.35,59019.55,59029.2,0
2026-01-12 11:10:00+05:30,59029.25,59048.8,59009.85,59013.45,0
2026-01-12 11:15:00+05:30,59014.65,59023.2,58950.35,58960.0,0
2026-01-12 11:20:00+05:30,58962.3,58976.25,58931.25,58966.8,0
2026-01-12 11:25:00+05:30,58966.55,58988.75,58953.55,58969.05,0
2026-01-12 11:30:00+05:30,58968.55,58970.9,58901.15,58918.55,0
2026-01-12 11:35:00+05:30,58916.7,58959.05,58911.35,58913.45,0
2026-01-12 11:40:00+05:30,58910.85,58931.6,58874.65,58886.1,0
2026-01-12 11:45:00+05:30,58886.85,58928.5,58864.2,58917.55,0
2026-01-12 11:50:00+05:30,58917.85,58937.5,58899.1,58904.7,0
2026-01-12 11:55:00+05:30,58904.1,58947.5,58899.15,58939.3,0
2026-01-12 12:00:00+05:30,58938.8,58978.7,58918.65,58919.0,0
2026-01-12 12:05:00+05:30,58919.65,58976.7,58918.85,58953.15,0
2026-01-12 12:10:00+05:30,58952.75,59072.85,58930.0,59072.0,0
2026-01-12 12:15:00+05:30,59074.55,59148.55,59046.75,59124.5,0
2026-01-12 12:20:00+05:30,59126.45,59350.1,59122.6,59238.9,0
2026-01-12 12:25:00+05:30,59235.1,59346.55,59227.4,59299.45,0
2026-01-12 12:30:00+05:30,59300.7,59466.1,59294.0,59452.1,0
2026-01-12 12:35:00+05:30,59452.6,59491.8,59413.35,59430.35,0
2026-01-12 12:40:00+05:30,59430.45,59540.95,59406.8,59498.45,0
2026-01-12 12:45:00+05:30,59498.55,59536.0,59443.15,59444.25,0
2026-01-12 12:50:00+05:30,59448.45,59480.65,59446.1,59476.45,0
2026-01-12 12:55:00+05:30,59476.65,59503.7,59445.05,59450.1,0
2026-01-12 13:00:00+05:30,59451.45,59463.65,59357.3,59415.1,0
2026-01-12 13:05:00+05:30,59415.65,59481.4,59415.65,59471.85,0
2026-01-12 13:10:00+05:30,59470.2,59513.35,59464.05,59498.35,0
2026-01-12 13:15:00+05:30,59494.3,59519.1,59455.7,59455.7,0
2026-01-12 13:20:00+05:30,59456.5,59477.65,59423.5,59470.35,0
2026-01-12 13:25:00+05:30,59463.2,59463.55,59397.05,59398.0,0
2026-01-12 13:30:00+05:30,59397.25,59502.05,59396.3,59497.4,0
2026-01-12 13:35:00+05:30,59497.65,59521.6,59443.1,59477.0,0
2026-01-12 13:40:00+05:30,59474.75,59504.95,59447.3,59450.65,0
2026-01-12 13:45:00+05:30,59451.35,59484.9,59449.6,59470.75,0
2026-01-12 13:50:00+05:30,59471.4,59471.95,59438.85,59470.35,0
2026-01-12 13:55:00+05:30,59466.6,59478.75,59425.3,59455.95,0
2026-01-12 14:00:00+05:30,59457.7,59459.3,59394.15,59414.85,0
2026-01-12 14:05:00+05:30,59418.0,59436.3,59394.75,59432.0,0
2026-01-12 14:10:00+05:30,59429.3,59434.45,59406.05,59409.2,0
2026-01-12 14:15:00+05:30,59410.75,59429.85,59394.75,59395.65,0
2026-01-12 14:20:00+05:30,59388.4,59467.4,59381.3,59462.1,0
2026-01-12 14:25:00+05:30,59459.6,59477.15,59407.35,59415.3,0
2026-01-12 14:30:00+05:30,59414.65,59432.85,59359.0,59371.6,0
2026-01-12 14:35:00+05:30,59369.6,59383.9,59303.75,59370.15,0
2026-01-12 14:40:00+05:30,59371.7,59402.45,59353.2,59388.95,0
2026-01-12 14:45:00+05:30,59388.3,59412.6,59380.3,59404.05,0
2026-01-12 14:50:00+05:30,59398.75,59462.1,59398.75,59439.95,0
2026-01-12 14:55:00+05:30,59439.7,59507.0,59439.7,59488.0,0
2026-01-12 15:00:00+05:30,59486.6,59487.85,59407.3,59421.55,0
2026-01-12 15:05:00+05:30,59421.7,59438.4,59392.7,59418.8,0
2026-01-12 15:10:00+05:30,59413.25,59444.0,59412.2,59424.05,0
2026-01-12 15:15:00+05:30,59423.25,59456.75,59423.25,59440.6,0
2026-01-12 15:20:00+05:30,59441.3,59487.6,59422.9,59482.75,0
2026-01-12 15:25:00+05:30,59486.5,59541.1,59471.8,59534.05,0
2026-01-13 09:15:00+05:30,59767.55,59767.55,59644.1,59678.95,0
2026-01-13 09:20:00+05:30,59670.55,59744.0,59627.95,59700.05,0
2026-01-13 09:25:00+05:30,59699.15,59706.35,59610.05,59622.55,0
2026-01-13 09:30:00+05:30,59616.95,59661.3,59537.5,59565.3,0
2026-01-13 09:35:00+05:30,59565.7,59606.15,59538.35,59554.9,0
2026-01-13 09:40:00+05:30,59552.95,59552.95,59463.75,59529.5,0
2026-01-13 09:45:00+05:30,59529.1,59635.25,59522.6,59537.1,0
2026-01-13 09:50:00+05:30,59533.85,59609.2,59527.0,59548.35,0
2026-01-13 09:55:00+05:30,59550.4,59551.9,59464.9,59487.5,0
2026-01-13 10:00:00+05:30,59489.5,59575.3,59476.8,59564.7,0
2026-01-13 10:05:00+05:30,59564.4,59617.65,59544.95,59596.95,0
2026-01-13 10:10:00+05:30,59597.0,59605.3,59547.6,59552.85,0
2026-01-13 10:15:00+05:30,59548.6,59587.25,59530.15,59544.4,0
2026-01-13 10:20:00+05:30,59539.85,59620.35,59539.85,59604.2,0
2026-01-13 10:25:00+05:30,59602.3,59668.45,59580.3,59656.4,0
2026-01-13 10:30:00+05:30,59656.0,59697.75,59639.85,59651.0,0
2026-01-13 10:35:00+05:30,59649.75,59657.8,59588.65,59604.0,0
2026-01-13 10:40:00+05:30,59600.65,59607.35,59560.15,59592.05,0
2026-01-13 10:45:00+05:30,59587.3,59611.55,59553.95,59602.35,0
2026-01-13 10:50:00+05:30,59603.0,59640.0,59581.5,59590.2,0
2026-01-13 10:55:00+05:30,59586.5,59632.3,59575.65,59617.4,0
2026-01-13 11:00:00+05:30,59617.05,59646.75,59591.45,59634.2,0
2026-01-13 11:05:00+05:30,59634.75,59681.85,59621.9,59679.2,0
2026-01-13 11:10:00+05:30,59678.95,59679.45,59641.6,59663.1,0
2026-01-13 11:15:00+05:30,59663.25,59674.45,59628.55,59646.65,0
2026-01-13 11:20:00+05:30,59642.9,59672.35,59622.4,59648.6,0
2026-01-13 11:25:00+05:30,59645.0,59684.55,59645.0,59666.2,0
2026-01-13 11:30:00+05:30,59662.2,59704.15,59649.8,59695.3,0
2026-01-13 11:35:00+05:30,59693.0,59715.05,59666.55,59703.65,0
2026-01-13 11:40:00+05:30,59700.4,59728.65,59679.3,59684.15,0
2026-01-13 11:45:00+05:30,59681.75,59693.2,59643.9,59648.4,0
2026-01-13 11:50:00+05:30,59645.3,59668.35,59578.8,59609.7,0
2026-01-13 11:55:00+05:30,59609.2,59649.4,59602.05,59615.5,0
2026-01-13 12:00:00+05:30,59609.9,59622.15,59596.1,59598.15,0
2026-01-13 12:05:00+05:30,59599.6,59618.8,59582.05,59617.15,0
2026-01-13 12:10:00+05:30,59618.55,59630.95,59537.45,59541.85,0
2026-01-13 12:15:00+05:30,59538.9,59598.9,59523.65,59593.75,0
2026-01-13 12:20:00+05:30,59593.45,59598.9,59544.5,59546.0,0
2026-01-13 12:25:00+05:30,59548.35,59606.85,59544.95,59603.7,0
2026-01-13 12:30:00+05:30,59599.5,59604.1,59545.85,59548.95,0
2026-01-13 12:35:00+05:30,59550.9,59588.9,59550.9,59565.7,0
2026-01-13 12:40:00+05:30,59567.35,59569.0,59511.95,59541.3,0
2026-01-13 12:45:00+05:30,59539.4,59541.55,59442.55,59470.55,0
2026-01-13 12:50:00+05:30,59469.45,59470.95,59385.4,59410.85,0
2026-01-13 12:55:00+05:30,59412.0,59415.35,59368.0,59373.35,0
2026-01-13 13:00:00+05:30,59369.35,59390.35,59324.55,59379.2,0
2026-01-13 13:05:00+05:30,59380.0,59413.35,59347.95,59413.35,0
2026-01-13 13:10:00+05:30,59408.4,59451.95,59399.1,59403.4,0
2026-01-13 13:15:00+05:30,59404.6,59417.35,59364.7,59403.6,0
2026-01-13 13:20:00+05:30,59400.75,59457.3,59381.9,59445.8,0
2026-01-13 13:25:00+05:30,59445.9,59448.95,59405.15,59408.0,0
2026-01-13 13:30:00+05:30,59411.0,59429.25,59374.4,59424.25,0
2026-01-13 13:35:00+05:30,59429.9,59454.35,59410.55,59431.95,0
2026-01-13 13:40:00+05:30,59431.75,59441.8,59362.05,59437.2,0
2026-01-13 13:45:00+05:30,59437.1,59446.95,59409.85,59440.8,0
2026-01-13 13:50:00+05:30,59439.75,59495.2,59438.05,59469.9,0
2026-01-13 13:55:00+05:30,59470.45,59470.45,59446.75,59462.85,0
2026-01-13 14:00:00+05:30,59459.1,59461.6,59380.15,59394.85,0
2026-01-13 14:05:00+05:30,59389.25,59403.95,59354.75,59385.7,0
2026-01-13 14:10:00+05:30,59385.35,59388.7,59313.0,59343.3,0
2026-01-13 14:15:00+05:30,59343.2,59393.05,59315.55,59368.75,0
2026-01-13 14:20:00+05:30,59371.4,59373.75,59327.5,59327.5,0
2026-01-13 14:25:00+05:30,59326.85,59356.75,59319.75,59329.5,0
2026-01-13 14:30:00+05:30,59328.55,59446.45,59312.05,59396.7,0
2026-01-13 14:35:00+05:30,59398.2,59433.35,59386.0,59415.5,0
2026-01-13 14:40:00+05:30,59415.55,59506.65,59405.8,59481.3,0
2026-01-13 14:45:00+05:30,59481.55,59537.1,59475.4,59509.25,0
2026-01-13 14:50:00+05:30,59506.0,59590.55,59502.35,59560.3,0
2026-01-13 14:55:00+05:30,59563.15,59589.65,59511.9,59555.9,0
2026-01-13 15:00:00+05:30,59572.45,59652.8,59513.05,59522.75,0
2026-01-13 15:05:00+05:30,59519.35,59617.45,59519.35,59590.85,0
2026-01-13 15:10:00+05:30,59595.35,59603.85,59563.95,59575.9,0
2026-01-13 15:15:00+05:30,59574.4,59607.75,59560.15,59567.15,0
2026-01-13 15:20:00+05:30,59569.45,59603.1,59547.6,59568.85,0
2026-01-13 15:25:00+05:30,59577.4,59586.55,59535.7,59542.35,0
2026-01-14 09:15:00+05:30,59330.35,59608.2,59324.2,59524.55,0
2026-01-14 09:20:00+05:30,59523.1,59657.1,59515.1,59531.15,0
2026-01-14 09:25:00+05:30,59532.2,59611.65,59525.05,59601.6,0
2026-01-14 09:30:00+05:30,59599.9,59667.3,59563.8,59585.0,0
2026-01-14 09:35:00+05:30,59579.05,59628.25,59556.0,59582.15,0
2026-01-14 09:40:00+05:30,59579.35,59607.6,59514.2,59527.85,0
2026-01-14 09:45:00+05:30,59524.7,59544.0,59484.6,59499.25,0
2026-01-14 09:50:00+05:30,59499.55,59576.7,59485.75,59571.4,0
2026-01-14 09:55:00+05:30,59580.8,59623.4,59505.25,59527.3,0
2026-01-14 10:00:00+05:30,59532.9,59543.75,59494.1,59519.7,0
2026-01-14 10:05:00+05:30,59520.6,59549.8,59486.65,59513.2,0
2026-01-14 10:10:00+05:30,59514.2,59516.35,59479.1,59483.85,0
2026-01-14 10:15:00+05:30,59483.3,59504.6,59386.25,59427.05,0
2026-01-14 10:20:00+05:30,59421.7,59436.0,59385.3,59431.9,0
2026-01-14 10:25:00+05:30,59434.65,59471.45,59405.05,59467.9,0
2026-01-14 10:30:00+05:30,59468.8,59470.1,59386.05,59417.4,0
2026-01-14 10:35:00+05:30,59417.8,59437.65,59366.65,59396.9,0
2026-01-14 10:40:00+05:30,59394.8,59457.7,59381.1,59395.9,0
2026-01-14 10:45:00+05:30,59401.85,59442.6,59364.95,59421.0,0
2026-01-14 10:50:00+05:30,59423.55,59478.9,59416.65,59469.4,0
2026-01-14 10:55:00+05:30,59473.35,59523.85,59465.25,59523.85,0
2026-01-14 11:00:00+05:30,59526.5,59589.25,59480.2,59557.15,0
2026-01-14 11:05:00+05:30,59559.7,59575.0,59509.45,59565.65,0
2026-01-14 11:10:00+05:30,59570.0,59596.05,59554.6,59575.0,0
2026-01-14 11:15:00+05:30,59577.1,59639.75,59558.9,59610.95,0
2026-01-14 11:20:00+05:30,59617.4,59645.55,59572.35,59572.6,0
2026-01-14 11:25:00+05:30,59578.05,59699.15,59553.5,59680.05,0
2026-01-14 11:30:00+05:30,59681.25,59708.6,59642.05,59668.85,0
2026-01-14 11:35:00+05:30,59668.4,59679.35,59646.75,59658.75,0
2026-01-14 11:40:00+05:30,59658.3,59698.85,59616.5,59616.5,0
2026-01-14 11:45:00+05:30,59615.8,59655.95,59612.25,59653.1,0
2026-01-14 11:50:00+05:30,59655.15,59655.15,59601.2,59613.65,0
2026-01-14 11:55:00+05:30,59611.65,59637.2,59598.05,59611.55,0
2026-01-14 12:00:00+05:30,59616.2,59660.6,59611.55,59654.05,0
2026-01-14 12:05:00+05:30,59653.95,59661.0,59605.2,59612.45,0
2026-01-14 12:10:00+05:30,59615.2,59617.4,59567.4,59577.0,0
2026-01-14 12:15:00+05:30,59578.2,59637.7,59549.05,59637.7,0
2026-01-14 12:20:00+05:30,59638.85,59656.9,59626.35,59633.45,0
2026-01-14 12:25:00+05:30,59634.45,59641.05,59595.35,59607.35,0
2026-01-14 12:30:00+05:30,59613.65,59647.9,59609.65,59631.05,0
2026-01-14 12:35:00+05:30,59632.95,59670.45,59631.0,59642.15,0
2026-01-14 12:40:00+05:30,59645.2,59660.0,59600.85,59606.35,0
2026-01-14 12:45:00+05:30,59608.9,59677.1,59601.55,59648.4,0
2026-01-14 12:50:00+05:30,59647.1,59666.8,59617.55,59647.3,0
2026-01-14 12:55:00+05:30,59648.75,59669.9,59627.85,59666.1,0
2026-01-14 13:00:00+05:30,59668.8,59683.4,59629.35,59641.25,0
2026-01-14 13:05:00+05:30,59648.25,59710.4,59643.4,59703.55,0
2026-01-14 13:10:00+05:30,59702.2,59752.25,59698.25,59730.75,0
2026-01-14 13:15:00+05:30,59732.9,59796.65,59731.4,59742.45,0
2026-01-14 13:20:00+05:30,59745.35,59755.15,59704.4,59707.6,0
2026-01-14 13:25:00+05:30,59704.8,59740.7,59674.85,59701.5,0
2026-01-14 13:30:00+05:30,59702.3,59714.85,59648.8,59677.85,0
2026-01-14 13:35:00+05:30,59678.25,59714.7,59641.65,59641.65,0
2026-01-14 13:40:00+05:30,59639.35,59675.35,59623.9,59630.0,0
2026-01-14 13:45:00+05:30,59631.5,59655.45,59599.35,59636.4,0
2026-01-14 13:50:00+05:30,59639.3,59658.8,59572.15,59572.15,0
2026-01-14 13:55:00+05:30,59576.55,59584.45,59543.85,59577.25,0
2026-01-14 14:00:00+05:30,59579.6,59623.95,59566.8,59573.3,0
2026-01-14 14:05:00+05:30,59571.05,59608.9,59557.65,59589.05,0
2026-01-14 14:10:00+05:30,59591.55,59631.25,59570.2,59627.3,0
2026-01-14 14:15:00+05:30,59629.9,59639.1,59578.05,59595.4,0
2026-01-14 14:20:00+05:30,59599.2,59599.2,59497.45,59500.35,0
2026-01-14 14:25:00+05:30,59497.15,59520.5,59457.0,59504.75,0
2026-01-14 14:30:00+05:30,59505.0,59534.9,59481.2,59529.4,0
2026-01-14 14:35:00+05:30,59531.1,59587.5,59513.75,59566.85,0
2026-01-14 14:40:00+05:30,59566.65,59627.65,59554.4,59612.1,0
2026-01-14 14:45:00+05:30,59612.4,59717.0,59611.0,59653.2,0
2026-01-14 14:50:00+05:30,59652.4,59692.15,59648.95,59667.65,0
2026-01-14 14:55:00+05:30,59667.05,59682.55,59624.75,59639.7,0
2026-01-14 15:00:00+05:30,59642.05,59644.15,59561.95,59633.9,0
2026-01-14 15:05:00+05:30,59635.25,59660.45,59565.2,59588.65,0
2026-01-14 15:10:00+05:30,59590.55,59601.65,59558.0,59564.7,0
2026-01-14 15:15:00+05:30,59580.6,59586.25,59546.7,59582.6,0
2026-01-14 15:20:00+05:30,59582.5,59583.4,59550.6,59560.75,0
2026-01-14 15:25:00+05:30,59566.05,59576.75,59546.3,59575.8,0
2026-01-16 09:15:00+05:30,59590.35,59767.4,59510.5,59733.6,0
2026-01-16 09:20:00+05:30,59734.0,59752.65,59676.75,59706.7,0
2026-01-16 09:25:00+05:30,59708.55,59793.25,59693.65,59763.65,0
2026-01-16 09:30:00+05:30,59764.45,59773.65,59702.6,59760.1,0
2026-01-16 09:35:00+05:30,59759.9,59804.9,59727.2,59747.95,0
2026-01-16 09:40:00+05:30,59745.15,59854.15,59738.45,59849.65,0
2026-01-16 09:45:00+05:30,59851.5,59932.15,59843.35,59905.4,0
2026-01-16 09:50:00+05:30,59899.05,59985.05,59899.05,59956.65,0
2026-01-16 09:55:00+05:30,59948.55,59968.75,59919.4,59935.15,0
2026-01-16 10:00:00+05:30,59936.4,59990.15,59924.4,59984.25,0
2026-01-16 10:05:00+05:30,59983.25,59984.55,59928.25,59965.75,0
2026-01-16 10:10:00+05:30,59970.85,60026.7,59943.75,60008.45,0
2026-01-16 10:15:00+05:30,60006.85,60080.1,60004.5,60075.0,0
2026-01-16 10:20:00+05:30,60070.3,60089.0,60051.45,60079.65,0
2026-01-16 10:25:00+05:30,60079.0,60155.95,60078.5,60143.25,0
2026-01-16 10:30:00+05:30,60145.7,60160.85,60106.6,60115.6,0
2026-01-16 10:35:00+05:30,60115.95,60155.95,60106.7,60129.3,0
2026-01-16 10:40:00+05:30,60129.45,60133.85,60048.4,60064.8,0
2026-01-16 10:45:00+05:30,60064.15,60105.2,60050.35,60097.8,0
2026-01-16 10:50:00+05:30,60097.9,60105.5,60069.85,60098.65,0
2026-01-16 10:55:00+05:30,60098.35,60112.1,60042.3,60051.45,0
2026-01-16 11:00:00+05:30,60049.25,60077.5,60028.0,60041.65,0
2026-01-16 11:05:00+05:30,60044.55,60076.15,60038.3,60048.1,0
2026-01-16 11:10:00+05:30,60043.1,60050.75,59993.0,60022.9,0
2026-01-16 11:15:00+05:30,60021.15,60034.75,60005.5,60024.55,0
2026-01-16 11:20:00+05:30,60025.7,60059.65,60019.05,60038.25,0
2026-01-16 11:25:00+05:30,60035.45,60081.45,60033.05,60078.3,0
2026-01-16 11:30:00+05:30,60079.3,60118.7,60051.0,60071.1,0
2026-01-16 11:35:00+05:30,60067.4,60083.9,60024.25,60024.85,0
2026-01-16 11:40:00+05:30,60021.95,60057.55,60021.1,60026.45,0
2026-01-16 11:45:00+05:30,60026.1,60045.7,59998.45,60029.05,0
2026-01-16 11:50:00+05:30,60028.45,60063.55,60021.95,60030.6,0
2026-01-16 11:55:00+05:30,60030.0,60044.55,60003.95,60007.65,0
2026-01-16 12:00:00+05:30,60014.0,60053.65,60012.1,60046.95,0
2026-01-16 12:05:00+05:30,60045.55,60081.95,60026.0,60076.25,0
2026-01-16 12:10:00+05:30,60070.95,60096.6,60057.75,60084.35,0
2026-01-16 12:15:00+05:30,60085.1,60094.85,60036.35,60051.25,0
2026-01-16 12:20:00+05:30,60051.65,60068.75,60009.2,60019.95,0
2026-01-16 12:25:00+05:30,60020.3,60026.4,59899.1,59972.1,0
2026-01-16 12:30:00+05:30,59968.0,60041.7,59948.75,60017.2,0
2026-01-16 12:35:00+05:30,60018.85,60037.5,59981.75,60025.65,0
2026-01-16 12:40:00+05:30,60030.6,60065.15,60009.85,60047.3,0
2026-01-16 12:45:00+05:30,60050.65,60055.05,60011.25,60020.95,0
2026-01-16 12:50:00+05:30,60023.55,60054.1,59961.85,60052.55,0
2026-01-16 12:55:00+05:30,60055.7,60055.7,59980.7,59989.65,0
2026-01-16 13:00:00+05:30,59989.6,59994.3,59927.85,59966.25,0
2026-01-16 13:05:00+05:30,59966.75,60000.2,59951.0,59980.75,0
2026-01-16 13:10:00+05:30,59977.85,59987.95,59954.4,59980.5,0
2026-01-16 13:15:00+05:30,59981.0,60008.9,59971.3,60007.85,0
2026-01-16 13:20:00+05:30,60011.5,60026.15,59959.75,59976.55,0
2026-01-16 13:25:00+05:30,59978.9,60035.8,59916.75,60034.0,0
2026-01-16 13:30:00+05:30,60033.8,60079.8,60022.75,60043.4,0
2026-01-16 13:35:00+05:30,60046.95,60065.1,60006.6,60055.1,0
2026-01-16 13:40:00+05:30,60054.45,60068.95,60015.85,60033.85,0
2026-01-16 13:45:00+05:30,60031.5,60083.4,60022.95,60047.85,0
2026-01-16 13:50:00+05:30,60046.85,60076.35,60006.7,60023.9,0
2026-01-16 13:55:00+05:30,60024.35,60057.3,60019.6,60039.55,0
2026-01-16 14:00:00+05:30,60042.95,60050.9,60000.15,60010.3,0
2026-01-16 14:05:00+05:30,60006.9,60051.8,59977.55,59977.55,0
2026-01-16 14:10:00+05:30,59976.5,60049.3,59969.35,60035.75,0
2026-01-16 14:15:00+05:30,60036.9,60052.2,59999.7,60050.4,0
2026-01-16 14:20:00+05:30,60051.6,60075.2,60048.5,60060.9,0
2026-01-16 14:25:00+05:30,60062.8,60094.3,60039.15,60057.1,0
2026-01-16 14:30:00+05:30,60059.6,60096.7,60036.7,60083.95,0
2026-01-16 14:35:00+05:30,60084.05,60106.1,60046.3,60095.9,0
2026-01-16 14:40:00+05:30,60094.95,60112.45,60078.3,60092.45,0
2026-01-16 14:45:00+05:30,60093.05,60109.35,60056.85,60088.45,0
2026-01-16 14:50:00+05:30,60088.25,60104.65,60064.85,60085.45,0
2026-01-16 14:55:00+05:30,60086.8,60115.5,60081.75,60102.5,0
2026-01-16 15:00:00+05:30,60099.35,60120.5,60076.3,60082.2,0
2026-01-16 15:05:00+05:30,60081.85,60092.15,60046.85,60089.4,0
2026-01-16 15:10:00+05:30,60091.6,60106.1,60066.4,60074.7,0
2026-01-16 15:15:00+05:30,60075.7,60113.95,60073.6,60104.0,0
2026-01-16 15:20:00+05:30,60096.2,60139.75,60089.15,60103.05,0
2026-01-16 15:25:00+05:30,60105.75,60235.15,60058.5,60110.5,0
2026-01-19 09:15:00+05:30,60093.3,60107.5,59781.75,59930.55,0
2026-01-19 09:20:00+05:30,59938.3,59938.3,59852.8,59897.4,0
2026-01-19 09:25:00+05:30,59893.4,59915.05,59835.2,59864.4,0
2026-01-19 09:30:00+05:30,59867.65,59896.75,59798.8,59885.4,0
2026-01-19 09:35:00+05:30,59882.95,59915.95,59771.65,59789.65,0
2026-01-19 09:40:00+05:30,59785.45,59795.15,59744.2,59744.2,0
2026-01-19 09:45:00+05:30,59748.4,59782.9,59720.5,59754.85,0
2026-01-19 09:50:00+05:30,59759.45,59814.05,59668.7,59680.55,0
2026-01-19 09:55:00+05:30,59674.5,59708.55,59649.45,59660.55,0
2026-01-19 10:00:00+05:30,59666.85,59669.75,59594.6,59641.0,0
2026-01-19 10:05:00+05:30,59644.35,59704.7,59609.8,59686.7,0
2026-01-19 10:10:00+05:30,59688.25,59698.35,59639.0,59668.85,0
2026-01-19 10:15:00+05:30,59664.5,59711.3,59655.85,59693.35,0
2026-01-19 10:20:00+05:30,59691.85,59748.9,59669.5,59748.9,0
2026-01-19 10:25:00+05:30,59747.85,59750.35,59670.9,59720.4,0
2026-01-19 10:30:00+05:30,59721.3,59770.95,59711.45,59736.0,0
2026-01-19 10:35:00+05:30,59734.9,59744.7,59700.95,59702.45,0
2026-01-19 10:40:00+05:30,59700.7,59713.8,59664.45,59688.8,0
2026-01-19 10:45:00+05:30,59691.05,59721.65,59677.85,59693.35,0
2026-01-19 10:50:00+05:30,59694.2,59736.45,59685.1,59726.15,0
2026-01-19 10:55:00+05:30,59726.4,59780.95,59723.8,59773.75,0
2026-01-19 11:00:00+05:30,59774.3,59809.3,59744.4,59779.85,0
2026-01-19 11:05:00+05:30,59777.4,59784.3,59730.1,59732.0,0
2026-01-19 11:10:00+05:30,59737.95,59740.7,59678.0,59726.75,0
2026-01-19 11:15:00+05:30,59727.1,59746.1,59716.85,59729.1,0
2026-01-19 11:20:00+05:30,59728.8,59765.2,59705.55,59724.4,0
2026-01-19 11:25:00+05:30,59722.7,59724.25,59681.15,59718.7,0
2026-01-19 11:30:00+05:30,59714.9,59737.2,59706.25,59733.75,0
2026-01-19 11:35:00+05:30,59734.15,59748.85,59715.15,59745.5,0
2026-01-19 11:40:00+05:30,59747.15,59767.5,59720.4,59755.5,0
2026-01-19 11:45:00+05:30,59761.85,59781.35,59732.55,59769.25,0
2026-01-19 11:50:00+05:30,59770.0,59802.3,59753.45,59779.7,0
2026-01-19 11:55:00+05:30,59783.75,59785.9,59704.35,59730.5,0
2026-01-19 12:00:00+05:30,59733.85,59733.85,59700.5,59710.95,0
2026-01-19 12:05:00+05:30,59712.25,59743.3,59709.85,59728.4,0
2026-01-19 12:10:00+05:30,59727.7,59773.95,59719.2,59769.65,0
2026-01-19 12:15:00+05:30,59770.1,59847.65,59766.15,59830.4,0
2026-01-19 12:20:00+05:30,59829.0,59855.7,59804.05,59809.4,0
2026-01-19 12:25:00+05:30,59811.35,59824.2,59792.5,59815.4,0
2026-01-19 12:30:00+05:30,59815.35,59829.3,59787.9,59803.45,0
2026-01-19 12:35:00+05:30,59803.85,59819.05,59781.3,59803.6,0
2026-01-19 12:40:00+05:30,59806.25,59832.3,59798.2,59826.5,0
2026-01-19 12:45:00+05:30,59826.3,59843.0,59783.3,59813.95,0
2026-01-19 12:50:00+05:30,59810.8,59890.35,59797.0,59873.1,0
2026-01-19 12:55:00+05:30,59875.85,59895.95,59849.95,59876.9,0
2026-01-19 13:00:00+05:30,59877.25,59889.25,59852.9,59876.8,0
2026-01-19 13:05:00+05:30,59875.25,59903.45,59862.95,59875.05,0
2026-01-19 13:10:00+05:30,59877.9,59889.35,59801.85,59857.65,0
2026-01-19 13:15:00+05:30,59852.7,59869.45,59834.4,59865.05,0
2026-01-19 13:20:00+05:30,59863.4,59911.6,59861.6,59876.05,0
2026-01-19 13:25:00+05:30,59876.0,59879.75,59849.8,59855.0,0
2026-01-19 13:30:00+05:30,59857.05,59869.45,59811.35,59818.65,0
2026-01-19 13:35:00+05:30,59815.95,59823.05,59774.1,59797.9,0
2026-01-19 13:40:00+05:30,59786.4,59832.25,59785.45,59818.95,0
2026-01-19 13:45:00+05:30,59819.6,59898.9,59806.35,59896.6,0
2026-01-19 13:50:00+05:30,59895.7,59989.25,59817.85,59847.3,0
2026-01-19 13:55:00+05:30,59845.4,59904.3,59820.05,59861.2,0
2026-01-19 14:00:00+05:30,59863.15,59923.8,59848.45,59872.15,0
2026-01-19 14:05:00+05:30,59869.65,59925.3,59859.9,59912.0,0
2026-01-19 14:10:00+05:30,59912.55,59918.8,59840.35,59849.1,0
2026-01-19 14:15:00+05:30,59848.55,59914.05,59834.25,59910.4,0
2026-01-19 14:20:00+05:30,59911.9,59915.95,59870.6,59893.7,0
2026-01-19 14:25:00+05:30,59897.0,59899.45,59836.05,59850.05,0
2026-01-19 14:30:00+05:30,59848.15,59890.8,59848.15,59883.5,0
2026-01-19 14:35:00+05:30,59886.85,59922.0,59877.0,59919.05,0
2026-01-19 14:40:00+05:30,59919.4,59935.85,59899.5,59920.05,0
2026-01-19 14:45:00+05:30,59918.4,59954.85,59914.5,59947.5,0
2026-01-19 14:50:00+05:30,59946.75,59974.8,59917.7,59938.65,0
2026-01-19 14:55:00+05:30,59938.85,59957.15,59907.25,59947.95,0
2026-01-19 15:00:00+05:30,59948.15,59971.0,59911.1,59953.15,0
2026-01-19 15:05:00+05:30,59951.0,59954.6,59907.5,59918.0,0
2026-01-19 15:10:00+05:30,59917.9,59921.0,59888.55,59910.5,0
2026-01-19 15:15:00+05:30,59910.8,59919.4,59864.4,59867.7,0
2026-01-19 15:20:00+05:30,59869.45,59872.7,59833.75,59861.95,0
2026-01-19 15:25:00+05:30,59861.85,59875.3,59798.45,59829.9,0
2026-01-20 09:15:00+05:30,59851.4,59993.5,59780.45,59951.3,0
2026-01-20 09:20:00+05:30,59951.8,59960.3,59845.1,59864.15,0
2026-01-20 09:25:00+05:30,59868.5,59873.0,59768.8,59807.85,0
2026-01-20 09:30:00+05:30,59803.25,59864.95,59784.65,59811.05,0
2026-01-20 09:35:00+05:30,59810.45,59818.85,59694.65,59711.3,0
2026-01-20 09:40:00+05:30,59712.55,59773.85,59696.6,59722.7,0
2026-01-20 09:45:00+05:30,59723.95,59734.25,59662.75,59682.05,0
2026-01-20 09:50:00+05:30,59684.8,59727.9,59621.95,59636.35,0
2026-01-20 09:55:00+05:30,59638.9,59701.25,59630.55,59678.7,0
2026-01-20 10:00:00+05:30,59678.65,59724.3,59665.45,59716.7,0
2026-01-20 10:05:00+05:30,59715.45,59729.95,59678.45,59703.15,0
2026-01-20 10:10:00+05:30,59706.25,59747.15,59660.45,59666.65,0
2026-01-20 10:15:00+05:30,59672.6,59730.55,59652.9,59708.35,0
2026-01-20 10:20:00+05:30,59710.4,59760.95,59692.6,59725.25,0
2026-01-20 10:25:00+05:30,59721.75,59744.3,59690.65,59708.75,0
2026-01-20 10:30:00+05:30,59707.9,59708.5,59664.8,59676.9,0
2026-01-20 10:35:00+05:30,59678.55,59746.95,59657.35,59719.45,0
2026-01-20 10:40:00+05:30,59720.55,59737.15,59680.55,59693.1,0
2026-01-20 10:45:00+05:30,59695.3,59711.9,59678.8,59696.8,0
2026-01-20 10:50:00+05:30,59694.25,59704.3,59661.4,59688.5,0
2026-01-20 10:55:00+05:30,59688.35,59688.35,59639.4,59676.9,0
2026-01-20 11:00:00+05:30,59677.7,59681.4,59630.5,59660.45,0
2026-01-20 11:05:00+05:30,59656.6,59694.65,59638.5,59679.8,0
2026-01-20 11:10:00+05:30,59679.2,59702.8,59667.15,59697.9,0
2026-01-20 11:15:00+05:30,59696.6,59720.05,59669.7,59672.9,0
2026-01-20 11:20:00+05:30,59675.5,59715.85,59667.25,59703.95,0
2026-01-20 11:25:00+05:30,59707.1,59723.9,59685.75,59710.15,0
2026-01-20 11:30:00+05:30,59711.65,59723.75,59695.25,59716.9,0
2026-01-20 11:35:00+05:30,59714.35,59739.05,59707.8,59722.05,0
2026-01-20 11:40:00+05:30,59720.7,59736.75,59702.5,59728.05,0
2026-01-20 11:45:00+05:30,59729.3,59780.2,59714.6,59770.7,0
2026-01-20 11:50:00+05:30,59775.75,59840.1,59756.6,59824.6,0
2026-01-20 11:55:00+05:30,59826.25,59826.25,59764.85,59769.9,0
2026-01-20 12:00:00+05:30,59770.85,59774.7,59742.2,59767.05,0
2026-01-20 12:05:00+05:30,59767.65,59767.75,59693.5,59693.5,0
2026-01-20 12:10:00+05:30,59699.9,59710.6,59673.65,59702.1,0
2026-01-20 12:15:00+05:30,59706.2,59727.1,59676.25,59691.45,0
2026-01-20 12:20:00+05:30,59689.15,59714.8,59672.95,59688.1,0
2026-01-20 12:25:00+05:30,59689.4,59722.55,59671.1,59711.5,0
2026-01-20 12:30:00+05:30,59710.7,59721.85,59676.85,59685.4,0
2026-01-20 12:35:00+05:30,59685.85,59699.85,59668.05,59685.45,0
2026-01-20 12:40:00+05:30,59684.75,59691.65,59629.7,59634.1,0
2026-01-20 12:45:00+05:30,59633.05,59667.55,59623.1,59654.2,0
2026-01-20 12:50:00+05:30,59660.0,59687.9,59647.15,59675.5,0
2026-01-20 12:55:00+05:30,59677.05,59695.8,59658.25,59686.5,0
2026-01-20 13:00:00+05:30,59684.85,59691.5,59665.15,59681.45,0
2026-01-20 13:05:00+05:30,59688.2,59693.0,59659.4,59680.45,0
2026-01-20 13:10:00+05:30,59683.05,59702.95,59665.0,59674.95,0
2026-01-20 13:15:00+05:30,59674.8,59689.5,59648.4,59680.05,0
2026-01-20 13:20:00+05:30,59678.9,59709.75,59675.0,59707.75,0
2026-01-20 13:25:00+05:30,59706.95,59721.25,59679.55,59683.95,0
2026-01-20 13:30:00+05:30,59684.5,59688.2,59630.5,59632.15,0
2026-01-20 13:35:00+05:30,59638.75,59646.95,59581.65,59587.9,0
2026-01-20 13:40:00+05:30,59588.55,59615.95,59561.25,59589.5,0
2026-01-20 13:45:00+05:30,59587.85,59604.4,59545.15,59551.8,0
2026-01-20 13:50:00+05:30,59551.05,59584.65,59536.95,59574.0,0
2026-01-20 13:55:00+05:30,59575.6,59584.05,59543.45,59568.15,0
2026-01-20 14:00:00+05:30,59570.0,59597.05,59507.05,59585.1,0
2026-01-20 14:05:00+05:30,59582.75,59582.75,59490.9,59516.35,0
2026-01-20 14:10:00+05:30,59516.85,59520.0,59482.6,59488.1,0
2026-01-20 14:15:00+05:30,59488.65,59530.7,59479.05,59488.65,0
2026-01-20 14:20:00+05:30,59488.35,59505.1,59475.2,59487.2,0
2026-01-20 14:25:00+05:30,59487.55,59584.8,59474.65,59575.4,0
2026-01-20 14:30:00+05:30,59574.9,59600.85,59550.7,59568.95,0
2026-01-20 14:35:00+05:30,59572.4,59587.85,59533.7,59540.9,0
2026-01-20 14:40:00+05:30,59546.45,59552.65,59500.35,59524.2,0
2026-01-20 14:45:00+05:30,59523.95,59553.1,59504.55,59523.7,0
2026-01-20 14:50:00+05:30,59529.6,59539.2,59492.85,59527.0,0
2026-01-20 14:55:00+05:30,59530.95,59552.6,59503.7,59505.6,0
2026-01-20 15:00:00+05:30,59505.7,59505.7,59433.65,59474.9,0
2026-01-20 15:05:00+05:30,59478.85,59520.0,59467.3,59468.2,0
2026-01-20 15:10:00+05:30,59480.8,59480.8,59382.6,59388.45,0
2026-01-20 15:15:00+05:30,59384.8,59452.0,59350.3,59366.5,0
2026-01-20 15:20:00+05:30,59371.3,59371.3,59295.45,59299.2,0
2026-01-20 15:25:00+05:30,59297.15,59390.95,59283.95,59372.3,0
2026-01-21 09:15:00+05:30,59142.0,59447.35,59122.65,59349.95,0
2026-01-21 09:20:00+05:30,59346.45,59348.45,59208.7,59260.0,0
2026-01-21 09:25:00+05:30,59269.3,59342.0,59241.85,59251.55,0
2026-01-21 09:30:00+05:30,59251.4,59342.75,59236.4,59321.3,0
2026-01-21 09:35:00+05:30,59316.4,59330.9,59191.4,59193.8,0
2026-01-21 09:40:00+05:30,59191.75,59258.5,59189.3,59210.05,0
2026-01-21 09:45:00+05:30,59207.8,59239.3,59173.65,59191.35,0
2026-01-21 09:50:00+05:30,59193.45,59221.25,59140.25,59153.2,0
2026-01-21 09:55:00+05:30,59152.7,59205.65,59104.15,59112.65,0
2026-01-21 10:00:00+05:30,59104.7,59107.65,59038.75,59045.45,0
2026-01-21 10:05:00+05:30,59047.55,59058.65,58993.05,59009.45,0
2026-01-21 10:10:00+05:30,59009.25,59048.75,58970.3,58983.25,0
2026-01-21 10:15:00+05:30,58976.6,58989.1,58926.65,58949.2,0
2026-01-21 10:20:00+05:30,58953.8,58981.35,58918.45,58923.0,0
2026-01-21 10:25:00+05:30,58927.25,58992.3,58914.8,58950.4,0
2026-01-21 10:30:00+05:30,58950.15,58955.15,58908.65,58931.8,0
2026-01-21 10:35:00+05:30,58925.9,58952.3,58896.9,58905.9,0
2026-01-21 10:40:00+05:30,58909.4,58919.65,58759.4,58762.0,0
2026-01-21 10:45:00+05:30,58760.1,58765.0,58644.3,58651.05,0
2026-01-21 10:50:00+05:30,58648.95,58658.8,58463.95,58476.1,0
2026-01-21 10:55:00+05:30,58474.45,58586.4,58278.6,58535.25,0
2026-01-21 11:00:00+05:30,58529.15,58563.65,58489.05,58514.1,0
2026-01-21 11:05:00+05:30,58512.95,58543.15,58458.3,58535.15,0
2026-01-21 11:10:00+05:30,58530.8,58687.1,58530.8,58627.1,0
2026-01-21 11:15:00+05:30,58629.4,58651.75,58582.6,58646.7,0
2026-01-21 11:20:00+05:30,58647.45,58649.05,58540.65,58570.65,0
2026-01-21 11:25:00+05:30,58572.6,58575.05,58514.45,58528.4,0
2026-01-21 11:30:00+05:30,58526.2,58643.45,58519.0,58574.05,0
2026-01-21 11:35:00+05:30,58574.85,58591.7,58528.75,58543.55,0
2026-01-21 11:40:00+05:30,58544.95,58575.85,58535.45,58539.95,0
2026-01-21 11:45:00+05:30,58541.15,58623.7,58539.35,58579.55,0
2026-01-21 11:50:00+05:30,58582.65,58644.9,58568.05,58595.75,0
2026-01-21 11:55:00+05:30,58602.6,58619.8,58555.45,58591.95,0
2026-01-21 12:00:00+05:30,58595.0,58770.8,58577.55,58745.4,0
2026-01-21 12:05:00+05:30,58745.2,58778.2,58723.45,58759.35,0
2026-01-21 12:10:00+05:30,58760.35,58773.75,58727.75,58773.75,0
2026-01-21 12:15:00+05:30,58773.65,58853.65,58751.85,58818.95,0
2026-01-21 12:20:00+05:30,58822.4,58853.55,58761.0,58842.85,0
2026-01-21 12:25:00+05:30,58841.85,58844.1,58671.0,58695.75,0
2026-01-21 12:30:00+05:30,58698.3,58851.0,58696.55,58832.15,0
2026-01-21 12:35:00+05:30,58834.65,58953.5,58828.8,58928.8,0
2026-01-21 12:40:00+05:30,58936.65,59005.3,58928.55,58951.75,0
2026-01-21 12:45:00+05:30,58954.35,59163.75,58948.25,59150.6,0
2026-01-21 12:50:00+05:30,59150.95,59178.1,59097.75,59145.15,0
2026-01-21 12:55:00+05:30,59145.3,59150.55,59061.55,59147.5,0
2026-01-21 13:00:00+05:30,59146.75,59270.2,59146.75,59221.6,0
2026-01-21 13:05:00+05:30,59215.3,59235.4,59101.65,59101.65,0
2026-01-21 13:10:00+05:30,59104.55,59104.55,58997.15,59019.9,0
2026-01-21 13:15:00+05:30,59027.3,59065.9,58966.85,58987.1,0
2026-01-21 13:20:00+05:30,58993.1,59033.9,58960.65,58983.75,0
2026-01-21 13:25:00+05:30,58987.0,59012.7,58961.05,58975.7,0
2026-01-21 13:30:00+05:30,58973.4,59009.05,58901.25,58925.3,0
2026-01-21 13:35:00+05:30,58922.9,59049.25,58887.7,58978.75,0
2026-01-21 13:40:00+05:30,58978.7,58978.7,58859.1,58914.05,0
2026-01-21 13:45:00+05:30,58913.65,58940.6,58869.0,58909.7,0
2026-01-21 13:50:00+05:30,58909.3,58924.8,58800.7,58826.4,0
2026-01-21 13:55:00+05:30,58824.9,58828.65,58771.0,58785.95,0
2026-01-21 14:00:00+05:30,58784.85,58815.55,58740.85,58776.5,0
2026-01-21 14:05:00+05:30,58780.0,58798.3,58745.95,58766.2,0
2026-01-21 14:10:00+05:30,58765.55,58815.2,58735.2,58764.05,0
2026-01-21 14:15:00+05:30,58768.35,58922.55,58732.3,58859.7,0
2026-01-21 14:20:00+05:30,58860.65,58895.55,58764.75,58804.6,0
2026-01-21 14:25:00+05:30,58805.6,58810.4,58747.35,58751.55,0
2026-01-21 14:30:00+05:30,58752.75,58865.3,58745.7,58851.75,0
2026-01-21 14:35:00+05:30,58854.85,58863.95,58805.5,58849.95,0
2026-01-21 14:40:00+05:30,58850.85,58884.8,58817.8,58851.55,0
2026-01-21 14:45:00+05:30,58857.15,58870.95,58837.3,58863.75,0
2026-01-21 14:50:00+05:30,58863.3,58896.5,58839.55,58865.4,0
2026-01-21 14:55:00+05:30,58863.85,58875.65,58780.95,58791.2,0
2026-01-21 15:00:00+05:30,58794.5,58869.85,58772.0,58869.85,0
2026-01-21 15:05:00+05:30,58872.85,58900.45,58809.75,58829.05,0
2026-01-21 15:10:00+05:30,58827.15,58839.1,58763.95,58778.45,0
2026-01-21 15:15:00+05:30,58776.35,58798.75,58743.7,58788.75,0
2026-01-21 15:20:00+05:30,58788.8,58791.55,58728.1,58757.8,0
2026-01-21 15:25:00+05:30,58753.05,58821.0,58741.2,58741.2,0
2026-01-22 09:15:00+05:30,59194.25,59327.1,59087.3,59320.05,0
2026-01-22 09:20:00+05:30,59316.3,59421.7,59294.9,59401.2,0
2026-01-22 09:25:00+05:30,59396.15,59492.3,59350.55,59462.4,0
2026-01-22 09:30:00+05:30,59455.45,59553.05,59455.45,59510.5,0
2026-01-22 09:35:00+05:30,59505.85,59573.1,59503.5,59535.65,0
2026-01-22 09:40:00+05:30,59535.7,59547.3,59462.9,59490.9,0
2026-01-22 09:45:00+05:30,59486.25,59533.15,59471.75,59483.5,0
2026-01-22 09:50:00+05:30,59482.25,59509.55,59383.65,59385.95,0
2026-01-22 09:55:00+05:30,59382.2,59435.05,59336.8,59388.75,0
2026-01-22 10:00:00+05:30,59388.5,59433.95,59299.2,59331.25,0
2026-01-22 10:05:00+05:30,59330.0,59366.7,59312.8,59314.05,0
2026-01-22 10:10:00+05:30,59317.55,59370.55,59303.9,59333.3,0
2026-01-22 10:15:00+05:30,59332.75,59353.2,59226.6,59229.75,0
2026-01-22 10:20:00+05:30,59222.75,59264.3,59197.0,59235.35,0
2026-01-22 10:25:00+05:30,59235.6,59243.25,59133.3,59138.55,0
2026-01-22 10:30:00+05:30,59139.55,59149.45,58944.25,59149.45,0
2026-01-22 10:35:00+05:30,59150.65,59198.7,59095.7,59100.8,0
2026-01-22 10:40:00+05:30,59102.5,59124.4,59081.8,59105.7,0
2026-01-22 10:45:00+05:30,59107.4,59114.95,59041.9,59058.7,0
2026-01-22 10:50:00+05:30,59050.75,59059.25,58965.2,59022.0,0
2026-01-22 10:55:00+05:30,59022.65,59023.3,58915.95,58919.1,0
2026-01-22 11:00:00+05:30,58911.4,58968.3,58895.45,58935.75,0
2026-01-22 11:05:00+05:30,58933.5,58937.6,58862.45,58910.7,0
2026-01-22 11:10:00+05:30,58912.7,58946.95,58868.5,58904.15,0
2026-01-22 11:15:00+05:30,58900.2,58949.5,58900.2,58906.05,0
2026-01-22 11:20:00+05:30,58909.1,59027.45,58897.9,58999.15,0
2026-01-22 11:25:00+05:30,58999.7,59067.25,58978.75,58982.6,0
2026-01-22 11:30:00+05:30,58980.15,59009.45,58936.7,58991.0,0
2026-01-22 11:35:00+05:30,58989.45,59012.1,58948.5,58960.4,0
2026-01-22 11:40:00+05:30,58961.1,58962.35,58875.15,58891.85,0
2026-01-22 11:45:00+05:30,58889.1,58919.3,58823.05,58917.2,0
2026-01-22 11:50:00+05:30,58912.45,58966.65,58892.95,58908.15,0
2026-01-22 11:55:00+05:30,58904.9,58929.15,58868.85,58880.55,0
2026-01-22 12:00:00+05:30,58882.3,58925.15,58863.4,58924.65,0
2026-01-22 12:05:00+05:30,58925.25,59009.9,58924.65,58983.3,0
2026-01-22 12:10:00+05:30,58977.05,59000.9,58949.8,58989.65,0
2026-01-22 12:15:00+05:30,58990.7,59047.1,58945.8,59028.1,0
2026-01-22 12:20:00+05:30,59024.0,59127.4,59015.85,59024.3,0
2026-01-22 12:25:00+05:30,59022.8,59086.4,59018.2,59083.6,0
2026-01-22 12:30:00+05:30,59082.3,59136.75,59049.75,59127.5,0
2026-01-22 12:35:00+05:30,59125.95,59151.55,59032.95,59070.9,0
2026-01-22 12:40:00+05:30,59076.55,59095.75,58996.6,59088.3,0
2026-01-22 12:45:00+05:30,59093.6,59112.3,59037.85,59106.8,0
2026-01-22 12:50:00+05:30,59105.3,59127.15,59029.4,59029.4,0
2026-01-22 12:55:00+05:30,59022.05,59026.3,58949.35,58963.7,0
2026-01-22 13:00:00+05:30,58959.0,58986.5,58899.0,58986.5,0
2026-01-22 13:05:00+05:30,58980.5,58997.85,58940.15,58953.75,0
2026-01-22 13:10:00+05:30,58942.75,58997.9,58936.9,58957.2,0
2026-01-22 13:15:00+05:30,58956.4,58989.4,58927.25,58985.25,0
2026-01-22 13:20:00+05:30,58982.25,59002.65,58949.7,58987.3,0
2026-01-22 13:25:00+05:30,58983.25,59005.55,58956.2,58976.75,0
2026-01-22 13:30:00+05:30,58972.0,59057.95,58947.15,59056.15,0
2026-01-22 13:35:00+05:30,59055.65,59079.8,58988.2,58996.5,0
2026-01-22 13:40:00+05:30,58996.3,59048.3,58987.55,59032.0,0
2026-01-22 13:45:00+05:30,59030.65,59070.1,58994.1,59064.25,0
2026-01-22 13:50:00+05:30,59064.05,59132.65,59047.25,59096.85,0
2026-01-22 13:55:00+05:30,59093.2,59115.75,59055.2,59072.95,0
2026-01-22 14:00:00+05:30,59070.75,59127.0,59068.9,59086.2,0
2026-01-22 14:05:00+05:30,59089.25,59103.25,59042.8,59074.9,0
2026-01-22 14:10:00+05:30,59074.0,59084.85,59012.85,59015.65,0
2026-01-22 14:15:00+05:30,59015.05,59044.15,58979.65,59001.0,0
2026-01-22 14:20:00+05:30,59003.25,59077.25,58990.55,59045.75,0
2026-01-22 14:25:00+05:30,59045.35,59131.6,59034.8,59128.9,0
2026-01-22 14:30:00+05:30,59123.55,59219.45,59119.7,59215.5,0
2026-01-22 14:35:00+05:30,59213.45,59238.05,59180.95,59209.5,0
2026-01-22 14:40:00+05:30,59209.35,59231.6,59137.5,59174.5,0
2026-01-22 14:45:00+05:30,59173.8,59228.25,59171.9,59179.65,0
2026-01-22 14:50:00+05:30,59176.65,59179.25,59106.2,59110.95,0
2026-01-22 14:55:00+05:30,59115.6,59197.85,59115.6,59175.0,0
2026-01-22 15:00:00+05:30,59174.2,59174.5,59058.55,59112.7,0
2026-01-22 15:05:00+05:30,59107.15,59186.15,59083.35,59168.3,0
2026-01-22 15:10:00+05:30,59168.15,59230.05,59163.6,59215.0,0
2026-01-22 15:15:00+05:30,59211.95,59297.1,59207.55,59272.9,0
2026-01-22 15:20:00+05:30,59268.2,59291.7,59255.2,59262.2,0
2026-01-22 15:25:00+05:30,59258.65,59310.35,59233.45,59257.55,0
2026-01-23 09:15:00+05:30,59305.15,59400.15,59133.25,59150.95,0
2026-01-23 09:20:00+05:30,59148.6,59261.4,59101.9,59238.65,0
2026-01-23 09:25:00+05:30,59239.25,59263.8,59178.25,59250.55,0
2026-01-23 09:30:00+05:30,59247.35,59249.95,59177.6,59197.25,0
2026-01-23 09:35:00+05:30,59199.55,59234.5,59147.4,59176.25,0
2026-01-23 09:40:00+05:30,59179.15,59204.8,59090.25,59098.95,0
2026-01-23 09:45:00+05:30,59100.35,59160.2,59047.2,59117.5,0
2026-01-23 09:50:00+05:30,59120.7,59132.8,59061.5,59061.5,0
2026-01-23 09:55:00+05:30,59063.55,59100.4,59045.95,59083.65,0
2026-01-23 10:00:00+05:30,59085.7,59107.2,59027.1,59061.9,0
2026-01-23 10:05:00+05:30,59063.25,59134.45,59046.2,59077.6,0
2026-01-23 10:10:00+05:30,59077.9,59113.0,59067.8,59082.0,0
2026-01-23 10:15:00+05:30,59086.45,59093.35,59032.8,59072.55,0
2026-01-23 10:20:00+05:30,59065.45,59078.6,59045.05,59067.45,0
2026-01-23 10:25:00+05:30,59068.3,59134.35,59050.85,59123.65,0
2026-01-23 10:30:00+05:30,59123.1,59211.25,59114.0,59156.4,0
2026-01-23 10:35:00+05:30,59153.55,59185.4,59136.55,59141.95,0
2026-01-23 10:40:00+05:30,59143.0,59171.9,59111.95,59140.75,0
2026-01-23 10:45:00+05:30,59139.7,59159.8,59081.2,59109.5,0
2026-01-23 10:50:00+05:30,59110.35,59162.35,59094.9,59141.15,0
2026-01-23 10:55:00+05:30,59143.85,59162.05,59117.9,59145.9,0
2026-01-23 11:00:00+05:30,59147.05,59171.95,59123.45,59139.0,0
2026-01-23 11:05:00+05:30,59135.9,59177.5,59129.65,59158.8,0
2026-01-23 11:10:00+05:30,59161.4,59242.8,59152.25,59209.2,0
2026-01-23 11:15:00+05:30,59207.9,59215.35,59099.6,59099.6,0
2026-01-23 11:20:00+05:30,59100.85,59126.55,59064.05,59097.8,0
2026-01-23 11:25:00+05:30,59105.3,59126.5,59098.5,59114.85,0
2026-01-23 11:30:00+05:30,59115.55,59122.85,59058.15,59058.15,0
2026-01-23 11:35:00+05:30,59058.95,59073.1,59004.55,59004.8,0
2026-01-23 11:40:00+05:30,59004.7,59030.45,58956.15,58987.85,0
2026-01-23 11:45:00+05:30,58988.2,58995.75,58931.35,58932.15,0
2026-01-23 11:50:00+05:30,58934.55,59008.35,58915.65,58953.95,0
2026-01-23 11:55:00+05:30,58956.65,58980.95,58946.05,58968.7,0
2026-01-23 12:00:00+05:30,58966.05,58999.05,58931.15,58985.7,0
2026-01-23 12:05:00+05:30,58980.85,58981.75,58895.5,58916.45,0
2026-01-23 12:10:00+05:30,58918.5,58941.9,58898.8,58931.65,0
2026-01-23 12:15:00+05:30,58927.85,59044.15,58927.85,59041.65,0
2026-01-23 12:20:00+05:30,59039.55,59050.45,58987.15,58987.15,0
2026-01-23 12:25:00+05:30,58985.45,58993.2,58953.35,58965.95,0
2026-01-23 12:30:00+05:30,58961.7,59008.75,58947.65,58983.0,0
2026-01-23 12:35:00+05:30,58977.55,59025.8,58970.75,59020.8,0
2026-01-23 12:40:00+05:30,59018.15,59073.55,58987.05,59054.0,0
2026-01-23 12:45:00+05:30,59053.05,59124.65,59038.9,59044.85,0
2026-01-23 12:50:00+05:30,59047.35,59074.65,59007.65,59071.1,0
2026-01-23 12:55:00+05:30,59070.35,59070.35,58978.65,58985.8,0
2026-01-23 13:00:00+05:30,58990.45,59020.5,58971.15,58977.15,0
2026-01-23 13:05:00+05:30,58975.5,58993.4,58933.45,58951.45,0
2026-01-23 13:10:00+05:30,58947.85,58997.55,58936.7,58986.7,0
2026-01-23 13:15:00+05:30,58987.35,58993.95,58869.05,58881.75,0
2026-01-23 13:20:00+05:30,58880.0,58901.0,58834.85,58854.05,0
2026-01-23 13:25:00+05:30,58853.1,58897.35,58781.1,58787.6,0
2026-01-23 13:30:00+05:30,58787.95,58789.75,58602.55,58622.05,0
2026-01-23 13:35:00+05:30,58628.4,58664.35,58583.8,58595.8,0
2026-01-23 13:40:00+05:30,58597.35,58641.75,58580.85,58585.0,0
2026-01-23 13:45:00+05:30,58585.15,58621.9,58558.25,58595.75,0
2026-01-23 13:50:00+05:30,58592.95,58600.75,58566.85,58572.05,0
2026-01-23 13:55:00+05:30,58571.25,58589.4,58522.9,58553.6,0
2026-01-23 14:00:00+05:30,58555.65,58574.25,58528.85,58570.7,0
2026-01-23 14:05:00+05:30,58571.6,58592.7,58521.9,58551.4,0
2026-01-23 14:10:00+05:30,58551.35,58582.45,58515.6,58537.2,0
2026-01-23 14:15:00+05:30,58539.9,58620.05,58513.4,58527.8,0
2026-01-23 14:20:00+05:30,58529.25,58542.4,58445.9,58460.8,0
2026-01-23 14:25:00+05:30,58457.6,58574.2,58451.65,58517.75,0
2026-01-23 14:30:00+05:30,58524.35,58640.2,58520.85,58609.25,0
2026-01-23 14:35:00+05:30,58606.1,58624.75,58534.35,58592.0,0
2026-01-23 14:40:00+05:30,58584.8,58655.4,58584.8,58616.85,0
2026-01-23 14:45:00+05:30,58620.15,58651.7,58567.1,58569.95,0
2026-01-23 14:50:00+05:30,58570.85,58602.15,58530.8,58587.25,0
2026-01-23 14:55:00+05:30,58587.05,58647.1,58587.05,58604.05,0
2026-01-23 15:00:00+05:30,58613.35,58645.1,58539.45,58564.55,0
2026-01-23 15:05:00+05:30,58561.15,58576.85,58496.3,58503.75,0
2026-01-23 15:10:00+05:30,58507.6,58548.1,58485.7,58517.05,0
2026-01-23 15:15:00+05:30,58518.5,58554.1,58346.25,58406.1,0
2026-01-23 15:20:00+05:30,58408.4,58419.85,58360.35,58413.95,0
2026-01-23 15:25:00+05:30,58412.05,58525.3,58395.7,58501.1,0
2026-01-27 09:15:00+05:30,58366.05,58591.35,58263.85,58397.85,0
2026-01-27 09:20:00+05:30,58403.15,58403.15,58204.45,58242.4,0
2026-01-27 09:25:00+05:30,58246.6,58265.9,58150.0,58191.85,0
2026-01-27 09:30:00+05:30,58193.05,58270.1,58121.6,58238.55,0
2026-01-27 09:35:00+05:30,58227.05,58528.15,58210.9,58519.0,0
2026-01-27 09:40:00+05:30,58517.4,58649.3,58474.25,58647.95,0
2026-01-27 09:45:00+05:30,58645.3,58699.35,58579.95,58644.85,0
2026-01-27 09:50:00+05:30,58644.95,58677.1,58596.45,58627.65,0
2026-01-27 09:55:00+05:30,58617.1,58627.75,58512.25,58562.25,0
2026-01-27 10:00:00+05:30,58577.9,58677.4,58575.6,58649.7,0
2026-01-27 10:05:00+05:30,58648.0,58653.85,58526.5,58578.15,0
2026-01-27 10:10:00+05:30,58579.65,58701.1,58550.75,58680.95,0
2026-01-27 10:15:00+05:30,58683.8,58780.05,58669.85,58760.95,0
2026-01-27 10:20:00+05:30,58756.6,58773.55,58718.5,58728.7,0
2026-01-27 10:25:00+05:30,58721.95,58738.3,58617.95,58620.8,0
2026-01-27 10:30:00+05:30,58639.0,58712.05,58616.05,58706.5,0
2026-01-27 10:35:00+05:30,58703.3,58720.2,58661.05,58673.2,0
2026-01-27 10:40:00+05:30,58669.85,58675.2,58438.1,58455.1,0
2026-01-27 10:45:00+05:30,58454.9,58492.35,58420.8,58489.3,0
2026-01-27 10:50:00+05:30,58485.8,58485.8,58375.55,58427.55,0
2026-01-27 10:55:00+05:30,58428.7,58489.65,58400.6,58429.45,0
2026-01-27 11:00:00+05:30,58429.25,58576.05,58424.75,58557.1,0
2026-01-27 11:05:00+05:30,58539.4,58613.4,58478.4,58534.55,0
2026-01-27 11:10:00+05:30,58534.05,58565.15,58510.9,58561.35,0
2026-01-27 11:15:00+05:30,58562.05,58653.8,58534.65,58623.25,0
2026-01-27 11:20:00+05:30,58625.35,58654.8,58584.5,58595.95,0
2026-01-27 11:25:00+05:30,58597.55,58648.0,58577.65,58624.6,0
2026-01-27 11:30:00+05:30,58626.3,58698.9,58619.0,58647.5,0
2026-01-27 11:35:00+05:30,58645.25,58718.55,58645.25,58710.3,0
2026-01-27 11:40:00+05:30,58706.0,58856.75,58691.3,58843.9,0
2026-01-27 11:45:00+05:30,58835.7,58859.2,58719.8,58729.8,0
2026-01-27 11:50:00+05:30,58726.35,58728.75,58619.05,58628.8,0
2026-01-27 11:55:00+05:30,58625.9,58708.7,58618.0,58670.7,0
2026-01-27 12:00:00+05:30,58670.8,58750.7,58643.4,58705.15,0
2026-01-27 12:05:00+05:30,58705.2,58750.1,58705.2,58727.65,0
2026-01-27 12:10:00+05:30,58727.25,58780.25,58722.75,58741.05,0
2026-01-27 12:15:00+05:30,58743.4,58756.2,58664.5,58676.4,0
2026-01-27 12:20:00+05:30,58676.9,58791.3,58674.95,58774.9,0
2026-01-27 12:25:00+05:30,58773.65,58793.25,58682.15,58686.65,0
2026-01-27 12:30:00+05:30,58686.3,58728.7,58653.5,58695.65,0
2026-01-27 12:35:00+05:30,58693.55,58713.45,58631.6,58676.95,0
2026-01-27 12:40:00+05:30,58674.9,58705.05,58656.05,58666.75,0
2026-01-27 12:45:00+05:30,58668.7,58685.9,58589.25,58589.25,0
2026-01-27 12:50:00+05:30,58598.75,58743.15,58590.3,58727.55,0
2026-01-27 12:55:00+05:30,58726.8,58766.6,58711.95,58739.7,0
2026-01-27 13:00:00+05:30,58745.3,58755.25,58683.85,58711.3,0
2026-01-27 13:05:00+05:30,58713.95,58746.1,58689.75,58729.35,0
2026-01-27 13:10:00+05:30,58727.05,58740.4,58672.05,58723.95,0
2026-01-27 13:15:00+05:30,58719.6,58750.5,58692.2,58741.0,0
2026-01-27 13:20:00+05:30,58739.75,58765.3,58712.7,58745.85,0
2026-01-27 13:25:00+05:30,58747.65,58812.2,58715.05,58794.6,0
2026-01-27 13:30:00+05:30,58799.65,58824.15,58754.6,58759.85,0
2026-01-27 13:35:00+05:30,58758.75,58767.9,58622.5,58636.15,0
2026-01-27 13:40:00+05:30,58656.0,58726.3,58620.75,58684.8,0
2026-01-27 13:45:00+05:30,58687.65,58740.75,58669.8,58737.75,0
2026-01-27 13:50:00+05:30,58737.5,58745.8,58679.05,58702.55,0
2026-01-27 13:55:00+05:30,58704.2,58765.7,58688.9,58734.9,0
2026-01-27 14:00:00+05:30,58731.2,58747.25,58656.6,58662.2,0
2026-01-27 14:05:00+05:30,58665.7,58711.3,58634.7,58692.2,0
2026-01-27 14:10:00+05:30,58696.15,58788.95,58693.6,58724.45,0
2026-01-27 14:15:00+05:30,58724.8,58747.0,58694.15,58733.2,0
2026-01-27 14:20:00+05:30,58731.0,58757.95,58683.55,58709.75,0
2026-01-27 14:25:00+05:30,58713.65,58745.85,58702.1,58729.05,0
2026-01-27 14:30:00+05:30,58733.05,58785.4,58714.1,58777.4,0
2026-01-27 14:35:00+05:30,58775.85,58890.8,58772.1,58890.8,0
2026-01-27 14:40:00+05:30,58884.7,58933.15,58859.65,58892.05,0
2026-01-27 14:45:00+05:30,58892.75,58965.55,58892.75,58961.35,0
2026-01-27 14:50:00+05:30,58962.2,59093.65,58962.2,59063.55,0
2026-01-27 14:55:00+05:30,59062.4,59090.75,58995.35,59067.2,0
2026-01-27 15:00:00+05:30,59075.3,59083.15,58983.4,59069.5,0
2026-01-27 15:05:00+05:30,59071.05,59164.2,59049.2,59118.65,0
2026-01-27 15:10:00+05:30,59114.9,59220.3,59102.75,59153.45,0
2026-01-27 15:15:00+05:30,59150.8,59316.7,59148.25,59296.1,0
2026-01-27 15:20:00+05:30,59298.3,59408.7,59249.75,59402.75,0
2026-01-27 15:25:00+05:30,59401.85,59436.8,59322.2,59348.25,0
2026-01-28 09:15:00+05:30,59575.65,59622.85,59445.7,59577.95,0
2026-01-28 09:20:00+05:30,59580.55,59642.45,59549.25,59606.45,0
2026-01-28 09:25:00+05:30,59603.8,59659.15,59521.6,59622.35,0
2026-01-28 09:30:00+05:30,59616.15,59644.3,59506.1,59508.75,0
2026-01-28 09:35:00+05:30,59509.0,59520.75,59455.0,59495.75,0
2026-01-28 09:40:00+05:30,59503.9,59528.4,59466.35,59482.6,0
2026-01-28 09:45:00+05:30,59485.4,59518.4,59470.0,59512.85,0
2026-01-28 09:50:00+05:30,59515.7,59532.2,59454.3,59462.55,0
2026-01-28 09:55:00+05:30,59467.05,59531.65,59448.2,59531.65,0
2026-01-28 10:00:00+05:30,59529.05,59575.3,59497.2,59517.5,0
2026-01-28 10:05:00+05:30,59519.85,59554.6,59417.6,59431.9,0
2026-01-28 10:10:00+05:30,59433.5,59488.9,59401.9,59447.45,0
2026-01-28 10:15:00+05:30,59444.45,59481.85,59408.05,59481.45,0
2026-01-28 10:20:00+05:30,59482.5,59513.65,59464.8,59494.45,0
2026-01-28 10:25:00+05:30,59494.5,59518.35,59447.2,59447.2,0
2026-01-28 10:30:00+05:30,59447.55,59486.8,59390.3,59472.05,0
2026-01-28 10:35:00+05:30,59470.4,59563.75,59462.05,59559.25,0
2026-01-28 10:40:00+05:30,59558.85,59564.85,59500.45,59522.95,0
2026-01-28 10:45:00+05:30,59523.95,59553.5,59501.6,59547.45,0
2026-01-28 10:50:00+05:30,59547.5,59608.8,59543.6,59600.4,0
2026-01-28 10:55:00+05:30,59600.25,59612.15,59564.7,59590.1,0
2026-01-28 11:00:00+05:30,59590.25,59616.7,59531.25,59615.95,0
2026-01-28 11:05:00+05:30,59618.9,59626.6,59558.4,59566.3,0
2026-01-28 11:10:00+05:30,59569.45,59572.15,59539.15,59568.85,0
2026-01-28 11:15:00+05:30,59570.25,59615.3,59569.55,59595.95,0
2026-01-28 11:20:00+05:30,59599.35,59672.55,59577.5,59671.05,0
2026-01-28 11:25:00+05:30,59672.25,59699.9,59641.05,59647.5,0
2026-01-28 11:30:00+05:30,59650.7,59663.5,59614.4,59634.0,0
2026-01-28 11:35:00+05:30,59634.85,59635.95,59565.3,59601.1,0
2026-01-28 11:40:00+05:30,59601.75,59603.25,59555.25,59560.8,0
2026-01-28 11:45:00+05:30,59559.85,59623.1,59546.55,59607.9,0
2026-01-28 11:50:00+05:30,59609.75,59619.7,59583.1,59600.2,0
2026-01-28 11:55:00+05:30,59601.75,59602.15,59551.95,59579.6,0
2026-01-28 12:00:00+05:30,59575.5,59610.45,59566.1,59579.95,0
2026-01-28 12:05:00+05:30,59580.05,59619.7,59553.95,59553.95,0
2026-01-28 12:10:00+05:30,59549.45,59567.3,59532.2,59554.85,0
2026-01-28 12:15:00+05:30,59553.4,59570.35,59509.45,59520.0,0
2026-01-28 12:20:00+05:30,59522.1,59543.6,59480.05,59482.7,0
2026-01-28 12:25:00+05:30,59487.4,59508.6,59463.45,59471.55,0
2026-01-28 12:30:00+05:30,59471.75,59518.15,59467.3,59509.3,0
2026-01-28 12:35:00+05:30,59508.4,59526.6,59490.65,59500.85,0
2026-01-28 12:40:00+05:30,59504.3,59526.25,59467.9,59523.2,0
2026-01-28 12:45:00+05:30,59524.05,59537.15,59473.2,59480.05,0
2026-01-28 12:50:00+05:30,59483.3,59523.35,59460.9,59473.35,0
2026-01-28 12:55:00+05:30,59474.0,59479.25,59459.15,59459.6,0
2026-01-28 13:00:00+05:30,59461.35,59483.65,59438.4,59472.8,0
2026-01-28 13:05:00+05:30,59473.05,59500.65,59467.1,59494.65,0
2026-01-28 13:10:00+05:30,59496.2,59525.75,59483.85,59512.7,0
2026-01-28 13:15:00+05:30,59514.5,59563.15,59497.45,59524.85,0
2026-01-28 13:20:00+05:30,59522.4,59536.35,59352.25,59407.2,0
2026-01-28 13:25:00+05:30,59408.0,59428.8,59373.85,59392.2,0
2026-01-28 13:30:00+05:30,59388.6,59420.85,59339.2,59343.05,0
2026-01-28 13:35:00+05:30,59343.6,59363.45,59318.85,59354.65,0
2026-01-28 13:40:00+05:30,59353.95,59376.6,59287.8,59297.25,0
2026-01-28 13:45:00+05:30,59295.2,59308.9,59248.1,59277.45,0
2026-01-28 13:50:00+05:30,59278.6,59331.55,59245.75,59325.15,0
2026-01-28 13:55:00+05:30,59326.15,59359.05,59316.5,59353.1,0
2026-01-28 14:00:00+05:30,59354.5,59383.8,59328.1,59366.3,0
2026-01-28 14:05:00+05:30,59372.35,59372.35,59300.75,59310.0,0
2026-01-28 14:10:00+05:30,59312.7,59347.95,59294.45,59304.4,0
2026-01-28 14:15:00+05:30,59304.25,59310.5,59271.85,59277.8,0
2026-01-28 14:20:00+05:30,59281.2,59300.25,59240.1,59291.45,0
2026-01-28 14:25:00+05:30,59292.8,59343.0,59288.5,59333.65,0
2026-01-28 14:30:00+05:30,59333.1,59391.85,59333.1,59347.15,0
2026-01-28 14:35:00+05:30,59345.25,59384.65,59326.1,59380.0,0
2026-01-28 14:40:00+05:30,59384.05,59421.85,59370.45,59411.0,0
2026-01-28 14:45:00+05:30,59411.75,59467.95,59411.75,59458.85,0
2026-01-28 14:50:00+05:30,59460.4,59538.4,59448.1,59528.65,0
2026-01-28 14:55:00+05:30,59529.25,59592.0,59529.25,59582.45,0
2026-01-28 15:00:00+05:30,59581.9,59624.25,59574.15,59600.2,0
2026-01-28 15:05:00+05:30,59600.6,59622.8,59581.85,59611.5,0
2026-01-28 15:10:00+05:30,59609.7,59615.8,59565.7,59574.35,0
2026-01-28 15:15:00+05:30,59571.7,59619.75,59571.7,59597.7,0
2026-01-28 15:20:00+05:30,59602.3,59615.15,59584.25,59585.0,0
2026-01-28 15:25:00+05:30,59589.85,59608.85,59551.7,59574.8,0
2026-01-29 09:15:00+05:30,59416.25,59493.2,59339.0,59386.55,0
2026-01-29 09:20:00+05:30,59390.95,59481.3,59373.05,59456.6,0
2026-01-29 09:25:00+05:30,59454.7,59498.35,59422.1,59435.1,0
2026-01-29 09:30:00+05:30,59433.9,59455.2,59402.4,59441.3,0
2026-01-29 09:35:00+05:30,59443.7,59464.05,59402.45,59460.7,0
2026-01-29 09:40:00+05:30,59463.9,59504.55,59451.5,59477.8,0
2026-01-29 09:45:00+05:30,59475.35,59560.45,59470.8,59556.7,0
2026-01-29 09:50:00+05:30,59544.1,59604.8,59427.75,59444.7,0
2026-01-29 09:55:00+05:30,59445.35,59483.0,59405.1,59465.05,0
2026-01-29 10:00:00+05:30,59469.35,59493.7,59412.35,59487.3,0
2026-01-29 10:05:00+05:30,59487.65,59517.9,59466.6,59497.6,0
2026-01-29 10:10:00+05:30,59502.5,59565.15,59473.75,59560.0,0
2026-01-29 10:15:00+05:30,59560.45,59603.35,59535.05,59577.3,0
2026-01-29 10:20:00+05:30,59573.2,59582.2,59495.0,59554.35,0
2026-01-29 10:25:00+05:30,59551.0,59568.95,59493.75,59548.5,0
2026-01-29 10:30:00+05:30,59547.85,59589.25,59524.85,59571.4,0
2026-01-29 10:35:00+05:30,59567.0,59602.65,59508.9,59508.9,0
2026-01-29 10:40:00+05:30,59516.05,59573.0,59501.5,59530.7,0
2026-01-29 10:45:00+05:30,59530.95,59561.6,59518.3,59540.45,0
2026-01-29 10:50:00+05:30,59541.75,59639.85,59540.6,59615.45,0
2026-01-29 10:55:00+05:30,59615.8,59678.85,59607.8,59644.65,0
2026-01-29 11:00:00+05:30,59646.45,59672.1,59606.6,59624.2,0
2026-01-29 11:05:00+05:30,59623.7,59671.25,59609.8,59664.85,0
2026-01-29 11:10:00+05:30,59662.3,59717.55,59662.3,59697.65,0
2026-01-29 11:15:00+05:30,59696.4,59730.75,59682.4,59694.8,0
2026-01-29 11:20:00+05:30,59694.7,59746.45,59675.1,59730.9,0
2026-01-29 11:25:00+05:30,59731.1,59731.7,59678.8,59719.05,0
2026-01-29 11:30:00+05:30,59718.3,59765.7,59692.5,59696.45,0
2026-01-29 11:35:00+05:30,59696.6,59699.6,59638.7,59644.85,0
2026-01-29 11:40:00+05:30,59644.05,59688.8,59635.85,59679.4,0
2026-01-29 11:45:00+05:30,59680.3,59698.65,59642.15,59689.4,0
2026-01-29 11:50:00+05:30,59690.45,59710.65,59621.3,59621.3,0
2026-01-29 11:55:00+05:30,59623.55,59667.75,59611.4,59654.3,0
2026-01-29 12:00:00+05:30,59655.95,59682.7,59639.55,59672.7,0
2026-01-29 12:05:00+05:30,59675.95,59730.75,59653.7,59722.65,0
2026-01-29 12:10:00+05:30,59723.05,59737.55,59689.5,59718.1,0
2026-01-29 12:15:00+05:30,59718.75,59745.3,59705.85,59721.55,0
2026-01-29 12:20:00+05:30,59722.0,59780.9,59708.3,59776.3,0
2026-01-29 12:25:00+05:30,59778.95,59778.95,59720.0,59764.25,0
2026-01-29 12:30:00+05:30,59765.8,59819.7,59758.9,59781.5,0
2026-01-29 12:35:00+05:30,59787.3,59791.85,59756.85,59759.85,0
2026-01-29 12:40:00+05:30,59766.35,59780.4,59742.0,59742.6,0
2026-01-29 12:45:00+05:30,59747.75,59791.35,59727.45,59774.15,0
2026-01-29 12:50:00+05:30,59776.0,59858.7,59775.05,59844.8,0
2026-01-29 12:55:00+05:30,59840.4,59881.0,59822.1,59835.15,0
2026-01-29 13:00:00+05:30,59837.5,59887.15,59827.9,59881.95,0
2026-01-29 13:05:00+05:30,59875.3,59921.1,59868.9,59887.55,0
2026-01-29 13:10:00+05:30,59885.4,59918.15,59851.7,59864.4,0
2026-01-29 13:15:00+05:30,59870.05,59881.15,59812.25,59830.55,0
2026-01-29 13:20:00+05:30,59834.2,59848.8,59805.25,59817.55,0
2026-01-29 13:25:00+05:30,59819.55,59840.05,59778.55,59795.6,0
2026-01-29 13:30:00+05:30,59799.05,59907.5,59783.3,59898.75,0
2026-01-29 13:35:00+05:30,59897.9,59917.25,59884.45,59903.05,0
2026-01-29 13:40:00+05:30,59902.15,59917.15,59875.7,59915.25,0
2026-01-29 13:45:00+05:30,59920.3,59977.35,59908.5,59951.75,0
2026-01-29 13:50:00+05:30,59952.05,59970.55,59941.5,59951.5,0
2026-01-29 13:55:00+05:30,59952.35,59968.55,59932.25,59962.2,0
2026-01-29 14:00:00+05:30,59957.6,59972.75,59931.55,59934.9,0
2026-01-29 14:05:00+05:30,59932.4,59934.3,59872.2,59876.8,0
2026-01-29 14:10:00+05:30,59876.5,59960.65,59872.8,59942.3,0
2026-01-29 14:15:00+05:30,59943.0,59966.85,59918.35,59922.35,0
2026-01-29 14:20:00+05:30,59922.7,59932.6,59899.95,59927.3,0
2026-01-29 14:25:00+05:30,59922.0,59980.6,59922.0,59975.65,0
2026-01-29 14:30:00+05:30,59976.5,60007.45,59966.85,59992.5,0
2026-01-29 14:35:00+05:30,59995.3,60016.05,59964.95,60004.65,0
2026-01-29 14:40:00+05:30,60002.45,60010.85,59972.65,60000.6,0
2026-01-29 14:45:00+05:30,59999.25,60053.85,59994.95,60040.0,0
2026-01-29 14:50:00+05:30,60043.5,60060.7,60006.85,60026.0,0
2026-01-29 14:55:00+05:30,60024.25,60029.45,59966.0,59991.2,0
2026-01-29 15:00:00+05:30,59989.55,60019.5,59932.45,59951.55,0
2026-01-29 15:05:00+05:30,59945.75,59997.35,59884.0,59921.45,0
2026-01-29 15:10:00+05:30,59922.85,59938.3,59892.0,59909.05,0
2026-01-29 15:15:00+05:30,59903.9,59994.1,59883.45,59982.6,0
2026-01-29 15:20:00+05:30,59977.3,60017.2,59956.25,59980.65,0
2026-01-29 15:25:00+05:30,59985.2,60010.1,59931.75,59980.4,0
2026-01-30 09:15:00+05:30,59542.25,59791.4,59535.4,59730.35,0
2026-01-30 09:20:00+05:30,59729.35,59729.35,59611.2,59639.2,0
2026-01-30 09:25:00+05:30,59633.9,59694.75,59604.5,59607.3,0
2026-01-30 09:30:00+05:30,59610.2,59651.1,59564.9,59649.55,0
2026-01-30 09:35:00+05:30,59647.2,59761.5,59647.2,59723.0,0
2026-01-30 09:40:00+05:30,59724.15,59756.05,59671.75,59731.2,0
2026-01-30 09:45:00+05:30,59728.85,59781.45,59710.5,59768.7,0
2026-01-30 09:50:00+05:30,59765.6,59895.5,59762.05,59880.2,0
2026-01-30 09:55:00+05:30,59877.25,59887.15,59789.5,59800.6,0
2026-01-30 10:00:00+05:30,59803.65,59870.9,59787.1,59787.6,0
2026-01-30 10:05:00+05:30,59787.55,59797.95,59749.4,59783.6,0
2026-01-30 10:10:00+05:30,59784.35,59894.7,59771.45,59894.6,0
2026-01-30 10:15:00+05:30,59894.0,59906.9,59846.0,59848.1,0
2026-01-30 10:20:00+05:30,59842.25,59846.25,59771.85,59784.85,0
2026-01-30 10:25:00+05:30,59786.55,59820.45,59765.5,59795.3,0
2026-01-30 10:30:00+05:30,59794.4,59846.6,59786.85,59813.45,0
2026-01-30 10:35:00+05:30,59814.25,59838.2,59791.5,59830.75,0
2026-01-30 10:40:00+05:30,59830.6,59861.35,59811.25,59832.15,0
2026-01-30 10:45:00+05:30,59829.85,59859.7,59815.2,59815.2,0
2026-01-30 10:50:00+05:30,59818.9,59834.25,59806.4,59834.05,0
2026-01-30 10:55:00+05:30,59834.15,59858.35,59828.35,59852.0,0
2026-01-30 11:00:00+05:30,59852.25,59879.7,59840.8,59864.8,0
2026-01-30 11:05:00+05:30,59863.55,59863.55,59779.55,59786.25,0
2026-01-30 11:10:00+05:30,59784.35,59785.8,59731.85,59752.75,0
2026-01-30 11:15:00+05:30,59754.4,59754.95,59685.7,59691.55,0
2026-01-30 11:20:00+05:30,59693.15,59783.7,59690.2,59779.5,0
2026-01-30 11:25:00+05:30,59778.75,59853.25,59764.65,59795.8,0
2026-01-30 11:30:00+05:30,59792.4,59823.8,59748.15,59768.1,0
2026-01-30 11:35:00+05:30,59766.6,59792.55,59734.4,59788.05,0
2026-01-30 11:40:00+05:30,59789.55,59810.8,59766.95,59804.9,0
2026-01-30 11:45:00+05:30,59801.0,59818.3,59731.05,59748.6,0
2026-01-30 11:50:00+05:30,59748.3,59817.75,59744.2,59792.35,0
2026-01-30 11:55:00+05:30,59787.0,59809.6,59699.8,59731.45,0
2026-01-30 12:00:00+05:30,59731.65,59755.1,59702.8,59735.15,0
2026-01-30 12:05:00+05:30,59736.65,59766.15,59725.1,59760.4,0
2026-01-30 12:10:00+05:30,59761.7,59818.3,59758.45,59815.2,0
2026-01-30 12:15:00+05:30,59814.65,59857.6,59773.55,59787.2,0
2026-01-30 12:20:00+05:30,59787.35,59858.8,59787.35,59840.4,0
2026-01-30 12:25:00+05:30,59842.85,59864.5,59791.7,59797.95,0
2026-01-30 12:30:00+05:30,59795.4,59802.25,59763.65,59791.25,0
2026-01-30 12:35:00+05:30,59792.05,59806.45,59759.45,59793.25,0
2026-01-30 12:40:00+05:30,59792.1,59839.35,59772.65,59773.5,0
2026-01-30 12:45:00+05:30,59772.85,59793.7,59755.05,59760.55,0
2026-01-30 12:50:00+05:30,59760.25,59774.7,59740.1,59761.65,0
2026-01-30 12:55:00+05:30,59762.55,59767.65,59721.95,59767.1,0
2026-01-30 13:00:00+05:30,59769.9,59770.35,59713.3,59718.25,0
2026-01-30 13:05:00+05:30,59717.65,59721.55,59609.05,59613.2,0
2026-01-30 13:10:00+05:30,59615.45,59650.35,59602.7,59604.25,0
2026-01-30 13:15:00+05:30,59603.2,59607.95,59501.8,59554.7,0
2026-01-30 13:20:00+05:30,59552.5,59561.65,59519.25,59539.2,0
2026-01-30 13:25:00+05:30,59538.25,59565.25,59518.8,59521.6,0
2026-01-30 13:30:00+05:30,59517.3,59581.95,59512.65,59579.6,0
2026-01-30 13:35:00+05:30,59580.1,59668.35,59575.45,59651.25,0
2026-01-30 13:40:00+05:30,59653.95,59743.9,59649.6,59728.15,0
2026-01-30 13:45:00+05:30,59730.35,59749.3,59665.3,59690.15,0
2026-01-30 13:50:00+05:30,59694.65,59778.1,59681.85,59754.45,0
2026-01-30 13:55:00+05:30,59755.4,59769.75,59725.3,59737.2,0
2026-01-30 14:00:00+05:30,59733.35,59762.0,59702.85,59734.45,0
2026-01-30 14:05:00+05:30,59734.1,59802.3,59733.05,59802.3,0
2026-01-30 14:10:00+05:30,59802.35,59804.6,59752.65,59777.75,0
2026-01-30 14:15:00+05:30,59777.9,59782.55,59745.55,59770.65,0
2026-01-30 14:20:00+05:30,59770.35,59782.5,59737.75,59758.75,0
2026-01-30 14:25:00+05:30,59763.2,59766.65,59710.3,59722.6,0
2026-01-30 14:30:00+05:30,59718.55,59727.85,59677.8,59694.45,0
2026-01-30 14:35:00+05:30,59692.25,59764.1,59690.9,59750.8,0
2026-01-30 14:40:00+05:30,59747.95,59773.0,59661.2,59678.1,0
2026-01-30 14:45:00+05:30,59671.9,59734.1,59620.25,59716.2,0
2026-01-30 14:50:00+05:30,59712.45,59731.45,59701.4,59710.05,0
2026-01-30 14:55:00+05:30,59706.7,59775.85,59693.5,59732.55,0
2026-01-30 15:00:00+05:30,59737.4,59737.4,59579.05,59619.95,0
2026-01-30 15:05:00+05:30,59613.25,59643.15,59590.35,59624.25,0
2026-01-30 15:10:00+05:30,59619.9,59648.3,59602.0,59614.05,0
2026-01-30 15:15:00+05:30,59612.4,59654.05,59602.6,59626.85,0
2026-01-30 15:20:00+05:30,59622.1,59627.15,59561.2,59581.55,0
2026-01-30 15:25:00+05:30,59575.75,59687.9,59557.65,59577.6,0
2026-02-01 09:15:00+05:30,59607.65,59638.7,59524.75,59593.45,0
2026-02-01 09:20:00+05:30,59596.55,59633.0,59561.95,59580.55,0
2026-02-01 09:25:00+05:30,59582.0,59628.2,59546.1,59583.05,0
2026-02-01 09:30:00+05:30,59576.0,59596.05,59546.5,59580.9,0
2026-02-01 09:35:00+05:30,59578.25,59587.35,59535.05,59541.25,0
2026-02-01 09:40:00+05:30,59537.5,59611.55,59514.9,59590.0,0
2026-02-01 09:45:00+05:30,59591.85,59622.3,59573.8,59592.85,0
2026-02-01 09:50:00+05:30,59594.7,59615.65,59390.5,59563.55,0
2026-02-01 09:55:00+05:30,59563.7,59610.05,59549.2,59571.15,0
2026-02-01 10:00:00+05:30,59575.35,59632.75,59555.95,59566.4,0
2026-02-01 10:05:00+05:30,59564.7,59591.95,59557.55,59561.5,0
2026-02-01 10:10:00+05:30,59564.6,59609.55,59553.0,59606.1,0
2026-02-01 10:15:00+05:30,59603.95,59632.45,59591.95,59607.15,0
2026-02-01 10:20:00+05:30,59607.35,59710.8,59607.0,59704.85,0
2026-02-01 10:25:00+05:30,59701.1,59728.9,59688.15,59708.2,0
2026-02-01 10:30:00+05:30,59707.75,59752.05,59655.25,59750.9,0
2026-02-01 10:35:00+05:30,59751.95,59796.35,59742.2,59778.6,0
2026-02-01 10:40:00+05:30,59779.95,59783.4,59708.6,59714.95,0
2026-02-01 10:45:00+05:30,59716.05,59758.25,59716.05,59730.6,0
2026-02-01 10:50:00+05:30,59733.7,59764.55,59713.85,59759.7,0
2026-02-01 10:55:00+05:30,59759.25,59768.15,59718.2,59732.35,0
2026-02-01 11:00:00+05:30,59734.5,59735.5,59671.4,59724.65,0
2026-02-01 11:05:00+05:30,59726.25,59838.1,59699.65,59767.1,0
2026-02-01 11:10:00+05:30,59763.8,59808.65,59713.7,59727.35,0
2026-02-01 11:15:00+05:30,59721.6,59746.6,59694.6,59701.65,0
2026-02-01 11:20:00+05:30,59706.5,59706.5,59634.95,59647.1,0
2026-02-01 11:25:00+05:30,59650.45,59865.7,59645.75,59758.8,0
2026-02-01 11:30:00+05:30,59761.15,59786.05,59696.4,59716.65,0
2026-02-01 11:35:00+05:30,59718.55,59730.6,59662.25,59664.4,0
2026-02-01 11:40:00+05:30,59660.7,59671.6,59514.25,59531.45,0
2026-02-01 11:45:00+05:30,59530.5,59534.95,59445.85,59489.1,0
2026-02-01 11:50:00+05:30,59488.2,59537.35,59306.15,59356.1,0
2026-02-01 11:55:00+05:30,59347.9,59425.4,59248.0,59378.3,0
2026-02-01 12:00:00+05:30,59373.3,59383.35,59286.6,59318.45,0
2026-02-01 12:05:00+05:30,59310.05,59564.9,59262.0,59478.7,0
2026-02-01 12:10:00+05:30,59470.1,59537.7,59197.1,59261.15,0
2026-02-01 12:15:00+05:30,59265.15,59273.95,59065.55,59099.95,0
2026-02-01 12:20:00+05:30,59077.65,59094.3,58773.8,58802.2,0
2026-02-01 12:25:00+05:30,58792.2,58933.2,58703.6,58705.8,0
2026-02-01 12:30:00+05:30,58695.15,58695.15,57783.2,58424.1,0
2026-02-01 12:35:00+05:30,58416.7,58901.75,58400.95,58885.6,0
2026-02-01 12:40:00+05:30,58887.55,59053.0,58795.45,58856.8,0
2026-02-01 12:45:00+05:30,58842.85,59009.55,58727.45,58763.55,0
2026-02-01 12:50:00+05:30,58758.35,58894.95,58707.1,58831.05,0
2026-02-01 12:55:00+05:30,58831.65,58988.0,58800.5,58976.15,0
2026-02-01 13:00:00+05:30,58971.25,59025.3,58906.75,58969.8,0
2026-02-01 13:05:00+05:30,58965.4,58983.55,58843.45,58898.75,0
2026-02-01 13:10:00+05:30,58896.05,58996.45,58802.2,58958.6,0
2026-02-01 13:15:00+05:30,58960.55,58984.45,58901.15,58957.7,0
2026-02-01 13:20:00+05:30,58960.2,59053.8,58941.45,58981.8,0
2026-02-01 13:25:00+05:30,58978.15,58990.35,58859.9,58869.3,0
2026-02-01 13:30:00+05:30,58865.15,58878.25,58782.55,58842.6,0
2026-02-01 13:35:00+05:30,58842.85,58868.8,58749.1,58796.75,0
2026-02-01 13:40:00+05:30,58795.9,58871.3,58759.45,58826.4,0
2026-02-01 13:45:00+05:30,58828.1,58885.75,58800.85,58800.85,0
2026-02-01 13:50:00+05:30,58804.3,58804.3,58700.55,58734.25,0
2026-02-01 13:55:00+05:30,58734.1,58865.85,58723.45,58822.95,0
2026-02-01 14:00:00+05:30,58820.25,58867.55,58790.8,58800.15,0
2026-02-01 14:05:00+05:30,58803.05,58814.0,58737.5,58759.75,0
2026-02-01 14:10:00+05:30,58757.2,58808.2,58696.1,58758.8,0
2026-02-01 14:15:00+05:30,58754.45,58775.6,58711.3,58755.55,0
2026-02-01 14:20:00+05:30,58756.2,58868.45,58753.7,58828.15,0
2026-02-01 14:25:00+05:30,58827.2,58893.3,58823.85,58858.0,0
2026-02-01 14:30:00+05:30,58857.85,58874.6,58815.3,58852.95,0
2026-02-01 14:35:00+05:30,58855.95,58919.55,58821.1,58848.45,0
2026-02-01 14:40:00+05:30,58848.85,58853.3,58773.3,58780.65,0
2026-02-01 14:45:00+05:30,58778.1,58826.55,58688.55,58701.05,0
2026-02-01 14:50:00+05:30,58696.8,58710.7,58645.6,58651.4,0
2026-02-01 14:55:00+05:30,58660.25,58710.1,58584.55,58604.5,0
2026-02-01 15:00:00+05:30,58604.3,58702.05,58581.6,58659.85,0
2026-02-01 15:05:00+05:30,58657.1,58667.15,58518.55,58531.5,0
2026-02-01 15:10:00+05:30,58529.75,58546.45,58465.75,58482.4,0
2026-02-01 15:15:00+05:30,58481.15,58485.7,58326.55,58332.95,0
2026-02-01 15:20:00+05:30,58334.55,58395.8,58309.5,58322.15,0
2026-02-01 15:25:00+05:30,58320.3,58365.65,58248.75,58353.75,0
2026-02-02 09:15:00+05:30,58239.3,58320.2,57916.2,58256.7,0
2026-02-02 09:20:00+05:30,58266.65,58499.8,58266.65,58458.9,0
2026-02-02 09:25:00+05:30,58459.2,58470.65,58337.6,58384.45,0
2026-02-02 09:30:00+05:30,58389.05,58519.95,58361.45,58405.75,0
2026-02-02 09:35:00+05:30,58397.25,58434.9,58329.15,58370.45,0
2026-02-02 09:40:00+05:30,58378.1,58403.8,58292.7,58292.7,0
2026-02-02 09:45:00+05:30,58297.65,58395.9,58262.7,58377.1,0
2026-02-02 09:50:00+05:30,58371.2,58477.1,58316.6,58466.15,0
2026-02-02 09:55:00+05:30,58463.5,58470.7,58268.95,58276.9,0
2026-02-02 10:00:00+05:30,58277.6,58282.3,58161.4,58161.4,0
2026-02-02 10:05:00+05:30,58160.9,58180.3,58100.2,58167.1,0
2026-02-02 10:10:00+05:30,58165.15,58296.05,58146.15,58254.05,0
2026-02-02 10:15:00+05:30,58251.3,58285.9,58216.15,58264.25,0
2026-02-02 10:20:00+05:30,58263.7,58279.2,58178.95,58225.7,0
2026-02-02 10:25:00+05:30,58226.9,58320.65,58198.2,58281.6,0
2026-02-02 10:30:00+05:30,58282.6,58315.65,58263.95,58275.9,0
2026-02-02 10:35:00+05:30,58277.55,58291.7,58173.7,58222.95,0
2026-02-02 10:40:00+05:30,58218.9,58265.3,58172.2,58174.05,0
2026-02-02 10:45:00+05:30,58174.85,58196.6,58139.2,58172.15,0
2026-02-02 10:50:00+05:30,58172.6,58209.15,58072.9,58081.75,0
2026-02-02 10:55:00+05:30,58078.7,58082.85,57971.85,57995.1,0
2026-02-02 11:00:00+05:30,57999.1,58020.75,57925.35,57952.65,0
2026-02-02 11:05:00+05:30,57951.5,57951.5,57829.85,57868.3,0
2026-02-02 11:10:00+05:30,57872.75,57994.65,57855.3,57974.45,0
2026-02-02 11:15:00+05:30,57971.9,57978.35,57914.55,57923.65,0
2026-02-02 11:20:00+05:30,57923.15,57940.1,57850.1,57863.5,0
2026-02-02 11:25:00+05:30,57863.45,57957.55,57848.5,57954.15,0
2026-02-02 11:30:00+05:30,57948.25,58115.0,57895.45,58105.85,0
2026-02-02 11:35:00+05:30,58105.35,58111.0,58002.05,58093.35,0
2026-02-02 11:40:00+05:30,58085.6,58170.5,58022.1,58146.95,0
2026-02-02 11:45:00+05:30,58148.15,58172.85,58091.4,58121.5,0
2026-02-02 11:50:00+05:30,58120.45,58254.7,58077.65,58185.55,0
2026-02-02 11:55:00+05:30,58185.05,58219.3,58131.35,58181.45,0
2026-02-02 12:00:00+05:30,58181.8,58201.4,58120.2,58149.95,0
2026-02-02 12:05:00+05:30,58147.9,58168.75,58094.75,58135.45,0
2026-02-02 12:10:00+05:30,58136.05,58261.25,58086.3,58250.1,0
2026-02-02 12:15:00+05:30,58251.2,58343.25,58232.4,58235.6,0
2026-02-02 12:20:00+05:30,58234.25,58241.5,58194.9,58217.05,0
2026-02-02 12:25:00+05:30,58215.5,58226.1,58174.3,58224.35,0
2026-02-02 12:30:00+05:30,58225.1,58231.75,58153.05,58175.0,0
2026-02-02 12:35:00+05:30,58167.7,58176.3,58115.85,58160.85,0
2026-02-02 12:40:00+05:30,58157.15,58178.75,58119.95,58139.85,0
2026-02-02 12:45:00+05:30,58141.8,58174.65,58117.95,58173.4,0
2026-02-02 12:50:00+05:30,58173.85,58185.85,58124.9,58153.2,0
2026-02-02 12:55:00+05:30,58149.6,58286.0,58144.65,58256.7,0
2026-02-02 13:00:00+05:30,58256.85,58272.4,58227.05,58264.65,0
2026-02-02 13:05:00+05:30,58263.6,58289.4,58250.2,58273.65,0
2026-02-02 13:10:00+05:30,58273.8,58283.55,58205.5,58207.65,0
2026-02-02 13:15:00+05:30,58206.4,58224.3,58079.9,58112.85,0
2026-02-02 13:20:00+05:30,58112.45,58116.6,58004.5,58070.2,0
2026-02-02 13:25:00+05:30,58068.95,58188.0,58039.0,58155.25,0
2026-02-02 13:30:00+05:30,58149.35,58161.75,58087.6,58127.45,0
2026-02-02 13:35:00+05:30,58126.45,58179.85,58075.15,58174.9,0
2026-02-02 13:40:00+05:30,58173.25,58324.65,58167.8,58319.85,0
2026-02-02 13:45:00+05:30,58316.65,58362.05,58291.25,58343.3,0
2026-02-02 13:50:00+05:30,58342.7,58438.0,58323.3,58383.45,0
2026-02-02 13:55:00+05:30,58381.3,58411.15,58339.0,58340.55,0
2026-02-02 14:00:00+05:30,58341.1,58370.35,58295.6,58356.85,0
2026-02-02 14:05:00+05:30,58352.3,58362.25,58271.6,58274.8,0
2026-02-02 14:10:00+05:30,58273.2,58319.4,58232.65,58317.15,0
2026-02-02 14:15:00+05:30,58317.9,58352.55,58239.3,58270.25,0
2026-02-02 14:20:00+05:30,58274.05,58356.1,58262.1,58320.4,0
2026-02-02 14:25:00+05:30,58314.0,58364.75,58304.2,58361.25,0
2026-02-02 14:30:00+05:30,58359.6,58382.25,58261.1,58269.85,0
2026-02-02 14:35:00+05:30,58271.9,58304.75,58232.2,58281.05,0
2026-02-02 14:40:00+05:30,58281.6,58304.05,58247.85,58282.15,0
2026-02-02 14:45:00+05:30,58278.8,58382.4,58267.65,58356.7,0
2026-02-02 14:50:00+05:30,58354.4,58430.6,58346.15,58426.05,0
2026-02-02 14:55:00+05:30,58426.35,58479.65,58421.6,58465.65,0
2026-02-02 15:00:00+05:30,58459.55,58553.3,58459.55,58539.2,0
2026-02-02 15:05:00+05:30,58540.1,58629.3,58540.1,58620.3,0
2026-02-02 15:10:00+05:30,58623.25,58635.9,58590.95,58604.6,0
2026-02-02 15:15:00+05:30,58609.7,58671.15,58601.2,58632.9,0
2026-02-02 15:20:00+05:30,58637.75,58687.05,58625.35,58653.8,0
2026-02-02 15:25:00+05:30,58655.8,58666.25,58552.7,58602.5,0
2026-02-03 09:15:00+05:30,61411.2,61764.85,60015.3,60057.4,0
2026-02-03 09:20:00+05:30,60065.35,60194.45,60022.25,60138.9,0
2026-02-03 09:25:00+05:30,60145.25,60176.9,60081.3,60136.4,0
2026-02-03 09:30:00+05:30,60139.25,60197.3,60072.95,60075.9,0
2026-02-03 09:35:00+05:30,60078.75,60125.95,60040.2,60088.1,0
2026-02-03 09:40:00+05:30,60090.3,60111.85,59932.2,59946.6,0
2026-02-03 09:45:00+05:30,59944.2,60055.35,59793.2,60049.55,0
2026-02-03 09:50:00+05:30,60051.85,60124.45,60018.55,60026.2,0
2026-02-03 09:55:00+05:30,60023.25,60069.3,59999.4,60020.8,0
2026-02-03 10:00:00+05:30,60022.95,60059.15,59996.25,59998.25,0
2026-02-03 10:05:00+05:30,60003.9,60003.9,59898.65,59970.25,0
2026-02-03 10:10:00+05:30,59968.05,59982.6,59885.4,59891.8,0
2026-02-03 10:15:00+05:30,59896.3,60014.15,59896.3,59994.6,0
2026-02-03 10:20:00+05:30,59995.6,60082.9,59995.6,60069.05,0
2026-02-03 10:25:00+05:30,60068.5,60097.55,60048.0,60053.9,0
2026-02-03 10:30:00+05:30,60054.15,60156.1,60053.7,60154.55,0
2026-02-03 10:35:00+05:30,60153.9,60204.15,60150.65,60185.65,0
2026-02-03 10:40:00+05:30,60183.9,60205.7,60141.25,60142.3,0
2026-02-03 10:45:00+05:30,60143.7,60172.75,60098.45,60127.75,0
2026-02-03 10:50:00+05:30,60127.1,60151.15,60101.4,60143.5,0
2026-02-03 10:55:00+05:30,60146.7,60187.1,60137.35,60157.95,0
2026-02-03 11:00:00+05:30,60158.05,60228.8,60156.15,60176.55,0
2026-02-03 11:05:00+05:30,60174.8,60191.35,60103.0,60113.85,0
2026-02-03 11:10:00+05:30,60114.45,60144.75,60081.35,60131.45,0
2026-02-03 11:15:00+05:30,60129.9,60163.8,60116.15,60128.2,0
2026-02-03 11:20:00+05:30,60128.5,60185.1,60124.85,60179.75,0
2026-02-03 11:25:00+05:30,60180.75,60203.45,60150.35,60166.8,0
2026-02-03 11:30:00+05:30,60166.65,60258.1,60146.25,60253.5,0
2026-02-03 11:35:00+05:30,60254.45,60264.15,60209.8,60221.9,0
2026-02-03 11:40:00+05:30,60223.05,60237.7,60208.35,60215.7,0
2026-02-03 11:45:00+05:30,60215.8,60232.85,60153.1,60168.45,0
2026-02-03 11:50:00+05:30,60170.45,60194.8,60138.85,60159.7,0
2026-02-03 11:55:00+05:30,60162.1,60204.65,60144.35,60194.1,0
2026-02-03 12:00:00+05:30,60196.25,60204.65,60160.5,60171.2,0
2026-02-03 12:05:00+05:30,60170.0,60210.75,60163.5,60188.1,0
2026-02-03 12:10:00+05:30,60189.6,60202.4,60162.35,60165.15,0
2026-02-03 12:15:00+05:30,60164.85,60182.5,60152.85,60177.65,0
2026-02-03 12:20:00+05:30,60178.25,60185.55,60133.15,60134.25,0
2026-02-03 12:25:00+05:30,60133.4,60147.5,60049.65,60071.4,0
2026-02-03 12:30:00+05:30,60070.8,60150.65,60050.25,60114.1,0
2026-02-03 12:35:00+05:30,60113.35,60136.75,60063.45,60110.0,0
2026-02-03 12:40:00+05:30,60109.6,60122.65,60078.55,60113.1,0
2026-02-03 12:45:00+05:30,60115.8,60134.8,60089.75,60093.9,0
2026-02-03 12:50:00+05:30,60092.3,60128.75,60087.8,60109.9,0
2026-02-03 12:55:00+05:30,60109.1,60149.0,60109.1,60124.15,0
2026-02-03 13:00:00+05:30,60125.7,60153.55,60118.1,60140.35,0
2026-02-03 13:05:00+05:30,60140.85,60158.4,60124.4,60140.05,0
2026-02-03 13:10:00+05:30,60138.8,60157.2,60128.2,60136.55,0
2026-02-03 13:15:00+05:30,60134.15,60165.65,60125.9,60164.0,0
2026-02-03 13:20:00+05:30,60162.3,60174.6,60141.35,60156.35,0
2026-02-03 13:25:00+05:30,60156.05,60161.8,60030.85,60110.0,0
2026-02-03 13:30:00+05:30,60110.3,60124.65,60066.85,60077.25,0
2026-02-03 13:35:00+05:30,60075.05,60150.1,60030.95,60143.55,0
2026-02-03 13:40:00+05:30,60138.6,60191.85,60137.5,60175.1,0
2026-02-03 13:45:00+05:30,60175.8,60189.2,60133.35,60139.2,0
2026-02-03 13:50:00+05:30,60138.05,60170.7,60112.55,60166.35,0
2026-02-03 13:55:00+05:30,60161.3,60182.1,60096.55,60107.2,0
2026-02-03 14:00:00+05:30,60109.75,60136.55,60072.7,60135.4,0
2026-02-03 14:05:00+05:30,60133.5,60166.6,60109.7,60166.4,0
2026-02-03 14:10:00+05:30,60166.9,60179.65,60142.6,60165.7,0
2026-02-03 14:15:00+05:30,60168.8,60184.75,60123.5,60129.3,0
2026-02-03 14:20:00+05:30,60128.6,60167.9,60128.6,60162.6,0
2026-02-03 14:25:00+05:30,60162.3,60162.8,60125.5,60128.2,0
2026-02-03 14:30:00+05:30,60126.2,60161.75,60071.9,60124.4,0
2026-02-03 14:35:00+05:30,60124.95,60180.95,60122.7,60159.25,0
2026-02-03 14:40:00+05:30,60160.4,60160.4,60092.5,60097.65,0
2026-02-03 14:45:00+05:30,60097.8,60138.3,60085.6,60108.5,0
2026-02-03 14:50:00+05:30,60103.95,60139.75,60088.25,60118.35,0
2026-02-03 14:55:00+05:30,60115.6,60161.1,60103.85,60136.6,0
2026-02-03 15:00:00+05:30,60138.15,60150.35,60002.2,60014.6,0
2026-02-03 15:05:00+05:30,60014.2,60056.8,59973.95,60012.1,0
2026-02-03 15:10:00+05:30,60013.45,60071.55,59974.9,60035.2,0
2026-02-03 15:15:00+05:30,60031.8,60107.95,60003.25,60082.7,0
2026-02-03 15:20:00+05:30,60087.7,60088.55,60038.35,60064.2,0
2026-02-03 15:25:00+05:30,60066.75,60066.75,59972.4,59986.7,0
2026-02-04 09:15:00+05:30,60163.35,60234.55,59891.75,60193.55,0
2026-02-04 09:20:00+05:30,60196.1,60250.3,60175.05,60199.3,0
2026-02-04 09:25:00+05:30,60204.9,60274.65,60195.4,60221.75,0
2026-02-04 09:30:00+05:30,60222.55,60287.95,60213.2,60236.95,0
2026-02-04 09:35:00+05:30,60238.85,60269.35,60209.05,60215.5,0
2026-02-04 09:40:00+05:30,60215.6,60285.5,60214.8,60267.4,0
2026-02-04 09:45:00+05:30,60268.45,60327.1,60265.1,60286.85,0
2026-02-04 09:50:00+05:30,60287.0,60289.55,60203.85,60219.6,0
2026-02-04 09:55:00+05:30,60222.4,60269.6,60213.6,60262.45,0
2026-02-04 10:00:00+05:30,60257.95,60271.95,60233.25,60253.2,0
2026-02-04 10:05:00+05:30,60253.1,60299.9,60238.5,60288.75,0
2026-02-04 10:10:00+05:30,60290.05,60312.65,60264.4,60264.4,0
2026-02-04 10:15:00+05:30,60265.85,60283.5,60221.95,60229.35,0
2026-02-04 10:20:00+05:30,60224.15,60258.4,60197.25,60209.75,0
2026-02-04 10:25:00+05:30,60209.85,60254.1,60197.0,60214.6,0
2026-02-04 10:30:00+05:30,60215.65,60233.45,60184.05,60186.4,0
2026-02-04 10:35:00+05:30,60187.2,60189.1,60137.55,60177.55,0
2026-02-04 10:40:00+05:30,60175.4,60209.85,60159.3,60190.8,0
2026-02-04 10:45:00+05:30,60189.0,60228.1,60174.9,60224.0,0
2026-02-04 10:50:00+05:30,60225.0,60249.3,60205.35,60218.7,0
2026-02-04 10:55:00+05:30,60221.2,60250.4,60207.9,60234.9,0
2026-02-04 11:00:00+05:30,60238.45,60262.9,60216.8,60256.15,0
2026-02-04 11:05:00+05:30,60254.3,60278.75,60219.05,60222.45,0
2026-02-04 11:10:00+05:30,60221.55,60225.4,60172.6,60200.7,0
2026-02-04 11:15:00+05:30,60201.4,60219.05,60140.0,60154.85,0
2026-02-04 11:20:00+05:30,60154.8,60198.0,60136.3,60145.05,0
2026-02-04 11:25:00+05:30,60140.1,60181.55,60137.45,60178.3,0
2026-02-04 11:30:00+05:30,60176.25,60188.15,60153.1,60158.2,0
2026-02-04 11:35:00+05:30,60156.7,60186.25,60152.35,60172.0,0
2026-02-04 11:40:00+05:30,60171.3,60214.05,60169.25,60181.35,0
2026-02-04 11:45:00+05:30,60184.45,60191.85,60154.8,60177.95,0
2026-02-04 11:50:00+05:30,60178.75,60198.8,60143.5,60198.5,0
2026-02-04 11:55:00+05:30,60195.4,60213.65,60180.35,60199.25,0
2026-02-04 12:00:00+05:30,60196.25,60207.35,60167.0,60194.05,0
2026-02-04 12:05:00+05:30,60194.2,60239.1,60188.55,60236.55,0
2026-02-04 12:10:00+05:30,60237.6,60247.85,60217.8,60235.9,0
2026-02-04 12:15:00+05:30,60235.35,60254.4,60191.95,60198.35,0
2026-02-04 12:20:00+05:30,60197.25,60207.5,60168.1,60176.05,0
2026-02-04 12:25:00+05:30,60172.25,60224.0,60171.05,60218.2,0
2026-02-04 12:30:00+05:30,60215.7,60217.15,60180.0,60204.25,0
2026-02-04 12:35:00+05:30,60200.8,60208.45,60152.8,60171.75,0
2026-02-04 12:40:00+05:30,60171.8,60213.2,60157.75,60161.3,0
2026-02-04 12:45:00+05:30,60160.05,60172.7,60133.65,60136.45,0
2026-02-04 12:50:00+05:30,60137.3,60141.7,60111.95,60140.75,0
2026-02-04 12:55:00+05:30,60139.95,60145.6,60116.3,60124.95,0
2026-02-04 13:00:00+05:30,60118.5,60130.8,60102.0,60114.6,0
2026-02-04 13:05:00+05:30,60115.9,60188.4,60114.8,60178.65,0
2026-02-04 13:10:00+05:30,60181.45,60208.95,60169.85,60196.3,0
2026-02-04 13:15:00+05:30,60197.2,60206.5,60176.95,60203.3,0
2026-02-04 13:20:00+05:30,60205.35,60241.55,60187.05,60233.95,0
2026-02-04 13:25:00+05:30,60233.6,60271.7,60229.1,60262.5,0
2026-02-04 13:30:00+05:30,60264.35,60304.5,60242.75,60259.4,0
2026-02-04 13:35:00+05:30,60260.0,60289.45,60247.2,60286.6,0
2026-02-04 13:40:00+05:30,60286.1,60293.65,60251.7,60262.5,0
2026-02-04 13:45:00+05:30,60263.6,60288.7,60256.55,60270.05,0
2026-02-04 13:50:00+05:30,60269.15,60304.85,60257.8,60297.85,0
2026-02-04 13:55:00+05:30,60299.05,60299.95,60265.4,60281.3,0
2026-02-04 14:00:00+05:30,60279.05,60283.8,60218.5,60266.2,0
2026-02-04 14:05:00+05:30,60265.2,60272.4,60236.35,60253.5,0
2026-02-04 14:10:00+05:30,60253.7,60330.3,60249.55,60329.0,0
2026-02-04 14:15:00+05:30,60325.45,60382.4,60324.75,60357.7,0
2026-02-04 14:20:00+05:30,60357.0,60389.4,60334.95,60341.5,0
2026-02-04 14:25:00+05:30,60342.0,60352.65,60321.5,60339.35,0
2026-02-04 14:30:00+05:30,60338.6,60358.4,60331.45,60343.6,0
2026-02-04 14:35:00+05:30,60344.3,60373.6,60314.25,60367.35,0
2026-02-04 14:40:00+05:30,60369.8,60374.65,60345.05,60363.2,0
2026-02-04 14:45:00+05:30,60364.85,60369.1,60302.8,60315.8,0
2026-02-04 14:50:00+05:30,60319.2,60331.8,60293.4,60327.15,0
2026-02-04 14:55:00+05:30,60326.05,60327.55,60285.8,60289.5,0
2026-02-04 15:00:00+05:30,60295.8,60326.2,60248.55,60267.55,0
2026-02-04 15:05:00+05:30,60270.75,60287.5,60242.6,60257.55,0
2026-02-04 15:10:00+05:30,60259.6,60272.7,60250.65,60269.9,0
2026-02-04 15:15:00+05:30,60271.35,60288.5,60228.7,60231.95,0
2026-02-04 15:20:00+05:30,60232.45,60236.5,60212.1,60232.65,0
2026-02-04 15:25:00+05:30,60226.75,60239.6,60135.3,60148.1,0
2026-02-05 09:15:00+05:30,60315.35,60328.3,60176.25,60293.05,0
2026-02-05 09:20:00+05:30,60294.1,60294.1,60166.0,60181.2,0
2026-02-05 09:25:00+05:30,60179.8,60223.4,60157.6,60185.55,0
2026-02-05 09:30:00+05:30,60186.2,60211.7,60155.3,60163.85,0
2026-02-05 09:35:00+05:30,60163.8,60190.9,60110.35,60132.05,0
2026-02-05 09:40:00+05:30,60134.5,60140.5,60098.85,60132.2,0
2026-02-05 09:45:00+05:30,60131.25,60139.8,60064.0,60091.95,0
2026-02-05 09:50:00+05:30,60095.8,60140.65,60066.95,60087.95,0
2026-02-05 09:55:00+05:30,60088.05,60136.1,60072.9,60107.8,0
2026-02-05 10:00:00+05:30,60107.6,60116.3,60073.15,60091.35,0
2026-02-05 10:05:00+05:30,60092.85,60113.45,60078.5,60096.3,0
2026-02-05 10:10:00+05:30,60092.35,60182.0,60090.4,60170.55,0
2026-02-05 10:15:00+05:30,60170.05,60178.4,60127.0,60151.5,0
2026-02-05 10:20:00+05:30,60156.45,60245.45,60152.3,60237.7,0
2026-02-05 10:25:00+05:30,60240.2,60250.9,60141.05,60147.45,0
2026-02-05 10:30:00+05:30,60146.55,60154.85,60098.55,60112.4,0
2026-02-05 10:35:00+05:30,60109.45,60118.3,60057.2,60060.95,0
2026-02-05 10:40:00+05:30,60059.25,60077.2,60018.0,60021.15,0
2026-02-05 10:45:00+05:30,60019.05,60040.95,60006.15,60035.9,0
2026-02-05 10:50:00+05:30,60035.2,60047.05,60011.15,60018.85,0
2026-02-05 10:55:00+05:30,60019.6,60036.45,59991.35,60023.25,0
2026-02-05 11:00:00+05:30,60025.75,60048.25,59990.8,60030.1,0
2026-02-05 11:05:00+05:30,60032.65,60077.4,60020.9,60072.0,0
2026-02-05 11:10:00+05:30,60071.95,60103.55,60060.0,60072.95,0
2026-02-05 11:15:00+05:30,60070.05,60081.95,60025.4,60030.45,0
2026-02-05 11:20:00+05:30,60031.65,60047.2,60014.05,60032.0,0
2026-02-05 11:25:00+05:30,60031.65,60059.4,60012.9,60043.7,0
2026-02-05 11:30:00+05:30,60045.1,60075.7,60025.2,60029.25,0
2026-02-05 11:35:00+05:30,60029.65,60086.05,60021.2,60078.25,0
2026-02-05 11:40:00+05:30,60079.4,60107.7,60059.55,60095.4,0
2026-02-05 11:45:00+05:30,60096.75,60097.75,60035.75,60043.8,0
2026-02-05 11:50:00+05:30,60043.35,60071.8,60021.85,60064.9,0
2026-02-05 11:55:00+05:30,60065.95,60093.85,60065.65,60086.4,0
2026-02-05 12:00:00+05:30,60085.75,60107.75,60061.8,60101.85,0
2026-02-05 12:05:00+05:30,60105.9,60107.0,60034.35,60041.95,0
2026-02-05 12:10:00+05:30,60041.9,60049.6,60006.35,60013.4,0
2026-02-05 12:15:00+05:30,60015.75,60016.8,59974.45,59978.65,0
2026-02-05 12:20:00+05:30,59982.55,59997.25,59963.35,59989.2,0
2026-02-05 12:25:00+05:30,59990.7,60021.15,59977.5,60001.4,0
2026-02-05 12:30:00+05:30,60007.7,60039.8,59971.25,59996.1,0
2026-02-05 12:35:00+05:30,59998.9,60020.95,59993.05,59999.45,0
2026-02-05 12:40:00+05:30,59997.8,60011.4,59978.8,59998.65,0
2026-02-05 12:45:00+05:30,60000.95,60037.15,59997.4,60023.35,0
2026-02-05 12:50:00+05:30,60028.25,60046.7,59993.2,59999.8,0
2026-02-05 12:55:00+05:30,60004.3,60049.15,59973.6,60034.2,0
2026-02-05 13:00:00+05:30,60035.15,60037.7,60010.85,60014.2,0
2026-02-05 13:05:00+05:30,60018.4,60032.85,60012.1,60026.35,0
2026-02-05 13:10:00+05:30,60027.1,60035.95,59991.2,60005.4,0
2026-02-05 13:15:00+05:30,60005.8,60067.55,60005.8,60056.35,0
2026-02-05 13:20:00+05:30,60058.5,60069.15,60049.3,60053.5,0
2026-02-05 13:25:00+05:30,60054.4,60056.3,59975.95,59980.35,0
2026-02-05 13:30:00+05:30,59980.25,60021.2,59978.55,60018.35,0
2026-02-05 13:35:00+05:30,60017.0,60043.85,60000.45,60035.25,0
2026-02-05 13:40:00+05:30,60036.9,60044.65,60018.05,60032.65,0
2026-02-05 13:45:00+05:30,60034.75,60042.3,60020.45,60029.55,0
2026-02-05 13:50:00+05:30,60030.45,60048.95,60005.45,60008.6,0
2026-02-05 13:55:00+05:30,60007.0,60012.85,59970.25,60010.1,0
2026-02-05 14:00:00+05:30,60014.3,60027.75,59983.75,59995.25,0
2026-02-05 14:05:00+05:30,59998.3,59998.3,59938.25,59942.55,0
2026-02-05 14:10:00+05:30,59943.65,59955.9,59912.05,59950.7,0
2026-02-05 14:15:00+05:30,59951.15,59953.95,59916.15,59921.4,0
2026-02-05 14:20:00+05:30,59923.4,59928.95,59887.75,59895.4,0
2026-02-05 14:25:00+05:30,59897.0,59941.0,59881.05,59930.05,0
2026-02-05 14:30:00+05:30,59931.85,59966.1,59920.1,59957.85,0
2026-02-05 14:35:00+05:30,59961.2,59981.65,59946.35,59972.8,0
2026-02-05 14:40:00+05:30,59974.4,59976.2,59936.25,59950.5,0
2026-02-05 14:45:00+05:30,59953.45,59981.95,59942.35,59977.95,0
2026-02-05 14:50:00+05:30,59978.1,60016.0,59972.25,60011.15,0
2026-02-05 14:55:00+05:30,60012.45,60067.3,60009.9,60055.75,0
2026-02-05 15:00:00+05:30,60054.1,60120.65,60054.1,60105.05,0
2026-02-05 15:05:00+05:30,60110.35,60121.55,60012.6,60056.35,0
2026-02-05 15:10:00+05:30,60058.55,60088.15,60032.45,60082.45,0
2026-02-05 15:15:00+05:30,60083.55,60087.15,60007.0,60038.65,0
2026-02-05 15:20:00+05:30,60039.25,60075.3,60012.9,60070.6,0
2026-02-05 15:25:00+05:30,60069.8,60076.75,60014.25,60055.25,0
2026-02-06 09:15:00+05:30,59967.1,60113.05,59924.15,60091.45,0
2026-02-06 09:20:00+05:30,60082.3,60119.95,60029.4,60109.8,0
2026-02-06 09:25:00+05:30,60105.0,60118.4,60054.1,60069.85,0
2026-02-06 09:30:00+05:30,60070.6,60075.3,60023.65,60038.95,0
2026-02-06 09:35:00+05:30,60041.75,60056.15,59977.2,59996.8,0
2026-02-06 09:40:00+05:30,59997.5,60001.05,59934.9,59955.2,0
2026-02-06 09:45:00+05:30,59951.55,60032.35,59947.25,60022.55,0
2026-02-06 09:50:00+05:30,60023.4,60029.9,59970.3,59971.75,0
2026-02-06 09:55:00+05:30,59968.45,59996.95,59946.25,59995.95,0
2026-02-06 10:00:00+05:30,59994.25,60022.95,59919.65,59957.9,0
2026-02-06 10:05:00+05:30,59960.15,59968.3,59904.95,59941.55,0
2026-02-06 10:10:00+05:30,59942.25,59944.35,59873.45,59915.85,0
2026-02-06 10:15:00+05:30,59916.95,59973.65,59870.8,59957.95,0
2026-02-06 10:20:00+05:30,59954.35,60002.1,59938.45,59974.55,0
2026-02-06 10:25:00+05:30,59971.1,59980.55,59822.65,59825.8,0
2026-02-06 10:30:00+05:30,59827.4,59828.65,59754.35,59776.2,0
2026-02-06 10:35:00+05:30,59776.4,59776.75,59707.0,59744.9,0
2026-02-06 10:40:00+05:30,59744.0,59744.0,59644.55,59677.9,0
2026-02-06 10:45:00+05:30,59680.95,59707.35,59659.25,59690.35,0
2026-02-06 10:50:00+05:30,59688.4,59708.5,59669.85,59676.75,0
2026-02-06 10:55:00+05:30,59676.0,59713.15,59665.4,59698.65,0
2026-02-06 11:00:00+05:30,59699.65,59755.4,59692.55,59752.7,0
2026-02-06 11:05:00+05:30,59756.25,59808.2,59747.55,59804.7,0
2026-02-06 11:10:00+05:30,59807.55,59821.45,59789.2,59818.9,0
2026-02-06 11:15:00+05:30,59817.85,59824.1,59769.95,59809.3,0
2026-02-06 11:20:00+05:30,59809.65,59874.2,59809.0,59850.85,0
2026-02-06 11:25:00+05:30,59853.9,59872.15,59808.5,59826.1,0
2026-02-06 11:30:00+05:30,59827.3,59903.45,59815.95,59897.4,0
2026-02-06 11:35:00+05:30,59896.9,59950.3,59869.8,59946.1,0
2026-02-06 11:40:00+05:30,59945.8,60011.7,59938.7,59941.55,0
2026-02-06 11:45:00+05:30,59939.7,59982.75,59918.1,59976.05,0
2026-02-06 11:50:00+05:30,59976.3,59988.6,59936.85,59943.55,0
2026-02-06 11:55:00+05:30,59944.0,59953.6,59910.65,59940.4,0
2026-02-06 12:00:00+05:30,59938.2,59994.8,59926.1,59927.6,0
2026-02-06 12:05:00+05:30,59928.3,59928.3,59827.35,59853.1,0
2026-02-06 12:10:00+05:30,59853.7,59892.65,59838.25,59887.55,0
2026-02-06 12:15:00+05:30,59890.55,59897.95,59845.6,59865.1,0
2026-02-06 12:20:00+05:30,59863.6,59864.8,59790.3,59790.3,0
2026-02-06 12:25:00+05:30,59790.25,59825.95,59781.0,59804.95,0
2026-02-06 12:30:00+05:30,59806.0,59806.0,59717.9,59743.7,0
2026-02-06 12:35:00+05:30,59747.05,59809.95,59747.05,59784.8,0
2026-02-06 12:40:00+05:30,59786.2,59805.5,59771.2,59799.7,0
2026-02-06 12:45:00+05:30,59802.8,59862.3,59785.95,59820.7,0
2026-02-06 12:50:00+05:30,59819.95,59847.65,59806.05,59814.25,0
2026-02-06 12:55:00+05:30,59810.3,59865.95,59793.85,59847.15,0
2026-02-06 13:00:00+05:30,59848.65,59852.75,59805.3,59825.35,0
2026-02-06 13:05:00+05:30,59826.4,59859.25,59782.7,59805.35,0
2026-02-06 13:10:00+05:30,59805.45,59824.95,59784.0,59795.95,0
2026-02-06 13:15:00+05:30,59796.65,59823.45,59782.7,59803.25,0
2026-02-06 13:20:00+05:30,59804.05,59816.05,59776.8,59808.75,0
2026-02-06 13:25:00+05:30,59810.0,59834.6,59801.8,59829.1,0
2026-02-06 13:30:00+05:30,59830.55,59846.7,59768.25,59803.5,0
2026-02-06 13:35:00+05:30,59805.95,59849.95,59795.95,59838.8,0
2026-02-06 13:40:00+05:30,59838.15,59876.4,59821.95,59831.1,0
2026-02-06 13:45:00+05:30,59834.15,59873.3,59819.7,59854.5,0
2026-02-06 13:50:00+05:30,59854.75,59950.9,59849.55,59940.8,0
2026-02-06 13:55:00+05:30,59938.3,59961.55,59915.25,59950.45,0
2026-02-06 14:00:00+05:30,59950.5,60004.5,59947.7,59957.95,0
2026-02-06 14:05:00+05:30,59958.15,59982.6,59942.4,59966.05,0
2026-02-06 14:10:00+05:30,59970.35,59970.35,59924.0,59946.15,0
2026-02-06 14:15:00+05:30,59946.6,59974.2,59927.65,59972.4,0
2026-02-06 14:20:00+05:30,59971.6,59999.75,59949.2,59952.8,0
2026-02-06 14:25:00+05:30,59954.3,59976.1,59946.7,59960.95,0
2026-02-06 14:30:00+05:30,59960.15,59977.85,59941.65,59976.6,0
2026-02-06 14:35:00+05:30,59976.0,60016.1,59969.7,59992.4,0
2026-02-06 14:40:00+05:30,59994.25,60019.65,59992.4,59998.5,0
2026-02-06 14:45:00+05:30,59999.2,60021.1,59974.45,59983.3,0
2026-02-06 14:50:00+05:30,59980.75,60043.3,59977.3,60039.15,0
2026-02-06 14:55:00+05:30,60041.25,60080.1,60041.25,60064.05,0
2026-02-06 15:00:00+05:30,60064.9,60136.05,60064.9,60127.85,0
2026-02-06 15:05:00+05:30,60124.75,60143.3,60095.4,60106.05,0
2026-02-06 15:10:00+05:30,60101.05,60139.2,60088.1,60132.4,0
2026-02-06 15:15:00+05:30,60130.8,60149.9,60120.75,60128.65,0
2026-02-06 15:20:00+05:30,60120.3,60141.55,60106.2,60141.55,0
2026-02-06 15:25:00+05:30,60135.35,60138.35,60078.5,60112.8,0
2026-02-09 09:15:00+05:30,60805.2,60876.2,60495.7,60607.15,0
2026-02-09 09:20:00+05:30,60604.9,60671.05,60579.3,60640.35,0
2026-02-09 09:25:00+05:30,60647.9,60675.95,60623.1,60664.0,0
2026-02-09 09:30:00+05:30,60665.05,60729.55,60610.8,60646.2,0
2026-02-09 09:35:00+05:30,60645.0,60660.3,60597.7,60605.65,0
2026-02-09 09:40:00+05:30,60602.1,60642.25,60599.7,60617.75,0
2026-02-09 09:45:00+05:30,60617.05,60643.75,60601.95,60621.3,0
2026-02-09 09:50:00+05:30,60617.5,60637.25,60593.8,60610.3,0
2026-02-09 09:55:00+05:30,60613.55,60657.35,60609.15,60652.1,0
2026-02-09 10:00:00+05:30,60648.5,60694.15,60648.5,60676.45,0
2026-02-09 10:05:00+05:30,60672.9,60695.35,60656.55,60673.1,0
2026-02-09 10:10:00+05:30,60672.3,60682.7,60630.0,60643.85,0
2026-02-09 10:15:00+05:30,60638.9,60667.3,60627.9,60656.85,0
2026-02-09 10:20:00+05:30,60652.1,60676.2,60604.0,60622.8,0
2026-02-09 10:25:00+05:30,60620.35,60638.15,60580.95,60590.4,0
2026-02-09 10:30:00+05:30,60587.85,60647.95,60572.65,60640.85,0
2026-02-09 10:35:00+05:30,60636.3,60691.3,60636.3,60672.65,0
2026-02-09 10:40:00+05:30,60675.85,60688.25,60662.4,60676.6,0
2026-02-09 10:45:00+05:30,60679.95,60700.95,60661.75,60665.1,0
2026-02-09 10:50:00+05:30,60670.7,60704.05,60657.7,60698.85,0
2026-02-09 10:55:00+05:30,60697.95,60712.7,60680.35,60695.7,0
2026-02-09 11:00:00+05:30,60695.5,60709.7,60650.8,60665.65,0
2026-02-09 11:05:00+05:30,60664.05,60687.15,60638.35,60646.0,0
2026-02-09 11:10:00+05:30,60646.9,60662.9,60633.8,60654.0,0
2026-02-09 11:15:00+05:30,60654.65,60665.0,60636.1,60656.95,0
2026-02-09 11:20:00+05:30,60656.8,60677.15,60650.05,60662.8,0
2026-02-09 11:25:00+05:30,60665.5,60672.1,60636.15,60652.05,0
2026-02-09 11:30:00+05:30,60653.65,60657.3,60616.0,60650.2,0
2026-02-09 11:35:00+05:30,60649.85,60677.8,60637.9,60673.55,0
2026-02-09 11:40:00+05:30,60668.0,60675.75,60637.25,60646.45,0
2026-02-09 11:45:00+05:30,60644.0,60654.4,60615.55,60638.25,0
2026-02-09 11:50:00+05:30,60638.65,60641.05,60613.5,60617.4,0
2026-02-09 11:55:00+05:30,60617.2,60632.15,60604.75,60621.5,0
2026-02-09 12:00:00+05:30,60621.1,60644.15,60615.55,60629.15,0
2026-02-09 12:05:00+05:30,60629.8,60653.85,60608.85,60645.95,0
2026-02-09 12:10:00+05:30,60647.45,60653.1,60622.75,60629.7,0
2026-02-09 12:15:00+05:30,60630.85,60649.35,60621.65,60634.05,0
2026-02-09 12:20:00+05:30,60635.65,60650.15,60622.65,60629.2,0
2026-02-09 12:25:00+05:30,60630.8,60645.7,60616.15,60620.75,0
2026-02-09 12:30:00+05:30,60623.55,60626.9,60590.3,60599.5,0
2026-02-09 12:35:00+05:30,60603.7,60622.7,60571.0,60577.15,0
2026-02-09 12:40:00+05:30,60575.3,60602.55,60564.8,60582.35,0
2026-02-09 12:45:00+05:30,60581.9,60594.3,60563.05,60568.85,0
2026-02-09 12:50:00+05:30,60570.45,60590.8,60528.4,60529.7,0
2026-02-09 12:55:00+05:30,60532.05,60560.85,60516.2,60558.1,0
2026-02-09 13:00:00+05:30,60560.15,60602.9,60550.95,60597.75,0
2026-02-09 13:05:00+05:30,60598.7,60627.7,60597.55,60620.6,0
2026-02-09 13:10:00+05:30,60625.05,60631.7,60571.65,60587.85,0
2026-02-09 13:15:00+05:30,60588.75,60615.9,60583.6,60598.85,0
2026-02-09 13:20:00+05:30,60601.45,60611.5,60569.3,60577.0,0
2026-02-09 13:25:00+05:30,60577.65,60592.05,60554.85,60558.0,0
2026-02-09 13:30:00+05:30,60559.7,60592.85,60543.9,60577.55,0
2026-02-09 13:35:00+05:30,60579.9,60611.15,60571.75,60594.35,0
2026-02-09 13:40:00+05:30,60594.65,60615.7,60590.1,60604.1,0
2026-02-09 13:45:00+05:30,60605.5,60616.65,60580.65,60585.7,0
2026-02-09 13:50:00+05:30,60590.05,60601.75,60569.95,60584.5,0
2026-02-09 13:55:00+05:30,60582.95,60610.4,60563.25,60571.45,0
2026-02-09 14:00:00+05:30,60573.65,60598.7,60569.9,60583.7,0
2026-02-09 14:05:00+05:30,60589.55,60600.15,60560.3,60597.2,0
2026-02-09 14:10:00+05:30,60599.65,60614.15,60581.65,60593.5,0
2026-02-09 14:15:00+05:30,60593.8,60637.7,60584.1,60634.15,0
2026-02-09 14:20:00+05:30,60638.7,60674.65,60627.95,60656.75,0
2026-02-09 14:25:00+05:30,60660.2,60665.1,60637.6,60653.95,0
2026-02-09 14:30:00+05:30,60657.7,60659.95,60637.5,60646.0,0
2026-02-09 14:35:00+05:30,60644.95,60655.05,60597.65,60600.6,0
2026-02-09 14:40:00+05:30,60602.9,60610.4,60581.7,60591.45,0
2026-02-09 14:45:00+05:30,60597.75,60655.4,60593.25,60633.3,0
2026-02-09 14:50:00+05:30,60636.75,60656.95,60606.5,60647.5,0
2026-02-09 14:55:00+05:30,60649.2,60672.75,60644.7,60655.15,0
2026-02-09 15:00:00+05:30,60656.65,60685.2,60637.35,60668.15,0
2026-02-09 15:05:00+05:30,60667.85,60674.75,60614.65,60652.75,0
2026-02-09 15:10:00+05:30,60653.3,60671.7,60647.55,60665.75,0
2026-02-09 15:15:00+05:30,60665.85,60683.8,60655.85,60672.05,0
2026-02-09 15:20:00+05:30,60673.45,60673.45,60648.6,60661.6,0
2026-02-09 15:25:00+05:30,60663.05,60700.35,60638.25,60666.8,0
2026-02-10 09:15:00+05:30,60740.8,60760.6,60636.4,60677.8,0
2026-02-10 09:20:00+05:30,60676.9,60708.45,60608.8,60706.85,0
2026-02-10 09:25:00+05:30,60706.2,60713.55,60667.4,60686.7,0
2026-02-10 09:30:00+05:30,60690.3,60732.65,60656.25,60732.65,0
2026-02-10 09:35:00+05:30,60730.05,60737.1,60710.0,60717.4,0
2026-02-10 09:40:00+05:30,60721.95,60723.4,60696.35,60699.3,0
2026-02-10 09:45:00+05:30,60702.2,60709.15,60656.6,60656.6,0
2026-02-10 09:50:00+05:30,60654.1,60680.65,60610.55,60612.6,0
2026-02-10 09:55:00+05:30,60616.95,60679.35,60597.95,60671.85,0
2026-02-10 10:00:00+05:30,60675.45,60711.8,60663.4,60711.2,0
2026-02-10 10:05:00+05:30,60709.95,60732.6,60686.65,60698.7,0
2026-02-10 10:10:00+05:30,60700.2,60710.75,60669.7,60682.45,0
2026-02-10 10:15:00+05:30,60682.8,60721.3,60673.7,60703.1,0
2026-02-10 10:20:00+05:30,60704.4,60721.2,60694.15,60721.15,0
2026-02-10 10:25:00+05:30,60720.5,60733.7,60710.15,60721.55,0
2026-02-10 10:30:00+05:30,60724.15,60768.95,60715.9,60768.95,0
2026-02-10 10:35:00+05:30,60763.4,60787.95,60756.8,60773.35,0
2026-02-10 10:40:00+05:30,60774.9,60780.15,60744.95,60760.45,0
2026-02-10 10:45:00+05:30,60759.8,60773.9,60735.45,60742.6,0
2026-02-10 10:50:00+05:30,60744.55,60772.25,60738.2,60765.1,0
2026-02-10 10:55:00+05:30,60765.95,60774.3,60739.75,60748.8,0
2026-02-10 11:00:00+05:30,60747.8,60768.2,60722.75,60752.7,0
2026-02-10 11:05:00+05:30,60755.3,60761.45,60729.15,60730.75,0
2026-02-10 11:10:00+05:30,60731.05,60764.25,60719.4,60753.15,0
2026-02-10 11:15:00+05:30,60752.35,60763.4,60725.5,60734.65,0
2026-02-10 11:20:00+05:30,60731.85,60738.0,60711.25,60726.6,0
2026-02-10 11:25:00+05:30,60731.3,60747.65,60718.7,60728.0,0
2026-02-10 11:30:00+05:30,60730.5,60744.2,60720.8,60738.5,0
2026-02-10 11:35:00+05:30,60738.65,60740.55,60701.7,60724.4,0
2026-02-10 11:40:00+05:30,60724.6,60743.25,60704.15,60737.5,0
2026-02-10 11:45:00+05:30,60739.45,60745.95,60713.9,60727.75,0
2026-02-10 11:50:00+05:30,60723.2,60741.0,60705.15,60732.9,0
2026-02-10 11:55:00+05:30,60733.6,60742.15,60711.3,60739.75,0
2026-02-10 12:00:00+05:30,60736.0,60739.4,60720.6,60726.55,0
2026-02-10 12:05:00+05:30,60727.2,60732.0,60704.2,60713.75,0
2026-02-10 12:10:00+05:30,60712.2,60732.4,60705.75,60732.4,0
2026-02-10 12:15:00+05:30,60732.3,60757.45,60724.4,60752.4,0
2026-02-10 12:20:00+05:30,60751.1,60751.9,60712.8,60728.45,0
2026-02-10 12:25:00+05:30,60729.7,60741.8,60715.7,60741.8,0
2026-02-10 12:30:00+05:30,60741.2,60748.1,60717.15,60744.85,0
2026-02-10 12:35:00+05:30,60743.0,60754.65,60727.95,60738.0,0
2026-02-10 12:40:00+05:30,60735.65,60755.5,60734.05,60752.65,0
2026-02-10 12:45:00+05:30,60748.7,60788.9,60745.75,60785.1,0
2026-02-10 12:50:00+05:30,60781.65,60797.55,60762.85,60775.7,0
2026-02-10 12:55:00+05:30,60770.35,60783.4,60753.95,60759.25,0
2026-02-10 13:00:00+05:30,60760.75,60772.4,60731.95,60752.8,0
2026-02-10 13:05:00+05:30,60750.2,60776.7,60726.35,60770.1,0
2026-02-10 13:10:00+05:30,60771.2,60777.9,60748.25,60771.5,0
2026-02-10 13:15:00+05:30,60769.75,60781.9,60693.75,60700.85,0
2026-02-10 13:20:00+05:30,60699.45,60728.7,60673.5,60679.0,0
2026-02-10 13:25:00+05:30,60679.3,60719.4,60672.6,60698.75,0
2026-02-10 13:30:00+05:30,60690.3,60693.35,60629.05,60666.35,0
2026-02-10 13:35:00+05:30,60666.95,60669.95,60622.2,60652.0,0
2026-02-10 13:40:00+05:30,60652.75,60669.85,60634.9,60663.35,0
2026-02-10 13:45:00+05:30,60666.5,60672.15,60619.05,60634.3,0
2026-02-10 13:50:00+05:30,60636.3,60667.95,60622.65,60623.75,0
2026-02-10 13:55:00+05:30,60627.65,60631.45,60568.6,60574.4,0
2026-02-10 14:00:00+05:30,60572.8,60583.45,60531.55,60581.9,0
2026-02-10 14:05:00+05:30,60580.9,60654.9,60577.5,60626.65,0
2026-02-10 14:10:00+05:30,60622.85,60646.1,60606.6,60645.1,0
2026-02-10 14:15:00+05:30,60647.05,60695.0,60643.9,60693.9,0
2026-02-10 14:20:00+05:30,60690.95,60694.25,60644.95,60666.75,0
2026-02-10 14:25:00+05:30,60662.6,60677.05,60647.85,60659.4,0
2026-02-10 14:30:00+05:30,60656.7,60666.75,60636.0,60645.4,0
2026-02-10 14:35:00+05:30,60642.15,60668.85,60631.25,60654.0,0
2026-02-10 14:40:00+05:30,60649.55,60653.6,60617.3,60641.25,0
2026-02-10 14:45:00+05:30,60642.2,60668.0,60635.2,60650.6,0
2026-02-10 14:50:00+05:30,60654.95,60665.45,60638.75,60662.9,0
2026-02-10 14:55:00+05:30,60661.8,60678.75,60644.7,60667.3,0
2026-02-10 15:00:00+05:30,60668.85,60709.45,60655.65,60682.0,0
2026-02-10 15:05:00+05:30,60695.45,60699.9,60607.2,60681.0,0
2026-02-10 15:10:00+05:30,60675.95,60689.1,60628.9,60634.4,0
2026-02-10 15:15:00+05:30,60633.3,60655.15,60589.55,60594.4,0
2026-02-10 15:20:00+05:30,60596.3,60596.3,60558.25,60565.05,0
2026-02-10 15:25:00+05:30,60567.8,60583.05,60550.85,60568.25,0
2026-02-11 09:15:00+05:30,60670.25,60727.1,60511.15,60605.7,0
2026-02-11 09:20:00+05:30,60608.75,60625.1,60564.15,60570.25,0
2026-02-11 09:25:00+05:30,60570.65,60597.55,60551.45,60573.0,0
2026-02-11 09:30:00+05:30,60576.7,60581.15,60497.35,60517.85,0
2026-02-11 09:35:00+05:30,60524.45,60531.45,60444.65,60456.95,0
2026-02-11 09:40:00+05:30,60461.05,60484.15,60450.15,60466.35,0
2026-02-11 09:45:00+05:30,60465.55,60504.05,60451.4,60484.6,0
2026-02-11 09:50:00+05:30,60490.3,60588.25,60477.25,60572.6,0
2026-02-11 09:55:00+05:30,60571.1,60595.55,60541.75,60545.3,0
2026-02-11 10:00:00+05:30,60546.05,60547.45,60482.8,60489.4,0
2026-02-11 10:05:00+05:30,60490.15,60518.8,60483.05,60501.35,0
2026-02-11 10:10:00+05:30,60502.5,60542.25,60473.3,60504.6,0
2026-02-11 10:15:00+05:30,60503.05,60554.85,60493.35,60550.1,0
2026-02-11 10:20:00+05:30,60550.7,60585.0,60527.65,60569.5,0
2026-02-11 10:25:00+05:30,60569.1,60639.55,60553.25,60629.95,0
2026-02-11 10:30:00+05:30,60631.75,60658.55,60613.5,60636.4,0
2026-02-11 10:35:00+05:30,60635.15,60691.4,60613.35,60660.7,0
2026-02-11 10:40:00+05:30,60664.35,60680.35,60635.0,60656.35,0
2026-02-11 10:45:00+05:30,60648.05,60675.85,60639.65,60666.3,0
2026-02-11 10:50:00+05:30,60671.75,60673.5,60635.5,60641.6,0
2026-02-11 10:55:00+05:30,60643.5,60669.5,60637.55,60656.2,0
2026-02-11 11:00:00+05:30,60656.25,60667.2,60628.35,60664.25,0
2026-02-11 11:05:00+05:30,60664.55,60695.65,60581.25,60601.7,0
2026-02-11 11:10:00+05:30,60606.8,60678.7,60604.75,60671.1,0
2026-02-11 11:15:00+05:30,60673.75,60703.75,60656.35,60656.35,0
2026-02-11 11:20:00+05:30,60653.55,60687.55,60637.0,60684.65,0
2026-02-11 11:25:00+05:30,60687.2,60701.7,60674.15,60690.1,0
2026-02-11 11:30:00+05:30,60689.0,60749.45,60679.9,60717.15,0
2026-02-11 11:35:00+05:30,60717.75,60751.0,60694.35,60700.7,0
2026-02-11 11:40:00+05:30,60700.55,60710.7,60675.95,60675.95,0
2026-02-11 11:45:00+05:30,60679.55,60703.75,60676.55,60686.25,0
2026-02-11 11:50:00+05:30,60689.8,60699.4,60678.3,60693.45,0
2026-02-11 11:55:00+05:30,60691.45,60715.35,60683.15,60686.15,0
2026-02-11 12:00:00+05:30,60687.85,60706.2,60682.1,60693.3,0
2026-02-11 12:05:00+05:30,60693.6,60697.05,60638.6,60654.8,0
2026-02-11 12:10:00+05:30,60656.95,60668.25,60649.0,60651.0,0
2026-02-11 12:15:00+05:30,60650.95,60666.05,60625.9,60634.75,0
2026-02-11 12:20:00+05:30,60634.6,60647.35,60626.4,60639.9,0
2026-02-11 12:25:00+05:30,60634.95,60657.65,60626.0,60648.9,0
2026-02-11 12:30:00+05:30,60649.8,60675.2,60639.95,60644.75,0
2026-02-11 12:35:00+05:30,60647.15,60666.75,60627.85,60629.45,0
2026-02-11 12:40:00+05:30,60629.3,60658.25,60613.8,60637.1,0
2026-02-11 12:45:00+05:30,60637.5,60652.3,60616.9,60652.3,0
2026-02-11 12:50:00+05:30,60652.8,60674.85,60643.35,60672.1,0
2026-02-11 12:55:00+05:30,60671.55,60704.55,60657.7,60680.95,0
2026-02-11 13:00:00+05:30,60679.8,60684.35,60637.45,60647.8,0
2026-02-11 13:05:00+05:30,60643.0,60676.15,60639.2,60657.85,0
2026-02-11 13:10:00+05:30,60657.55,60683.5,60648.85,60660.75,0
2026-02-11 13:15:00+05:30,60663.35,60683.55,60655.35,60682.1,0
2026-02-11 13:20:00+05:30,60681.65,60703.65,60663.85,60676.1,0
2026-02-11 13:25:00+05:30,60679.35,60701.45,60671.4,60697.0,0
2026-02-11 13:30:00+05:30,60697.55,60725.6,60691.15,60710.2,0
2026-02-11 13:35:00+05:30,60713.2,60731.8,60707.7,60727.75,0
2026-02-11 13:40:00+05:30,60727.65,60752.2,60707.05,60712.75,0
2026-02-11 13:45:00+05:30,60714.5,60721.05,60695.65,60704.1,0
2026-02-11 13:50:00+05:30,60708.25,60708.4,60682.1,60694.3,0
2026-02-11 13:55:00+05:30,60696.25,60722.2,60693.4,60704.25,0
2026-02-11 14:00:00+05:30,60703.65,60747.25,60696.0,60724.5,0
2026-02-11 14:05:00+05:30,60722.6,60737.2,60698.65,60707.85,0
2026-02-11 14:10:00+05:30,60709.65,60744.15,60704.45,60736.35,0
2026-02-11 14:15:00+05:30,60740.5,60766.15,60738.05,60751.5,0
2026-02-11 14:20:00+05:30,60752.2,60757.4,60709.1,60722.4,0
2026-02-11 14:25:00+05:30,60727.1,60751.45,60716.35,60717.5,0
2026-02-11 14:30:00+05:30,60717.15,60730.85,60679.95,60725.75,0
2026-02-11 14:35:00+05:30,60726.9,60735.6,60710.15,60715.5,0
2026-02-11 14:40:00+05:30,60713.35,60729.2,60698.75,60723.55,0
2026-02-11 14:45:00+05:30,60723.3,60742.95,60715.95,60725.85,0
2026-02-11 14:50:00+05:30,60726.05,60740.75,60715.75,60731.25,0
2026-02-11 14:55:00+05:30,60732.95,60746.95,60713.7,60719.65,0
2026-02-11 15:00:00+05:30,60715.9,60756.7,60715.9,60747.95,0
2026-02-11 15:05:00+05:30,60749.8,60756.6,60737.15,60746.25,0
2026-02-11 15:10:00+05:30,60746.9,60779.95,60738.25,60773.65,0
2026-02-11 15:15:00+05:30,60777.3,60777.3,60751.7,60765.75,0
2026-02-11 15:20:00+05:30,60769.4,60771.7,60737.35,60745.95,0
2026-02-11 15:25:00+05:30,60742.4,60762.9,60717.4,60743.95,0
2026-02-12 09:15:00+05:30,60786.15,60796.4,60687.05,60752.35,0
2026-02-12 09:20:00+05:30,60749.1,60765.2,60702.95,60720.85,0
2026-02-12 09:25:00+05:30,60723.05,60746.7,60678.75,60723.65,0
2026-02-12 09:30:00+05:30,60720.9,60803.9,60712.3,60786.9,0
2026-02-12 09:35:00+05:30,60784.15,60829.85,60769.35,60789.35,0
2026-02-12 09:40:00+05:30,60794.35,60806.0,60774.0,60789.7,0
2026-02-12 09:45:00+05:30,60787.0,60826.4,60763.75,60809.2,0
2026-02-12 09:50:00+05:30,60809.65,60822.05,60771.45,60786.15,0
2026-02-12 09:55:00+05:30,60790.15,60819.7,60771.0,60808.1,0
2026-02-12 10:00:00+05:30,60808.9,60830.0,60786.3,60810.0,0
2026-02-12 10:05:00+05:30,60819.1,60819.1,60778.7,60808.9,0
2026-02-12 10:10:00+05:30,60812.05,60856.75,60782.05,60843.05,0
2026-02-12 10:15:00+05:30,60852.35,60858.25,60814.35,60832.3,0
2026-02-12 10:20:00+05:30,60830.05,60862.5,60819.95,60847.65,0
2026-02-12 10:25:00+05:30,60850.75,60852.3,60809.85,60840.7,0
2026-02-12 10:30:00+05:30,60845.05,60860.55,60820.2,60839.25,0
2026-02-12 10:35:00+05:30,60842.7,60856.3,60804.5,60808.95,0
2026-02-12 10:40:00+05:30,60810.3,60828.25,60777.65,60791.85,0
2026-02-12 10:45:00+05:30,60792.15,60807.45,60772.1,60799.05,0
2026-02-12 10:50:00+05:30,60797.15,60821.05,60782.5,60812.05,0
2026-02-12 10:55:00+05:30,60810.95,60832.85,60804.8,60826.45,0
2026-02-12 11:00:00+05:30,60827.75,60864.4,60812.45,60839.15,0
2026-02-12 11:05:00+05:30,60835.65,60856.0,60807.5,60840.2,0
2026-02-12 11:10:00+05:30,60839.9,60853.35,60808.55,60819.15,0
2026-02-12 11:15:00+05:30,60816.7,60819.8,60782.85,60812.55,0
2026-02-12 11:20:00+05:30,60810.35,60813.15,60754.05,60785.55,0
2026-02-12 11:25:00+05:30,60787.0,60796.85,60757.45,60766.7,0
2026-02-12 11:30:00+05:30,60778.9,60782.7,60736.05,60751.7,0
2026-02-12 11:35:00+05:30,60754.0,60757.55,60717.95,60737.7,0
2026-02-12 11:40:00+05:30,60744.5,60795.45,60729.45,60794.0,0
2026-02-12 11:45:00+05:30,60792.4,60797.55,60772.75,60781.2,0
2026-02-12 11:50:00+05:30,60781.75,60783.2,60711.25,60727.45,0
2026-02-12 11:55:00+05:30,60733.6,60767.5,60703.3,60759.5,0
2026-02-12 12:00:00+05:30,60754.9,60757.55,60686.15,60700.4,0
2026-02-12 12:05:00+05:30,60702.25,60719.55,60685.9,60716.8,0
2026-02-12 12:10:00+05:30,60710.9,60728.0,60688.9,60711.05,0
2026-02-12 12:15:00+05:30,60711.8,60742.1,60707.45,60727.95,0
2026-02-12 12:20:00+05:30,60731.45,60754.1,60718.55,60737.5,0
2026-02-12 12:25:00+05:30,60732.7,60741.8,60713.3,60723.65,0
2026-02-12 12:30:00+05:30,60726.1,60774.3,60714.75,60762.8,0
2026-02-12 12:35:00+05:30,60760.25,60764.2,60723.35,60728.45,0
2026-02-12 12:40:00+05:30,60731.0,60742.4,60703.65,60727.3,0
2026-02-12 12:45:00+05:30,60730.75,60760.7,60727.0,60756.8,0
2026-02-12 12:50:00+05:30,60751.8,60787.65,60748.45,60769.95,0
2026-02-12 12:55:00+05:30,60771.45,60795.85,60761.0,60778.75,0
2026-02-12 13:00:00+05:30,60778.55,60827.5,60771.9,60807.95,0
2026-02-12 13:05:00+05:30,60807.15,60813.8,60774.95,60785.0,0
2026-02-12 13:10:00+05:30,60788.4,60796.5,60762.5,60782.45,0
2026-02-12 13:15:00+05:30,60784.65,60844.8,60772.4,60822.45,0
2026-02-12 13:20:00+05:30,60828.9,60828.9,60774.95,60819.7,0
2026-02-12 13:25:00+05:30,60823.1,60839.9,60783.8,60788.6,0
2026-02-12 13:30:00+05:30,60788.15,60806.95,60771.95,60785.85,0
2026-02-12 13:35:00+05:30,60789.0,60825.1,60771.7,60823.65,0
2026-02-12 13:40:00+05:30,60822.0,60827.7,60784.3,60799.55,0
2026-02-12 13:45:00+05:30,60800.6,60823.1,60760.2,60766.25,0
2026-02-12 13:50:00+05:30,60767.75,60778.45,60728.6,60765.95,0
2026-02-12 13:55:00+05:30,60768.25,60788.15,60748.0,60785.4,0
2026-02-12 14:00:00+05:30,60781.5,60804.6,60751.6,60781.2,0
2026-02-12 14:05:00+05:30,60776.7,60801.45,60770.25,60782.5,0
2026-02-12 14:10:00+05:30,60784.55,60791.7,60771.35,60779.4,0
2026-02-12 14:15:00+05:30,60784.75,60785.7,60719.05,60730.4,0
2026-02-12 14:20:00+05:30,60727.65,60769.1,60722.2,60755.15,0
2026-02-12 14:25:00+05:30,60752.85,60757.9,60720.15,60727.7,0
2026-02-12 14:30:00+05:30,60730.85,60744.4,60717.85,60723.05,0
2026-02-12 14:35:00+05:30,60720.55,60759.6,60687.45,60698.0,0
2026-02-12 14:40:00+05:30,60697.0,60720.8,60678.4,60690.1,0
2026-02-12 14:45:00+05:30,60687.9,60692.75,60597.65,60613.1,0
2026-02-12 14:50:00+05:30,60619.8,60673.95,60609.1,60672.4,0
2026-02-12 14:55:00+05:30,60672.05,60698.8,60659.1,60695.75,0
2026-02-12 15:00:00+05:30,60701.75,60818.55,60697.65,60734.35,0
2026-02-12 15:05:00+05:30,60744.2,60784.9,60694.35,60770.1,0
2026-02-12 15:10:00+05:30,60770.25,60785.4,60733.05,60750.6,0
2026-02-12 15:15:00+05:30,60749.55,60761.95,60708.65,60746.9,0
2026-02-12 15:20:00+05:30,60746.3,60749.6,60711.95,60720.65,0
2026-02-12 15:25:00+05:30,60722.4,60743.6,60696.35,60707.8,0
2026-02-13 09:15:00+05:30,60504.4,60621.9,60444.8,60554.35,0
2026-02-13 09:20:00+05:30,60543.6,60585.9,60528.55,60563.1,0
2026-02-13 09:25:00+05:30,60565.1,60576.55,60516.6,60532.95,0
2026-02-13 09:30:00+05:30,60532.4,60533.45,60444.4,60466.45,0
2026-02-13 09:35:00+05:30,60462.05,60482.35,60436.8,60459.05,0
2026-02-13 09:40:00+05:30,60455.25,60534.5,60444.35,60511.15,0
2026-02-13 09:45:00+05:30,60507.95,60544.05,60476.9,60493.1,0
2026-02-13 09:50:00+05:30,60491.45,60521.45,60466.2,60499.4,0
2026-02-13 09:55:00+05:30,60499.55,60505.35,60457.65,60467.9,0
2026-02-13 10:00:00+05:30,60468.55,60503.4,60458.0,60503.2,0
2026-02-13 10:05:00+05:30,60503.5,60511.3,60440.3,60451.25,0
2026-02-13 10:10:00+05:30,60451.9,60460.7,60415.95,60421.0,0
2026-02-13 10:15:00+05:30,60420.7,60423.6,60359.7,60403.05,0
2026-02-13 10:20:00+05:30,60400.55,60446.65,60393.65,60425.65,0
2026-02-13 10:25:00+05:30,60426.45,60439.0,60409.8,60418.95,0
2026-02-13 10:30:00+05:30,60418.9,60458.7,60399.25,60440.95,0
2026-02-13 10:35:00+05:30,60442.5,60462.1,60430.4,60437.95,0
2026-02-13 10:40:00+05:30,60437.8,60455.25,60421.05,60434.0,0
2026-02-13 10:45:00+05:30,60430.25,60431.45,60354.55,60354.55,0
2026-02-13 10:50:00+05:30,60358.95,60381.45,60318.95,60363.65,0
2026-02-13 10:55:00+05:30,60361.0,60392.4,60352.1,60365.15,0
2026-02-13 11:00:00+05:30,60367.25,60380.15,60338.3,60344.55,0
2026-02-13 11:05:00+05:30,60341.55,60355.75,60271.85,60280.75,0
2026-02-13 11:10:00+05:30,60279.45,60317.8,60276.0,60314.6,0
2026-02-13 11:15:00+05:30,60315.0,60324.85,60253.8,60267.6,0
2026-02-13 11:20:00+05:30,60269.5,60294.05,60253.35,60275.3,0
2026-02-13 11:25:00+05:30,60277.05,60320.6,60269.6,60320.05,0
2026-02-13 11:30:00+05:30,60320.95,60321.7,60276.5,60278.95,0
2026-02-13 11:35:00+05:30,60278.75,60303.4,60264.0,60296.05,0
2026-02-13 11:40:00+05:30,60296.95,60305.55,60274.35,60299.95,0
2026-02-13 11:45:00+05:30,60303.4,60319.9,60281.95,60286.55,0
2026-02-13 11:50:00+05:30,60287.8,60293.1,60256.25,60282.4,0
2026-02-13 11:55:00+05:30,60282.95,60296.0,60265.85,60280.85,0
2026-02-13 12:00:00+05:30,60284.55,60315.25,60271.3,60291.55,0
2026-02-13 12:05:00+05:30,60291.7,60305.85,60271.65,60300.0,0
2026-02-13 12:10:00+05:30,60299.45,60309.55,60284.2,60301.95,0
2026-02-13 12:15:00+05:30,60301.3,60313.35,60288.35,60313.35,0
2026-02-13 12:20:00+05:30,60313.85,60369.75,60312.85,60364.7,0
2026-02-13 12:25:00+05:30,60369.9,60409.4,60355.6,60358.7,0
2026-02-13 12:30:00+05:30,60362.4,60386.7,60331.25,60381.5,0
2026-02-13 12:35:00+05:30,60381.3,60382.95,60340.95,60350.5,0
2026-02-13 12:40:00+05:30,60353.75,60359.05,60336.35,60343.6,0
2026-02-13 12:45:00+05:30,60341.9,60374.75,60308.7,60308.7,0
2026-02-13 12:50:00+05:30,60310.1,60316.55,60290.0,60302.1,0
2026-02-13 12:55:00+05:30,60303.3,60321.4,60276.75,60287.55,0
2026-02-13 13:00:00+05:30,60291.5,60298.45,60272.05,60286.3,0
2026-02-13 13:05:00+05:30,60285.55,60335.9,60271.15,60333.95,0
2026-02-13 13:10:00+05:30,60334.8,60382.9,60324.45,60352.05,0
2026-02-13 13:15:00+05:30,60351.15,60360.5,60316.15,60355.7,0
2026-02-13 13:20:00+05:30,60353.3,60353.75,60291.85,60302.55,0
2026-02-13 13:25:00+05:30,60304.1,60307.85,60281.7,60288.6,0
2026-02-13 13:30:00+05:30,60290.65,60317.4,60252.2,60301.85,0
2026-02-13 13:35:00+05:30,60302.2,60336.1,60301.65,60320.0,0
2026-02-13 13:40:00+05:30,60323.0,60336.4,60300.65,60301.45,0
2026-02-13 13:45:00+05:30,60300.6,60308.75,60233.75,60252.25,0
2026-02-13 13:50:00+05:30,60252.6,60277.45,60235.0,60270.9,0
2026-02-13 13:55:00+05:30,60274.45,60301.6,60266.65,60292.1,0
2026-02-13 14:00:00+05:30,60296.0,60302.4,60267.0,60280.1,0
2026-02-13 14:05:00+05:30,60285.55,60320.45,60265.45,60270.55,0
2026-02-13 14:10:00+05:30,60274.8,60304.65,60264.6,60297.15,0
2026-02-13 14:15:00+05:30,60300.95,60307.0,60278.35,60291.05,0
2026-02-13 14:20:00+05:30,60296.0,60300.6,60274.0,60288.25,0
2026-02-13 14:25:00+05:30,60292.4,60311.95,60284.75,60284.75,0
2026-02-13 14:30:00+05:30,60292.9,60298.6,60269.85,60275.9,0
2026-02-13 14:35:00+05:30,60276.65,60300.4,60267.3,60296.65,0
2026-02-13 14:40:00+05:30,60294.25,60307.3,60277.1,60284.75,0
2026-02-13 14:45:00+05:30,60280.8,60296.2,60260.45,60275.95,0
2026-02-13 14:50:00+05:30,60273.6,60304.3,60267.35,60278.6,0
2026-02-13 14:55:00+05:30,60278.65,60297.4,60265.5,60290.45,0
2026-02-13 15:00:00+05:30,60287.15,60296.45,60244.25,60264.7,0
2026-02-13 15:05:00+05:30,60259.95,60284.55,60254.1,60275.3,0
2026-02-13 15:10:00+05:30,60270.5,60278.75,60242.85,60247.85,0
2026-02-13 15:15:00+05:30,60242.35,60263.25,60228.75,60253.55,0
2026-02-13 15:20:00+05:30,60257.1,60260.15,60073.55,60143.8,0
2026-02-13 15:25:00+05:30,60148.9,60200.3,60113.5,60169.7,0
2026-02-16 09:15:00+05:30,59947.8,60155.85,59861.1,60152.2,0
2026-02-16 09:20:00+05:30,60155.0,60263.05,60144.95,60252.75,0
2026-02-16 09:25:00+05:30,60261.55,60266.5,60151.75,60195.65,0
2026-02-16 09:30:00+05:30,60198.4,60319.05,60194.3,60288.0,0
2026-02-16 09:35:00+05:30,60286.0,60291.2,60237.7,60250.45,0
2026-02-16 09:40:00+05:30,60250.35,60279.25,60209.25,60222.0,0
2026-02-16 09:45:00+05:30,60227.25,60257.75,60181.15,60185.55,0
2026-02-16 09:50:00+05:30,60189.25,60256.45,60154.45,60255.4,0
2026-02-16 09:55:00+05:30,60252.7,60323.3,60249.9,60304.9,0
2026-02-16 10:00:00+05:30,60306.6,60376.55,60302.45,60351.4,0
2026-02-16 10:05:00+05:30,60354.15,60387.25,60342.15,60365.05,0
2026-02-16 10:10:00+05:30,60367.4,60440.15,60360.15,60440.15,0
2026-02-16 10:15:00+05:30,60439.45,60472.15,60410.9,60423.15,0
2026-02-16 10:20:00+05:30,60427.95,60444.0,60364.9,60371.4,0
2026-02-16 10:25:00+05:30,60373.1,60427.6,60364.4,60407.45,0
2026-02-16 10:30:00+05:30,60412.05,60430.3,60398.45,60400.8,0
2026-02-16 10:35:00+05:30,60405.15,60425.35,60382.05,60389.85,0
2026-02-16 10:40:00+05:30,60393.65,60412.9,60353.75,60367.05,0
2026-02-16 10:45:00+05:30,60368.95,60415.35,60361.5,60376.4,0
2026-02-16 10:50:00+05:30,60371.3,60412.25,60360.1,60393.35,0
2026-02-16 10:55:00+05:30,60390.8,60435.4,60383.5,60427.45,0
2026-02-16 11:00:00+05:30,60430.7,60474.6,60410.4,60468.95,0
2026-02-16 11:05:00+05:30,60467.0,60475.5,60425.35,60434.2,0
2026-02-16 11:10:00+05:30,60431.6,60436.15,60411.5,60431.35,0
2026-02-16 11:15:00+05:30,60429.4,60457.85,60420.0,60451.05,0
2026-02-16 11:20:00+05:30,60452.55,60489.1,60442.05,60476.6,0
2026-02-16 11:25:00+05:30,60476.75,60486.95,60397.35,60405.6,0
2026-02-16 11:30:00+05:30,60407.45,60422.1,60379.35,60384.95,0
2026-02-16 11:35:00+05:30,60391.6,60434.0,60374.0,60421.7,0
2026-02-16 11:40:00+05:30,60425.85,60439.1,60398.75,60419.1,0
2026-02-16 11:45:00+05:30,60417.75,60439.5,60394.1,60429.8,0
2026-02-16 11:50:00+05:30,60433.5,60440.25,60403.35,60419.35,0
2026-02-16 11:55:00+05:30,60421.3,60459.2,60410.35,60459.2,0
2026-02-16 12:00:00+05:30,60460.6,60484.5,60453.85,60469.75,0
2026-02-16 12:05:00+05:30,60469.65,60477.95,60445.3,60467.9,0
2026-02-16 12:10:00+05:30,60468.8,60498.5,60466.3,60477.3,0
2026-02-16 12:15:00+05:30,60478.35,60536.4,60457.9,60518.3,0
2026-02-16 12:20:00+05:30,60520.3,60548.4,60514.95,60538.15,0
2026-02-16 12:25:00+05:30,60542.15,60624.6,60537.55,60622.6,0
2026-02-16 12:30:00+05:30,60626.9,60712.0,60625.2,60700.3,0
2026-02-16 12:35:00+05:30,60704.65,60751.1,60677.2,60678.2,0
2026-02-16 12:40:00+05:30,60676.95,60721.2,60672.45,60701.35,0
2026-02-16 12:45:00+05:30,60702.15,60715.75,60633.3,60642.15,0
2026-02-16 12:50:00+05:30,60645.6,60681.8,60635.15,60675.9,0
2026-02-16 12:55:00+05:30,60679.4,60701.35,60629.9,60650.0,0
2026-02-16 13:00:00+05:30,60650.1,60696.15,60648.25,60666.7,0
2026-02-16 13:05:00+05:30,60668.5,60695.6,60646.15,60695.6,0
2026-02-16 13:10:00+05:30,60694.55,60733.0,60685.4,60703.5,0
2026-02-16 13:15:00+05:30,60705.4,60717.25,60669.7,60680.6,0
2026-02-16 13:20:00+05:30,60680.1,60717.0,60668.4,60713.15,0
2026-02-16 13:25:00+05:30,60714.7,60733.35,60688.9,60727.25,0
2026-02-16 13:30:00+05:30,60733.7,60741.7,60691.2,60722.35,0
2026-02-16 13:35:00+05:30,60724.6,60779.55,60723.05,60771.1,0
2026-02-16 13:40:00+05:30,60768.05,60801.85,60756.8,60788.85,0
2026-02-16 13:45:00+05:30,60791.6,60807.55,60750.2,60753.9,0
2026-02-16 13:50:00+05:30,60749.35,60777.05,60720.05,60722.1,0
2026-02-16 13:55:00+05:30,60726.8,60735.65,60678.1,60726.95,0
2026-02-16 14:00:00+05:30,60726.0,60780.5,60721.05,60749.75,0
2026-02-16 14:05:00+05:30,60751.7,60759.25,60702.25,60704.0,0
2026-02-16 14:10:00+05:30,60708.35,60789.25,60705.5,60782.8,0
2026-02-16 14:15:00+05:30,60777.65,60827.5,60771.65,60793.05,0
2026-02-16 14:20:00+05:30,60794.15,60820.6,60792.05,60802.3,0
2026-02-16 14:25:00+05:30,60802.85,60834.7,60788.15,60808.75,0
2026-02-16 14:30:00+05:30,60811.65,60829.3,60789.15,60827.0,0
2026-02-16 14:35:00+05:30,60830.5,60832.75,60792.05,60809.35,0
2026-02-16 14:40:00+05:30,60806.15,60849.25,60800.5,60848.7,0
2026-02-16 14:45:00+05:30,60848.85,60907.45,60831.1,60898.9,0
2026-02-16 14:50:00+05:30,60900.5,60910.95,60874.1,60892.55,0
2026-02-16 14:55:00+05:30,60892.8,60928.15,60883.2,60910.5,0
2026-02-16 15:00:00+05:30,60910.35,60944.25,60890.2,60939.0,0
2026-02-16 15:05:00+05:30,60941.45,60990.75,60924.9,60957.15,0
2026-02-16 15:10:00+05:30,60964.8,60980.65,60930.45,60931.5,0
2026-02-16 15:15:00+05:30,60933.95,60947.85,60913.65,60931.4,0
2026-02-16 15:20:00+05:30,60923.45,60970.45,60914.55,60963.55,0
2026-02-16 15:25:00+05:30,60967.75,61011.3,60928.3,60993.85,0
2026-02-17 09:15:00+05:30,60821.15,60886.1,60679.65,60693.75,0
2026-02-17 09:20:00+05:30,60689.45,60689.45,60576.85,60583.05,0
2026-02-17 09:25:00+05:30,60581.95,60667.7,60560.0,60667.7,0
2026-02-17 09:30:00+05:30,60667.9,60673.9,60627.35,60650.65,0
2026-02-17 09:35:00+05:30,60653.05,60666.3,60591.25,60662.5,0
2026-02-17 09:40:00+05:30,60659.75,60750.5,60616.55,60748.65,0
2026-02-17 09:45:00+05:30,60746.45,60746.45,60669.7,60695.55,0
2026-02-17 09:50:00+05:30,60695.5,60758.25,60675.2,60742.1,0
2026-02-17 09:55:00+05:30,60738.95,60775.65,60713.7,60761.7,0
2026-02-17 10:00:00+05:30,60761.55,60792.85,60740.7,60791.7,0
2026-02-17 10:05:00+05:30,60789.2,60835.95,60782.8,60824.55,0
2026-02-17 10:10:00+05:30,60824.35,60879.65,60801.95,60878.2,0
2026-02-17 10:15:00+05:30,60878.65,60932.0,60863.6,60924.5,0
2026-02-17 10:20:00+05:30,60926.4,60985.7,60926.0,60959.3,0
2026-02-17 10:25:00+05:30,60958.65,61097.0,60952.55,61085.2,0
2026-02-17 10:30:00+05:30,61088.45,61177.2,61074.8,61106.5,0
2026-02-17 10:35:00+05:30,61108.3,61120.2,61077.6,61081.75,0
2026-02-17 10:40:00+05:30,61082.6,61086.65,60937.95,60967.65,0
2026-02-17 10:45:00+05:30,60968.3,60998.55,60924.45,60951.45,0
2026-02-17 10:50:00+05:30,60957.1,60978.55,60935.1,60972.35,0
2026-02-17 10:55:00+05:30,60973.85,61016.35,60970.45,61008.1,0
2026-02-17 11:00:00+05:30,61008.65,61010.05,60947.25,60985.1,0
2026-02-17 11:05:00+05:30,60983.15,61058.15,60970.85,61043.5,0
2026-02-17 11:10:00+05:30,61045.55,61045.85,61004.3,61029.9,0
2026-02-17 11:15:00+05:30,61029.55,61055.85,61000.85,61050.25,0
2026-02-17 11:20:00+05:30,61048.1,61073.05,61027.95,61063.85,0
2026-02-17 11:25:00+05:30,61068.15,61068.15,61039.45,61050.95,0
2026-02-17 11:30:00+05:30,61051.2,61104.4,61024.45,61097.55,0
2026-02-17 11:35:00+05:30,61099.55,61145.95,61090.8,61095.95,0
2026-02-17 11:40:00+05:30,61095.85,61110.1,61051.55,61060.95,0
2026-02-17 11:45:00+05:30,61062.8,61111.8,61059.45,61098.15,0
2026-02-17 11:50:00+05:30,61098.25,61145.35,61088.95,61137.3,0
2026-02-17 11:55:00+05:30,61136.25,61151.25,61108.7,61129.55,0
2026-02-17 12:00:00+05:30,61131.25,61151.3,61103.9,61116.5,0
2026-02-17 12:05:00+05:30,61115.15,61162.85,61112.4,61140.9,0
2026-02-17 12:10:00+05:30,61137.8,61153.0,61127.35,61137.5,0
2026-02-17 12:15:00+05:30,61138.1,61183.1,61134.95,61174.4,0
2026-02-17 12:20:00+05:30,61174.35,61185.45,61150.1,61173.0,0
2026-02-17 12:25:00+05:30,61171.0,61178.1,61117.55,61127.6,0
2026-02-17 12:30:00+05:30,61123.85,61142.35,61080.05,61124.5,0
2026-02-17 12:35:00+05:30,61123.6,61157.8,61115.7,61155.5,0
2026-02-17 12:40:00+05:30,61156.25,61179.45,61141.45,61162.05,0
2026-02-17 12:45:00+05:30,61162.75,61171.85,61142.6,61158.2,0
2026-02-17 12:50:00+05:30,61155.65,61196.35,61150.0,61179.4,0
2026-02-17 12:55:00+05:30,61174.0,61191.3,61136.95,61153.7,0
2026-02-17 13:00:00+05:30,61152.55,61170.8,61102.75,61109.9,0
2026-02-17 13:05:00+05:30,61109.05,61193.3,61104.3,61181.95,0
2026-02-17 13:10:00+05:30,61185.0,61191.65,61133.8,61151.45,0
2026-02-17 13:15:00+05:30,61151.85,61164.2,61115.35,61159.7,0
2026-02-17 13:20:00+05:30,61159.85,61186.0,61152.2,61172.5,0
2026-02-17 13:25:00+05:30,61171.25,61183.85,61158.85,61177.15,0
2026-02-17 13:30:00+05:30,61182.9,61224.5,61177.9,61205.15,0
2026-02-17 13:35:00+05:30,61207.2,61241.6,61181.45,61196.3,0
2026-02-17 13:40:00+05:30,61193.45,61219.55,61178.7,61188.4,0
2026-02-17 13:45:00+05:30,61189.6,61202.85,61149.5,61173.1,0
2026-02-17 13:50:00+05:30,61172.2,61172.2,61130.2,61154.1,0
2026-02-17 13:55:00+05:30,61157.4,61160.2,61083.5,61089.8,0
2026-02-17 14:00:00+05:30,61090.65,61167.2,61086.75,61141.6,0
2026-02-17 14:05:00+05:30,61147.05,61175.25,61112.8,61114.95,0
2026-02-17 14:10:00+05:30,61117.15,61127.5,61044.4,61054.25,0
2026-02-17 14:15:00+05:30,61052.3,61135.1,61034.75,61116.8,0
2026-02-17 14:20:00+05:30,61115.0,61138.7,61109.65,61130.2,0
2026-02-17 14:25:00+05:30,61128.45,61148.5,61105.95,61107.3,0
2026-02-17 14:30:00+05:30,61112.2,61149.7,61091.8,61149.7,0
2026-02-17 14:35:00+05:30,61148.95,61191.55,61134.45,61186.5,0
2026-02-17 14:40:00+05:30,61182.1,61188.35,61137.0,61162.45,0
2026-02-17 14:45:00+05:30,61161.85,61165.9,61134.4,61144.4,0
2026-02-17 14:50:00+05:30,61144.6,61164.85,61131.85,61158.1,0
2026-02-17 14:55:00+05:30,61159.1,61166.2,61094.8,61131.3,0
2026-02-17 15:00:00+05:30,61138.65,61193.9,61117.65,61117.65,0
2026-02-17 15:05:00+05:30,61122.95,61206.65,61109.1,61195.3,0
2026-02-17 15:10:00+05:30,61203.5,61206.75,61137.4,61158.15,0
2026-02-17 15:15:00+05:30,61158.1,61200.35,61157.55,61174.3,0
2026-02-17 15:20:00+05:30,61164.6,61196.1,61164.6,61180.65,0
2026-02-17 15:25:00+05:30,61180.85,61198.95,61133.05,61144.15,0
2026-02-18 09:15:00+05:30,61255.35,61271.7,61146.4,61235.3,0
2026-02-18 09:20:00+05:30,61235.5,61240.5,61122.65,61125.35,0
2026-02-18 09:25:00+05:30,61125.75,61200.85,61100.9,61169.25,0
2026-02-18 09:30:00+05:30,61170.15,61231.0,61150.2,61210.9,0
2026-02-18 09:35:00+05:30,61210.45,61252.35,61201.95,61232.55,0
2026-02-18 09:40:00+05:30,61238.4,61309.3,61228.85,61291.55,0
2026-02-18 09:45:00+05:30,61293.5,61293.5,61222.3,61244.35,0
2026-02-18 09:50:00+05:30,61246.4,61272.85,61229.85,61241.4,0
2026-02-18 09:55:00+05:30,61239.55,61247.85,61156.9,61167.9,0
2026-02-18 10:00:00+05:30,61170.95,61226.4,61149.5,61222.95,0
2026-02-18 10:05:00+05:30,61226.55,61258.7,61203.9,61240.3,0
2026-02-18 10:10:00+05:30,61245.85,61268.9,61222.35,61222.35,0
2026-02-18 10:15:00+05:30,61228.35,61255.95,61194.45,61238.5,0
2026-02-18 10:20:00+05:30,61244.65,61260.55,61222.55,61225.25,0
2026-02-18 10:25:00+05:30,61229.5,61235.9,61195.1,61228.7,0
2026-02-18 10:30:00+05:30,61232.9,61248.95,61212.4,61224.55,0
2026-02-18 10:35:00+05:30,61225.15,61252.9,61208.3,61214.3,0
2026-02-18 10:40:00+05:30,61212.65,61222.35,61186.2,61187.8,0
2026-02-18 10:45:00+05:30,61186.15,61227.4,61177.25,61223.05,0
2026-02-18 10:50:00+05:30,61225.55,61260.9,61216.05,61253.9,0
2026-02-18 10:55:00+05:30,61252.3,61272.15,61240.75,61267.9,0
2026-02-18 11:00:00+05:30,61266.0,61278.4,61247.75,61259.0,0
2026-02-18 11:05:00+05:30,61258.5,61260.3,61228.85,61242.0,0
2026-02-18 11:10:00+05:30,61245.25,61252.3,61204.15,61229.3,0
2026-02-18 11:15:00+05:30,61230.6,61234.65,61185.7,61197.2,0
2026-02-18 11:20:00+05:30,61200.9,61242.3,61198.3,61208.5,0
2026-02-18 11:25:00+05:30,61208.45,61261.35,61174.65,61246.1,0
2026-02-18 11:30:00+05:30,61249.6,61292.0,61237.95,61282.25,0
2026-02-18 11:35:00+05:30,61276.85,61284.85,61252.1,61266.9,0
2026-02-18 11:40:00+05:30,61266.3,61273.4,61236.6,61265.15,0
2026-02-18 11:45:00+05:30,61268.45,61274.85,61245.85,61247.85,0
2026-02-18 11:50:00+05:30,61249.15,61270.9,61245.9,61268.25,0
2026-02-18 11:55:00+05:30,61269.0,61273.55,61248.35,61269.7,0
2026-02-18 12:00:00+05:30,61273.1,61295.9,61255.05,61259.55,0
2026-02-18 12:05:00+05:30,61261.95,61290.35,61253.65,61267.85,0
2026-02-18 12:10:00+05:30,61268.9,61294.25,61263.75,61285.2,0
2026-02-18 12:15:00+05:30,61284.6,61308.0,61272.55,61275.85,0
2026-02-18 12:20:00+05:30,61279.45,61282.15,61253.45,61276.45,0
2026-02-18 12:25:00+05:30,61279.6,61292.1,61256.85,61278.5,0
2026-02-18 12:30:00+05:30,61276.65,61309.4,61262.55,61304.75,0
2026-02-18 12:35:00+05:30,61307.45,61356.8,61305.15,61346.4,0
2026-02-18 12:40:00+05:30,61348.25,61348.25,61313.2,61336.1,0
2026-02-18 12:45:00+05:30,61333.95,61353.7,61306.35,61313.9,0
2026-02-18 12:50:00+05:30,61316.0,61332.3,61305.9,61330.1,0
2026-02-18 12:55:00+05:30,61329.2,61339.45,61309.5,61330.35,0
2026-02-18 13:00:00+05:30,61331.1,61347.6,61310.6,61340.05,0
2026-02-18 13:05:00+05:30,61339.95,61356.3,61330.2,61335.3,0
2026-02-18 13:10:00+05:30,61334.15,61348.65,61305.8,61342.5,0
2026-02-18 13:15:00+05:30,61343.45,61374.05,61342.55,61361.9,0
2026-02-18 13:20:00+05:30,61362.9,61382.0,61353.9,61367.05,0
2026-02-18 13:25:00+05:30,61372.5,61378.3,61295.85,61313.55,0
2026-02-18 13:30:00+05:30,61321.4,61327.0,61304.1,61310.9,0
2026-02-18 13:35:00+05:30,61313.95,61323.7,61294.5,61312.45,0
2026-02-18 13:40:00+05:30,61313.45,61336.0,61309.65,61329.7,0
2026-02-18 13:45:00+05:30,61323.15,61363.15,61316.0,61352.8,0
2026-02-18 13:50:00+05:30,61357.0,61361.5,61254.1,61255.75,0
2026-02-18 13:55:00+05:30,61255.6,61325.55,61246.3,61320.35,0
2026-02-18 14:00:00+05:30,61316.7,61330.4,61299.1,61320.25,0
2026-02-18 14:05:00+05:30,61319.1,61349.9,61315.25,61345.9,0
2026-02-18 14:10:00+05:30,61347.6,61377.65,61330.75,61374.95,0
2026-02-18 14:15:00+05:30,61375.1,61397.35,61361.65,61397.35,0
2026-02-18 14:20:00+05:30,61395.4,61497.85,61395.4,61494.55,0
2026-02-18 14:25:00+05:30,61492.35,61514.8,61465.45,61486.5,0
2026-02-18 14:30:00+05:30,61484.9,61503.7,61461.95,61480.0,0
2026-02-18 14:35:00+05:30,61478.15,61509.8,61462.4,61475.7,0
2026-02-18 14:40:00+05:30,61475.2,61509.0,61470.55,61496.55,0
2026-02-18 14:45:00+05:30,61498.65,61506.6,61471.55,61500.85,0
2026-02-18 14:50:00+05:30,61498.65,61523.8,61488.5,61512.05,0
2026-02-18 14:55:00+05:30,61511.55,61542.05,61509.55,61539.55,0
2026-02-18 15:00:00+05:30,61538.1,61596.85,61531.65,61536.2,0
2026-02-18 15:05:00+05:30,61541.2,61548.5,61518.5,61545.95,0
2026-02-18 15:10:00+05:30,61543.85,61558.75,61526.95,61554.3,0
2026-02-18 15:15:00+05:30,61552.9,61571.85,61546.3,61557.65,0
2026-02-18 15:20:00+05:30,61560.65,61560.65,61529.35,61544.0,0
2026-02-18 15:25:00+05:30,61546.25,61557.5,61520.4,61520.4,0
2026-02-19 09:15:00+05:30,61660.85,61678.8,61503.15,61515.55,0
2026-02-19 09:20:00+05:30,61513.25,61553.45,61469.35,61480.75,0
2026-02-19 09:25:00+05:30,61479.7,61516.45,61433.1,61453.9,0
2026-02-19 09:30:00+05:30,61453.45,61466.2,61414.4,61457.2,0
2026-02-19 09:35:00+05:30,61459.4,61523.7,61446.65,61476.75,0
2026-02-19 09:40:00+05:30,61473.7,61479.6,61456.2,61461.2,0
2026-02-19 09:45:00+05:30,61461.35,61519.65,61441.65,61516.0,0
2026-02-19 09:50:00+05:30,61514.25,61516.35,61477.55,61482.9,0
2026-02-19 09:55:00+05:30,61482.25,61496.75,61437.6,61448.9,0
2026-02-19 10:00:00+05:30,61451.15,61464.4,61399.8,61434.05,0
2026-02-19 10:05:00+05:30,61436.65,61442.55,61390.5,61399.3,0
2026-02-19 10:10:00+05:30,61398.65,61411.4,61369.8,61378.35,0
2026-02-19 10:15:00+05:30,61378.9,61403.65,61334.85,61377.9,0
2026-02-19 10:20:00+05:30,61375.75,61398.2,61358.45,61389.3,0
2026-02-19 10:25:00+05:30,61384.2,61399.25,61359.2,61366.7,0
2026-02-19 10:30:00+05:30,61368.5,61390.95,61346.8,61357.25,0
2026-02-19 10:35:00+05:30,61356.95,61361.4,61284.95,61289.5,0
2026-02-19 10:40:00+05:30,61290.3,61336.25,61255.25,61326.3,0
2026-02-19 10:45:00+05:30,61326.75,61330.05,61279.75,61290.7,0
2026-02-19 10:50:00+05:30,61292.8,61351.35,61285.25,61342.8,0
2026-02-19 10:55:00+05:30,61342.2,61377.4,61317.7,61367.25,0
2026-02-19 11:00:00+05:30,61367.1,61378.75,61340.15,61356.25,0
2026-02-19 11:05:00+05:30,61357.6,61374.35,61333.25,61340.9,0
2026-02-19 11:10:00+05:30,61343.4,61362.7,61312.1,61322.15,0
2026-02-19 11:15:00+05:30,61321.6,61341.1,61298.65,61310.65,0
2026-02-19 11:20:00+05:30,61309.35,61312.5,61232.45,61247.65,0
2026-02-19 11:25:00+05:30,61242.7,61262.95,61224.7,61244.0,0
2026-02-19 11:30:00+05:30,61245.25,61254.4,61222.05,61247.6,0
2026-02-19 11:35:00+05:30,61247.0,61253.0,61226.8,61242.4,0
2026-02-19 11:40:00+05:30,61239.45,61252.0,61210.75,61234.7,0
2026-02-19 11:45:00+05:30,61237.25,61237.85,61188.85,61196.55,0
2026-02-19 11:50:00+05:30,61194.65,61205.55,61179.1,61195.8,0
2026-02-19 11:55:00+05:30,61196.5,61223.8,61192.4,61214.85,0
2026-02-19 12:00:00+05:30,61216.6,61219.1,61154.75,61185.75,0
2026-02-19 12:05:00+05:30,61185.2,61205.15,61169.85,61171.6,0
2026-02-19 12:10:00+05:30,61170.6,61171.95,61066.55,61069.8,0
2026-02-19 12:15:00+05:30,61066.5,61100.75,61022.0,61090.2,0
2026-02-19 12:20:00+05:30,61090.25,61156.6,61082.0,61145.5,0
2026-02-19 12:25:00+05:30,61145.0,61147.3,61097.3,61118.55,0
2026-02-19 12:30:00+05:30,61113.35,61123.05,61055.05,61073.8,0
2026-02-19 12:35:00+05:30,61074.5,61091.45,61008.5,61013.05,0
2026-02-19 12:40:00+05:30,61014.65,61022.8,60959.6,60994.3,0
2026-02-19 12:45:00+05:30,60986.4,61028.55,60963.6,61018.4,0
2026-02-19 12:50:00+05:30,61018.2,61106.3,61006.8,61045.55,0
2026-02-19 12:55:00+05:30,61048.7,61066.35,61006.9,61031.25,0
2026-02-19 13:00:00+05:30,61034.45,61041.0,60998.5,61035.5,0
2026-02-19 13:05:00+05:30,61033.05,61118.9,61033.05,61118.9,0
2026-02-19 13:10:00+05:30,61117.65,61125.3,61079.85,61098.65,0
2026-02-19 13:15:00+05:30,61096.65,61096.65,61035.95,61058.4,0
2026-02-19 13:20:00+05:30,61062.75,61116.5,61051.55,61103.9,0
2026-02-19 13:25:00+05:30,61106.65,61111.35,61025.4,61060.7,0
2026-02-19 13:30:00+05:30,61057.85,61067.75,60996.1,61035.6,0
2026-02-19 13:35:00+05:30,61036.65,61051.65,61008.9,61030.3,0
2026-02-19 13:40:00+05:30,61031.55,61059.35,61028.95,61040.75,0
2026-02-19 13:45:00+05:30,61041.55,61056.55,60997.45,61004.75,0
2026-02-19 13:50:00+05:30,61007.75,61034.2,60971.8,61016.2,0
2026-02-19 13:55:00+05:30,61021.5,61027.1,60967.9,60969.5,0
2026-02-19 14:00:00+05:30,60973.3,60981.6,60926.25,60935.8,0
2026-02-19 14:05:00+05:30,60934.0,60955.1,60911.05,60949.1,0
2026-02-19 14:10:00+05:30,60947.45,60986.85,60930.65,60986.3,0
2026-02-19 14:15:00+05:30,60988.3,61051.45,60975.75,61045.4,0
2026-02-19 14:20:00+05:30,61049.75,61061.0,60985.25,61005.75,0
2026-02-19 14:25:00+05:30,61005.1,61008.85,60933.25,60933.25,0
2026-02-19 14:30:00+05:30,60932.2,61003.5,60932.2,60987.75,0
2026-02-19 14:35:00+05:30,60985.65,61014.45,60965.0,60988.2,0
2026-02-19 14:40:00+05:30,60989.0,60993.7,60877.6,60878.9,0
2026-02-19 14:45:00+05:30,60877.65,60879.05,60806.25,60856.1,0
2026-02-19 14:50:00+05:30,60852.3,60871.95,60839.5,60863.6,0
2026-02-19 14:55:00+05:30,60862.25,60887.65,60835.0,60858.45,0
2026-02-19 15:00:00+05:30,60861.8,60899.15,60763.15,60853.15,0
2026-02-19 15:05:00+05:30,60853.3,60874.15,60746.85,60827.0,0
2026-02-19 15:10:00+05:30,60820.4,60842.35,60710.6,60723.65,0
2026-02-19 15:15:00+05:30,60729.1,60741.15,60668.2,60680.9,0
2026-02-19 15:20:00+05:30,60682.2,60685.5,60605.25,60635.5,0
2026-02-19 15:25:00+05:30,60634.2,60670.65,60592.9,60660.75,0
2026-02-20 09:15:00+05:30,60627.85,60949.05,60562.35,60879.05,0
2026-02-20 09:20:00+05:30,60882.7,60949.75,60863.0,60902.75,0
2026-02-20 09:25:00+05:30,60901.55,60915.4,60783.7,60788.3,0
2026-02-20 09:30:00+05:30,60787.95,60986.75,60774.05,60974.5,0
2026-02-20 09:35:00+05:30,60976.4,60996.9,60926.75,60935.9,0
2026-02-20 09:40:00+05:30,60934.1,61000.5,60895.85,60982.8,0
2026-02-20 09:45:00+05:30,60981.9,61081.05,60979.95,61075.95,0
2026-02-20 09:50:00+05:30,61079.4,61112.75,61039.9,61051.2,0
2026-02-20 09:55:00+05:30,61050.2,61094.8,61034.25,61083.75,0
2026-02-20 10:00:00+05:30,61082.1,61098.2,61023.4,61034.55,0
2026-02-20 10:05:00+05:30,61038.5,61067.2,60983.0,61004.8,0
2026-02-20 10:10:00+05:30,61007.45,61056.1,60991.7,61006.6,0
2026-02-20 10:15:00+05:30,61006.45,61137.7,61003.1,61122.5,0
2026-02-20 10:20:00+05:30,61126.5,61136.4,61095.5,61099.8,0
2026-02-20 10:25:00+05:30,61101.35,61166.15,61096.65,61120.35,0
2026-02-20 10:30:00+05:30,61124.75,61173.05,61124.75,61138.05,0
2026-02-20 10:35:00+05:30,61136.25,61149.05,61102.05,61139.6,0
2026-02-20 10:40:00+05:30,61141.2,61201.5,61130.3,61177.85,0
2026-02-20 10:45:00+05:30,61185.2,61214.5,61151.6,61175.8,0
2026-02-20 10:50:00+05:30,61179.25,61185.6,61147.1,61169.95,0
2026-02-20 10:55:00+05:30,61172.7,61197.9,61150.25,61181.1,0
2026-02-20 11:00:00+05:30,61183.6,61190.95,61137.9,61156.9,0
2026-02-20 11:05:00+05:30,61159.45,61177.25,61109.45,61125.45,0
2026-02-20 11:10:00+05:30,61126.95,61155.6,61094.8,61106.85,0
2026-02-20 11:15:00+05:30,61116.35,61158.45,61116.35,61156.65,0
2026-02-20 11:20:00+05:30,61157.15,61175.8,61124.75,61140.25,0
2026-02-20 11:25:00+05:30,61141.35,61204.1,61126.75,61179.95,0
2026-02-20 11:30:00+05:30,61180.4,61224.8,61167.3,61204.05,0
2026-02-20 11:35:00+05:30,61200.7,61209.95,61176.55,61192.5,0
2026-02-20 11:40:00+05:30,61192.05,61216.4,61180.6,61185.85,0
2026-02-20 11:45:00+05:30,61182.2,61224.1,61151.55,61168.3,0
2026-02-20 11:50:00+05:30,61165.6,61206.15,61146.85,61164.2,0
2026-02-20 11:55:00+05:30,61167.4,61215.9,61160.5,61195.8,0
2026-02-20 12:00:00+05:30,61199.3,61211.75,61161.15,61185.95,0
2026-02-20 12:05:00+05:30,61187.3,61188.85,61161.9,61171.95,0
2026-02-20 12:10:00+05:30,61174.05,61183.8,61165.25,61176.55,0
2026-02-20 12:15:00+05:30,61178.05,61285.0,61176.35,61273.95,0
2026-02-20 12:20:00+05:30,61279.8,61345.45,61271.45,61328.25,0
2026-02-20 12:25:00+05:30,61329.8,61360.5,61319.2,61328.25,0
2026-02-20 12:30:00+05:30,61332.2,61348.95,61296.75,61301.5,0
2026-02-20 12:35:00+05:30,61302.95,61330.1,61298.6,61308.8,0
2026-02-20 12:40:00+05:30,61310.75,61316.35,61229.1,61233.55,0
2026-02-20 12:45:00+05:30,61231.15,61254.75,61171.2,61208.65,0
2026-02-20 12:50:00+05:30,61208.0,61217.7,61188.75,61211.4,0
2026-02-20 12:55:00+05:30,61210.65,61212.25,61097.1,61133.15,0
2026-02-20 13:00:00+05:30,61129.35,61164.85,61115.65,61125.3,0
2026-02-20 13:05:00+05:30,61124.55,61125.3,61032.7,61034.0,0
2026-02-20 13:10:00+05:30,61034.65,61046.15,60961.25,61030.3,0
2026-02-20 13:15:00+05:30,61029.55,61057.05,60987.3,61052.7,0
2026-02-20 13:20:00+05:30,61047.65,61082.7,61010.45,61073.0,0
2026-02-20 13:25:00+05:30,61077.15,61158.75,61045.6,61144.0,0
2026-02-20 13:30:00+05:30,61149.35,61193.2,61129.15,61193.2,0
2026-02-20 13:35:00+05:30,61193.15,61231.0,61150.6,61164.25,0
2026-02-20 13:40:00+05:30,61164.0,61188.05,61109.65,61160.1,0
2026-02-20 13:45:00+05:30,61165.85,61202.25,61154.05,61184.3,0
2026-02-20 13:50:00+05:30,61185.3,61195.1,61158.4,61158.4,0
2026-02-20 13:55:00+05:30,61165.1,61248.5,61156.2,61247.05,0
2026-02-20 14:00:00+05:30,61249.2,61263.4,61228.95,61233.3,0
2026-02-20 14:05:00+05:30,61229.6,61259.65,61189.6,61243.95,0
2026-02-20 14:10:00+05:30,61245.4,61257.1,61216.85,61245.45,0
2026-02-20 14:15:00+05:30,61248.15,61287.7,61243.55,61269.7,0
2026-02-20 14:20:00+05:30,61268.8,61268.8,61210.5,61216.8,0
2026-02-20 14:25:00+05:30,61219.45,61227.1,61165.85,61176.95,0
2026-02-20 14:30:00+05:30,61182.15,61202.95,61165.9,61194.0,0
2026-02-20 14:35:00+05:30,61193.55,61246.3,61189.25,61216.1,0
2026-02-20 14:40:00+05:30,61216.95,61261.1,61195.85,61232.85,0
2026-02-20 14:45:00+05:30,61234.75,61320.65,61233.7,61312.45,0
2026-02-20 14:50:00+05:30,61314.7,61314.7,61228.6,61276.05,0
2026-02-20 14:55:00+05:30,61276.95,61302.85,61268.55,61301.9,0
2026-02-20 15:00:00+05:30,61308.8,61317.05,61209.4,61217.1,0
2026-02-20 15:05:00+05:30,61215.2,61219.55,61144.1,61181.1,0
2026-02-20 15:10:00+05:30,61187.15,61188.45,61136.15,61176.35,0
2026-02-20 15:15:00+05:30,61176.15,61183.2,61127.65,61135.8,0
2026-02-20 15:20:00+05:30,61133.4,61184.6,61096.15,61180.45,0
2026-02-20 15:25:00+05:30,61182.5,61204.45,61128.55,61140.35,0
2026-02-23 09:15:00+05:30,61145.55,61265.55,61067.7,61244.45,0
2026-02-23 09:20:00+05:30,61240.05,61418.75,61240.05,61412.1,0
2026-02-23 09:25:00+05:30,61412.25,61495.9,61386.25,61481.05,0
2026-02-23 09:30:00+05:30,61482.35,61517.8,61277.6,61280.05,0
2026-02-23 09:35:00+05:30,61279.35,61369.4,61279.05,61292.65,0
2026-02-23 09:40:00+05:30,61291.5,61303.0,61238.6,61241.85,0
2026-02-23 09:45:00+05:30,61244.95,61294.95,61161.1,61265.8,0
2026-02-23 09:50:00+05:30,61274.7,61304.3,61195.45,61222.1,0
2026-02-23 09:55:00+05:30,61223.9,61290.05,61210.35,61273.8,0
2026-02-23 10:00:00+05:30,61275.95,61337.25,61249.8,61286.7,0
2026-02-23 10:05:00+05:30,61289.2,61307.45,61264.65,61264.9,0
2026-02-23 10:10:00+05:30,61266.05,61313.7,61237.55,61300.4,0
2026-02-23 10:15:00+05:30,61301.4,61360.75,61287.95,61358.45,0
2026-02-23 10:20:00+05:30,61356.8,61357.65,61305.9,61309.0,0
2026-02-23 10:25:00+05:30,61311.7,61312.7,61253.75,61280.0,0
2026-02-23 10:30:00+05:30,61285.2,61287.4,61255.0,61274.85,0
2026-02-23 10:35:00+05:30,61274.95,61284.05,61203.55,61224.3,0
2026-02-23 10:40:00+05:30,61223.2,61250.65,61165.75,61168.4,0
2026-02-23 10:45:00+05:30,61168.85,61185.2,61116.15,61140.8,0
2026-02-23 10:50:00+05:30,61142.5,61226.45,61142.5,61214.25,0
2026-02-23 10:55:00+05:30,61215.15,61252.7,61199.6,61231.55,0
2026-02-23 11:00:00+05:30,61231.65,61256.25,61226.2,61237.1,0
2026-02-23 11:05:00+05:30,61234.4,61271.55,61175.75,61269.3,0
2026-02-23 11:10:00+05:30,61264.8,61294.35,61222.05,61284.1,0
2026-02-23 11:15:00+05:30,61278.25,61287.5,61223.65,61225.35,0
2026-02-23 11:20:00+05:30,61227.25,61232.9,61196.85,61200.35,0
2026-02-23 11:25:00+05:30,61194.85,61220.15,61170.8,61211.8,0
2026-02-23 11:30:00+05:30,61210.7,61216.1,61189.2,61201.3,0
2026-02-23 11:35:00+05:30,61198.75,61219.05,61187.4,61193.35,0
2026-02-23 11:40:00+05:30,61195.95,61201.35,61164.75,61183.25,0
2026-02-23 11:45:00+05:30,61183.05,61202.2,61101.65,61139.3,0
2026-02-23 11:50:00+05:30,61139.35,61193.35,61102.25,61166.7,0
2026-02-23 11:55:00+05:30,61166.4,61192.35,61142.2,61156.6,0
2026-02-23 12:00:00+05:30,61156.7,61171.85,61134.6,61169.2,0
2026-02-23 12:05:00+05:30,61169.95,61210.1,61157.25,61174.85,0
2026-02-23 12:10:00+05:30,61175.55,61175.75,61136.4,61152.6,0
2026-02-23 12:15:00+05:30,61152.7,61192.5,61144.7,61160.75,0
2026-02-23 12:20:00+05:30,61161.9,61174.4,61125.65,61133.1,0
2026-02-23 12:25:00+05:30,61132.95,61137.9,61093.4,61093.4,0
2026-02-23 12:30:00+05:30,61089.8,61094.75,61052.85,61085.55,0
2026-02-23 12:35:00+05:30,61089.55,61120.45,61084.35,61100.7,0
2026-02-23 12:40:00+05:30,61098.75,61180.15,61098.75,61180.15,0
2026-02-23 12:45:00+05:30,61181.15,61208.9,61119.8,61121.9,0
2026-02-23 12:50:00+05:30,61122.25,61159.45,61090.55,61150.4,0
2026-02-23 12:55:00+05:30,61143.5,61148.15,61089.2,61089.5,0
2026-02-23 13:00:00+05:30,61086.9,61115.1,61080.6,61092.2,0
2026-02-23 13:05:00+05:30,61093.0,61154.45,61093.0,61133.4,0
2026-02-23 13:10:00+05:30,61136.15,61151.75,61075.9,61075.9,0
2026-02-23 13:15:00+05:30,61080.2,61107.1,61029.15,61086.5,0
2026-02-23 13:20:00+05:30,61090.1,61139.25,61080.3,61124.5,0
2026-02-23 13:25:00+05:30,61125.5,61152.75,61103.7,61144.85,0
2026-02-23 13:30:00+05:30,61145.35,61194.55,61108.1,61111.95,0
2026-02-23 13:35:00+05:30,61113.05,61129.2,61095.0,61106.9,0
2026-02-23 13:40:00+05:30,61114.15,61152.3,61072.5,61149.1,0
2026-02-23 13:45:00+05:30,61147.65,61155.8,61112.5,61112.5,0
2026-02-23 13:50:00+05:30,61116.5,61132.9,61101.2,61119.15,0
2026-02-23 13:55:00+05:30,61119.0,61128.7,61104.7,61106.85,0
2026-02-23 14:00:00+05:30,61108.9,61131.1,61048.6,61087.55,0
2026-02-23 14:05:00+05:30,61087.95,61121.65,61073.55,61076.5,0
2026-02-23 14:10:00+05:30,61075.9,61087.2,61044.1,61081.8,0
2026-02-23 14:15:00+05:30,61078.9,61122.3,61060.75,61095.35,0
2026-02-23 14:20:00+05:30,61094.7,61119.95,61075.8,61109.2,0
2026-02-23 14:25:00+05:30,61104.9,61167.45,61080.25,61167.45,0
2026-02-23 14:30:00+05:30,61163.9,61279.15,61150.2,61209.55,0
2026-02-23 14:35:00+05:30,61206.7,61226.75,61162.1,61177.6,0
2026-02-23 14:40:00+05:30,61177.75,61182.1,61137.95,61161.65,0
2026-02-23 14:45:00+05:30,61165.6,61222.3,61158.05,61217.9,0
2026-02-23 14:50:00+05:30,61221.2,61221.2,61191.0,61202.1,0
2026-02-23 14:55:00+05:30,61205.55,61208.0,61175.3,61184.9,0
2026-02-23 15:00:00+05:30,61192.6,61272.05,61192.6,61259.3,0
2026-02-23 15:05:00+05:30,61258.85,61291.35,61239.45,61248.15,0
2026-02-23 15:10:00+05:30,61248.45,61287.05,61243.85,61269.25,0
2026-02-23 15:15:00+05:30,61268.8,61299.3,61266.15,61277.2,0
2026-02-23 15:20:00+05:30,61270.8,61290.45,61256.7,61289.5,0
2026-02-23 15:25:00+05:30,61289.3,61305.85,61242.5,61275.0,0
2026-02-24 09:15:00+05:30,61392.1,61392.1,61109.15,61183.65,0
2026-02-24 09:20:00+05:30,61187.6,61212.45,61142.5,61181.5,0
2026-02-24 09:25:00+05:30,61180.15,61253.2,61171.45,61210.45,0
2026-02-24 09:30:00+05:30,61211.35,61230.2,61169.3,61187.4,0
2026-02-24 09:35:00+05:30,61193.75,61222.3,61165.25,61190.9,0
2026-02-24 09:40:00+05:30,61189.35,61220.7,61169.05,61212.9,0
2026-02-24 09:45:00+05:30,61212.8,61337.1,61211.15,61300.8,0
2026-02-24 09:50:00+05:30,61300.4,61304.2,61219.45,61281.85,0
2026-02-24 09:55:00+05:30,61284.3,61294.95,61252.25,61269.1,0
2026-02-24 10:00:00+05:30,61269.5,61309.85,61241.9,61265.8,0
2026-02-24 10:05:00+05:30,61264.5,61307.9,61247.2,61251.6,0
2026-02-24 10:10:00+05:30,61249.7,61257.35,61206.45,61211.2,0
2026-02-24 10:15:00+05:30,61204.85,61261.05,61188.35,61255.85,0
2026-02-24 10:20:00+05:30,61256.15,61281.55,61218.8,61237.25,0
2026-02-24 10:25:00+05:30,61234.2,61292.05,61213.5,61277.75,0
2026-02-24 10:30:00+05:30,61276.85,61316.85,61269.1,61278.5,0
2026-02-24 10:35:00+05:30,61278.3,61293.3,61258.7,61286.55,0
2026-02-24 10:40:00+05:30,61288.15,61300.1,61254.5,61261.15,0
2026-02-24 10:45:00+05:30,61266.45,61268.85,61203.05,61217.65,0
2026-02-24 10:50:00+05:30,61222.9,61236.35,61175.35,61187.35,0
2026-02-24 10:55:00+05:30,61188.0,61220.65,61176.65,61182.35,0
2026-02-24 11:00:00+05:30,61187.0,61211.8,61182.7,61200.8,0
2026-02-24 11:05:00+05:30,61204.3,61255.2,61184.85,61238.35,0
2026-02-24 11:10:00+05:30,61243.05,61297.45,61238.35,61286.45,0
2026-02-24 11:15:00+05:30,61288.65,61332.95,61262.25,61317.1,0
2026-02-24 11:20:00+05:30,61322.95,61378.05,61313.9,61355.95,0
2026-02-24 11:25:00+05:30,61359.15,61396.6,61347.35,61375.25,0
2026-02-24 11:30:00+05:30,61371.0,61412.1,61363.0,61370.15,0
2026-02-24 11:35:00+05:30,61369.85,61432.6,61352.25,61421.55,0
2026-02-24 11:40:00+05:30,61423.7,61435.65,61325.5,61329.6,0
2026-02-24 11:45:00+05:30,61325.2,61329.25,61262.35,61286.8,0
2026-02-24 11:50:00+05:30,61288.35,61288.35,61234.4,61236.7,0
2026-02-24 11:55:00+05:30,61234.5,61254.7,61204.5,61204.5,0
2026-02-24 12:00:00+05:30,61209.05,61225.45,61184.45,61214.6,0
2026-02-24 12:05:00+05:30,61213.8,61257.3,61209.4,61228.4,0
2026-02-24 12:10:00+05:30,61231.05,61236.1,61193.1,61222.7,0
2026-02-24 12:15:00+05:30,61225.35,61225.45,61145.65,61154.7,0
2026-02-24 12:20:00+05:30,61159.45,61162.2,61074.4,61081.0,0
2026-02-24 12:25:00+05:30,61085.75,61102.35,61054.6,61086.4,0
2026-02-24 12:30:00+05:30,61090.6,61093.9,61013.8,61043.15,0
2026-02-24 12:35:00+05:30,61046.7,61085.3,61032.55,61068.55,0
2026-02-24 12:40:00+05:30,61070.75,61074.65,60995.8,61015.4,0
2026-02-24 12:45:00+05:30,61017.15,61025.15,60925.05,60941.7,0
2026-02-24 12:50:00+05:30,60944.3,60972.1,60929.7,60963.9,0
2026-02-24 12:55:00+05:30,60967.8,60986.9,60929.4,60957.2,0
2026-02-24 13:00:00+05:30,60958.95,61024.6,60938.05,61019.6,0
2026-02-24 13:05:00+05:30,61018.05,61020.1,60983.15,61005.1,0
2026-02-24 13:10:00+05:30,61005.95,61076.7,60995.95,61047.05,0
2026-02-24 13:15:00+05:30,61047.15,61048.55,60989.25,61007.9,0
2026-02-24 13:20:00+05:30,61004.95,61008.7,60960.35,60961.55,0
2026-02-24 13:25:00+05:30,60963.4,60999.15,60924.4,60931.85,0
2026-02-24 13:30:00+05:30,60930.45,60933.5,60832.15,60839.7,0
2026-02-24 13:35:00+05:30,60840.45,60936.55,60801.85,60928.25,0
2026-02-24 13:40:00+05:30,60929.3,60939.0,60889.45,60924.35,0
2026-02-24 13:45:00+05:30,60925.4,60943.15,60893.85,60908.55,0
2026-02-24 13:50:00+05:30,60908.3,60940.95,60898.95,60934.15,0
2026-02-24 13:55:00+05:30,60934.9,61046.25,60931.7,61039.65,0
2026-02-24 14:00:00+05:30,61043.05,61044.9,60953.8,60963.85,0
2026-02-24 14:05:00+05:30,60966.75,61031.0,60947.15,61028.45,0
2026-02-24 14:10:00+05:30,61029.3,61120.1,61013.95,61118.85,0
2026-02-24 14:15:00+05:30,61118.8,61152.45,61093.9,61116.25,0
2026-02-24 14:20:00+05:30,61117.65,61156.65,61013.95,61052.45,0
2026-02-24 14:25:00+05:30,61056.5,61120.05,61040.75,61049.7,0
2026-02-24 14:30:00+05:30,61051.6,61087.75,61011.35,61035.3,0
2026-02-24 14:35:00+05:30,61039.3,61076.85,61028.95,61062.6,0
2026-02-24 14:40:00+05:30,61063.05,61072.45,60980.6,60981.8,0
2026-02-24 14:45:00+05:30,60982.6,61029.85,60939.1,61013.15,0
2026-02-24 14:50:00+05:30,61013.1,61106.3,61013.1,61082.2,0
2026-02-24 14:55:00+05:30,61079.7,61109.6,61067.05,61093.0,0
2026-02-24 15:00:00+05:30,61096.3,61134.7,61009.55,61032.95,0
2026-02-24 15:05:00+05:30,61035.4,61074.9,61016.7,61036.9,0
2026-02-24 15:10:00+05:30,61028.7,61060.7,61003.05,61024.45,0
2026-02-24 15:15:00+05:30,61025.5,61060.35,61018.45,61045.4,0
2026-02-24 15:20:00+05:30,61047.15,61058.85,61020.95,61049.7,0
2026-02-24 15:25:00+05:30,61048.3,61117.65,61035.85,61072.45,0
2026-02-25 09:15:00+05:30,61175.05,61290.7,61145.2,61215.5,0
2026-02-25 09:20:00+05:30,61216.8,61292.4,61207.75,61247.75,0
2026-02-25 09:25:00+05:30,61250.15,61305.4,61236.2,61240.25,0
2026-02-25 09:30:00+05:30,61244.4,61264.7,61228.3,61248.55,0
2026-02-25 09:35:00+05:30,61249.75,61317.55,61238.0,61262.9,0
2026-02-25 09:40:00+05:30,61264.65,61267.15,61204.55,61206.5,0
2026-02-25 09:45:00+05:30,61213.3,61245.7,61183.55,61191.45,0
2026-02-25 09:50:00+05:30,61192.1,61233.8,61166.85,61189.75,0
2026-02-25 09:55:00+05:30,61189.6,61222.2,61186.15,61199.3,0
2026-02-25 10:00:00+05:30,61199.55,61237.1,61185.55,61233.75,0
2026-02-25 10:05:00+05:30,61236.95,61275.0,61234.8,61241.3,0
2026-02-25 10:10:00+05:30,61241.1,61246.75,61215.15,61231.45,0
2026-02-25 10:15:00+05:30,61231.85,61300.25,61228.6,61256.85,0
2026-02-25 10:20:00+05:30,61259.15,61264.1,61232.65,61243.0,0
2026-02-25 10:25:00+05:30,61245.35,61249.5,61217.8,61221.45,0
2026-02-25 10:30:00+05:30,61223.95,61275.3,61219.6,61251.1,0
2026-02-25 10:35:00+05:30,61255.8,61255.8,61205.3,61234.0,0
2026-02-25 10:40:00+05:30,61236.0,61241.7,61181.45,61184.7,0
2026-02-25 10:45:00+05:30,61185.7,61192.65,61083.55,61109.2,0
2026-02-25 10:50:00+05:30,61109.15,61154.75,61097.4,61127.8,0
2026-02-25 10:55:00+05:30,61130.05,61164.2,61110.4,61131.65,0
2026-02-25 11:00:00+05:30,61139.1,61164.25,61122.95,61126.0,0
2026-02-25 11:05:00+05:30,61126.65,61165.05,61121.85,61133.35,0
2026-02-25 11:10:00+05:30,61134.45,61143.25,61106.15,61130.9,0
2026-02-25 11:15:00+05:30,61129.8,61134.2,61091.2,61107.55,0
2026-02-25 11:20:00+05:30,61108.8,61122.75,61097.4,61114.6,0
2026-02-25 11:25:00+05:30,61117.45,61156.95,61108.45,61155.1,0
2026-02-25 11:30:00+05:30,61157.05,61160.1,61117.15,61129.05,0
2026-02-25 11:35:00+05:30,61135.4,61135.4,61100.95,61111.9,0
2026-02-25 11:40:00+05:30,61112.95,61114.75,61081.6,61106.7,0
2026-02-25 11:45:00+05:30,61114.95,61157.7,61110.15,61143.7,0
2026-02-25 11:50:00+05:30,61147.4,61156.25,61114.3,61124.75,0
2026-02-25 11:55:00+05:30,61122.15,61132.7,61069.9,61087.85,0
2026-02-25 12:00:00+05:30,61088.95,61108.6,61084.85,61099.2,0
2026-02-25 12:05:00+05:30,61101.5,61119.35,61085.3,61111.15,0
2026-02-25 12:10:00+05:30,61110.6,61112.45,61067.05,61085.3,0
2026-02-25 12:15:00+05:30,61086.35,61151.7,61083.6,61139.35,0
2026-02-25 12:20:00+05:30,61139.15,61143.25,61101.9,61118.2,0
2026-02-25 12:25:00+05:30,61117.25,61120.9,61094.8,61103.9,0
2026-02-25 12:30:00+05:30,61102.85,61117.25,61002.3,61007.95,0
2026-02-25 12:35:00+05:30,61006.45,61017.45,60940.2,61000.75,0
2026-02-25 12:40:00+05:30,61002.2,61008.35,60971.65,60978.15,0
2026-02-25 12:45:00+05:30,60978.35,60980.15,60900.9,60902.45,0
2026-02-25 12:50:00+05:30,60895.6,60949.85,60881.55,60917.0,0
2026-02-25 12:55:00+05:30,60912.95,60944.9,60889.05,60901.25,0
2026-02-25 13:00:00+05:30,60900.5,60903.35,60834.15,60882.75,0
2026-02-25 13:05:00+05:30,60884.55,60906.9,60843.2,60897.5,0
2026-02-25 13:10:00+05:30,60901.4,60937.4,60886.35,60891.45,0
2026-02-25 13:15:00+05:30,60894.7,60944.5,60879.3,60932.2,0
2026-02-25 13:20:00+05:30,60933.25,60952.8,60894.25,60902.6,0
2026-02-25 13:25:00+05:30,60907.35,60926.3,60849.85,60922.85,0
2026-02-25 13:30:00+05:30,60926.95,60977.45,60919.25,60920.9,0
2026-02-25 13:35:00+05:30,60921.1,60937.85,60885.95,60897.25,0
2026-02-25 13:40:00+05:30,60899.45,60907.05,60870.85,60885.8,0
2026-02-25 13:45:00+05:30,60890.1,60902.05,60849.35,60890.75,0
2026-02-25 13:50:00+05:30,60890.4,60917.9,60888.2,60915.95,0
2026-02-25 13:55:00+05:30,60916.3,60945.95,60901.7,60945.15,0
2026-02-25 14:00:00+05:30,60942.9,60944.8,60847.45,60857.2,0
2026-02-25 14:05:00+05:30,60859.95,60888.55,60816.75,60828.85,0
2026-02-25 14:10:00+05:30,60832.15,60908.3,60830.4,60897.5,0
2026-02-25 14:15:00+05:30,60898.65,61002.95,60890.85,60997.65,0
2026-02-25 14:20:00+05:30,60996.9,61020.4,60948.55,60951.35,0
2026-02-25 14:25:00+05:30,60954.0,60960.45,60886.6,60889.8,0
2026-02-25 14:30:00+05:30,60887.3,60958.6,60887.3,60947.25,0
2026-02-25 14:35:00+05:30,60947.05,60977.4,60947.05,60952.15,0
2026-02-25 14:40:00+05:30,60952.6,60963.85,60925.35,60962.35,0
2026-02-25 14:45:00+05:30,60960.8,60966.4,60933.6,60938.35,0
2026-02-25 14:50:00+05:30,60937.0,60993.0,60934.15,60993.0,0
2026-02-25 14:55:00+05:30,60996.9,61026.95,60975.45,61022.9,0
2026-02-25 15:00:00+05:30,61026.4,61103.75,61026.4,61079.2,0
2026-02-25 15:05:00+05:30,61077.8,61077.8,61016.4,61027.2,0
2026-02-25 15:10:00+05:30,61027.85,61052.6,61025.25,61039.4,0
2026-02-25 15:15:00+05:30,61036.4,61042.45,61008.75,61033.65,0
2026-02-25 15:20:00+05:30,61032.9,61038.0,61019.0,61026.85,0
2026-02-25 15:25:00+05:30,61026.8,61067.6,60997.1,61012.35,0
2026-02-26 09:15:00+05:30,61193.9,61218.35,61114.15,61120.45,0
2026-02-26 09:20:00+05:30,61120.4,61150.2,61061.3,61103.5,0
2026-02-26 09:25:00+05:30,61106.25,61136.65,61082.4,61107.2,0
2026-02-26 09:30:00+05:30,61112.75,61152.65,61079.85,61151.7,0
2026-02-26 09:35:00+05:30,61152.25,61213.05,61135.05,61208.5,0
2026-02-26 09:40:00+05:30,61208.1,61249.7,61196.45,61206.05,0
2026-02-26 09:45:00+05:30,61210.85,61222.6,61160.95,61206.2,0
2026-02-26 09:50:00+05:30,61205.0,61205.0,61120.0,61120.0,0
2026-02-26 09:55:00+05:30,61127.2,61160.8,61098.95,61139.0,0
2026-02-26 10:00:00+05:30,61140.7,61169.9,61133.85,61160.55,0
2026-02-26 10:05:00+05:30,61159.6,61202.45,61151.35,61178.55,0
2026-02-26 10:10:00+05:30,61176.85,61198.0,61149.25,61159.3,0
2026-02-26 10:15:00+05:30,61160.0,61170.4,61112.3,61133.0,0
2026-02-26 10:20:00+05:30,61134.05,61137.9,61079.65,61082.15,0
2026-02-26 10:25:00+05:30,61085.75,61117.8,61050.75,61061.4,0
2026-02-26 10:30:00+05:30,61062.05,61099.6,61053.4,61065.95,0
2026-02-26 10:35:00+05:30,61073.4,61085.65,61039.55,61053.8,0
2026-02-26 10:40:00+05:30,61049.85,61116.6,61038.55,61094.55,0
2026-02-26 10:45:00+05:30,61096.85,61147.7,61077.45,61141.7,0
2026-02-26 10:50:00+05:30,61138.55,61142.1,61110.1,61128.5,0
2026-02-26 10:55:00+05:30,61131.3,61137.75,61073.8,61080.0,0
2026-02-26 11:00:00+05:30,61071.75,61074.6,61027.15,61069.75,0
2026-02-26 11:05:00+05:30,61069.7,61071.65,61029.35,61041.65,0
2026-02-26 11:10:00+05:30,61040.55,61111.5,61038.9,61088.75,0
2026-02-26 11:15:00+05:30,61088.95,61109.15,61056.65,61104.1,0
2026-02-26 11:20:00+05:30,61103.45,61104.5,61072.65,61094.1,0
2026-02-26 11:25:00+05:30,61091.45,61146.6,61075.7,61086.3,0
2026-02-26 11:30:00+05:30,61085.55,61089.15,61049.35,61072.55,0
2026-02-26 11:35:00+05:30,61072.0,61092.5,61051.7,61061.65,0
2026-02-26 11:40:00+05:30,61058.45,61059.45,61000.7,61023.2,0
2026-02-26 11:45:00+05:30,61021.25,61098.4,60987.95,61061.45,0
2026-02-26 11:50:00+05:30,61067.1,61087.9,61025.8,61044.75,0
2026-02-26 11:55:00+05:30,61043.05,61049.4,60978.75,60994.6,0
2026-02-26 12:00:00+05:30,60994.55,61026.65,60975.65,61021.3,0
2026-02-26 12:05:00+05:30,61022.35,61031.3,60988.6,60998.15,0
2026-02-26 12:10:00+05:30,61001.15,61007.95,60954.85,60957.35,0
2026-02-26 12:15:00+05:30,60966.2,60985.0,60900.05,60928.2,0
2026-02-26 12:20:00+05:30,60926.4,60934.25,60813.3,60898.2,0
2026-02-26 12:25:00+05:30,60897.15,60925.65,60871.45,60875.45,0
2026-02-26 12:30:00+05:30,60874.65,60891.6,60845.75,60878.7,0
2026-02-26 12:35:00+05:30,60876.9,60923.25,60869.45,60908.55,0
2026-02-26 12:40:00+05:30,60908.05,60961.15,60897.6,60948.6,0
2026-02-26 12:45:00+05:30,60946.8,60959.45,60913.55,60959.45,0
2026-02-26 12:50:00+05:30,60958.8,60959.2,60879.45,60896.25,0
2026-02-26 12:55:00+05:30,60896.0,60896.55,60850.05,60869.35,0
2026-02-26 13:00:00+05:30,60866.95,60923.3,60866.35,60921.25,0
2026-02-26 13:05:00+05:30,60922.65,60924.2,60869.7,60880.1,0
2026-02-26 13:10:00+05:30,60884.9,60903.8,60860.0,60888.8,0
2026-02-26 13:15:00+05:30,60889.5,60903.6,60862.75,60901.35,0
2026-02-26 13:20:00+05:30,60900.15,60947.45,60884.7,60943.0,0
2026-02-26 13:25:00+05:30,60943.45,60989.2,60941.8,60958.0,0
2026-02-26 13:30:00+05:30,60953.5,60971.0,60920.3,60924.55,0
2026-02-26 13:35:00+05:30,60926.55,60967.1,60925.45,60946.15,0
2026-02-26 13:40:00+05:30,60946.1,60975.4,60944.0,60956.8,0
2026-02-26 13:45:00+05:30,60960.3,60978.65,60912.75,60919.8,0
2026-02-26 13:50:00+05:30,60921.55,60957.7,60912.5,60947.6,0
2026-02-26 13:55:00+05:30,60950.3,60960.8,60918.55,60932.1,0
2026-02-26 14:00:00+05:30,60928.9,60942.95,60890.6,60909.0,0
2026-02-26 14:05:00+05:30,60905.15,60936.35,60863.4,60935.15,0
2026-02-26 14:10:00+05:30,60935.85,60978.75,60922.9,60958.1,0
2026-02-26 14:15:00+05:30,60964.25,60985.75,60932.1,60959.45,0
2026-02-26 14:20:00+05:30,60960.8,60975.7,60937.25,60945.05,0
2026-02-26 14:25:00+05:30,60944.65,60981.1,60937.2,60965.85,0
2026-02-26 14:30:00+05:30,60965.2,61039.9,60938.85,61038.2,0
2026-02-26 14:35:00+05:30,61040.95,61067.75,61025.7,61060.95,0
2026-02-26 14:40:00+05:30,61047.6,61141.5,61047.6,61141.5,0
2026-02-26 14:45:00+05:30,61141.7,61195.4,61127.1,61153.85,0
2026-02-26 14:50:00+05:30,61158.9,61186.2,61140.3,61168.25,0
2026-02-26 14:55:00+05:30,61167.85,61196.25,61158.65,61178.05,0
2026-02-26 15:00:00+05:30,61178.2,61284.75,61130.55,61149.3,0
2026-02-26 15:05:00+05:30,61145.65,61235.9,61145.65,61222.55,0
2026-02-26 15:10:00+05:30,61221.05,61235.3,61150.65,61187.3,0
2026-02-26 15:15:00+05:30,61190.05,61219.95,61172.2,61191.15,0
2026-02-26 15:20:00+05:30,61190.35,61191.7,61166.1,61180.45,0
2026-02-26 15:25:00+05:30,61177.45,61178.0,61064.3,61097.0,0
2026-02-27 09:15:00+05:30,61057.45,61086.45,60855.3,60936.1,0
2026-02-27 09:20:00+05:30,60937.05,61043.35,60900.25,60996.45,0
2026-02-27 09:25:00+05:30,61004.45,61040.7,60896.05,60899.7,0
2026-02-27 09:30:00+05:30,60896.75,60935.9,60891.45,60898.6,0
2026-02-27 09:35:00+05:30,60898.05,60927.2,60839.0,60927.2,0
2026-02-27 09:40:00+05:30,60927.95,60928.9,60842.6,60849.65,0
2026-02-27 09:45:00+05:30,60854.55,60854.55,60808.75,60828.05,0
2026-02-27 09:50:00+05:30,60826.85,60827.15,60747.8,60754.65,0
2026-02-27 09:55:00+05:30,60758.75,60792.95,60710.75,60713.8,0
2026-02-27 10:00:00+05:30,60715.85,60739.3,60690.8,60720.3,0
2026-02-27 10:05:00+05:30,60725.55,60759.45,60684.7,60721.85,0
2026-02-27 10:10:00+05:30,60722.45,60741.85,60709.45,60717.45,0
2026-02-27 10:15:00+05:30,60714.05,60718.3,60664.45,60678.95,0
2026-02-27 10:20:00+05:30,60678.75,60759.45,60676.7,60732.1,0
2026-02-27 10:25:00+05:30,60730.35,60775.3,60716.4,60771.1,0
2026-02-27 10:30:00+05:30,60770.95,60806.3,60768.85,60786.7,0
2026-02-27 10:35:00+05:30,60789.4,60838.0,60772.65,60783.05,0
2026-02-27 10:40:00+05:30,60786.8,60788.2,60733.6,60737.3,0
2026-02-27 10:45:00+05:30,60739.4,60764.8,60717.7,60752.55,0
2026-02-27 10:50:00+05:30,60754.05,60763.45,60705.85,60720.8,0
2026-02-27 10:55:00+05:30,60722.1,60736.05,60696.0,60700.0,0
2026-02-27 11:00:00+05:30,60699.0,60742.3,60693.05,60740.45,0
2026-02-27 11:05:00+05:30,60741.6,60764.95,60721.9,60760.85,0
2026-02-27 11:10:00+05:30,60760.8,60774.95,60742.15,60773.0,0
2026-02-27 11:15:00+05:30,60776.7,60790.0,60732.95,60757.0,0
2026-02-27 11:20:00+05:30,60762.1,60764.4,60722.05,60735.25,0
2026-02-27 11:25:00+05:30,60738.85,60741.5,60690.35,60706.55,0
2026-02-27 11:30:00+05:30,60705.85,60706.4,60647.65,60650.85,0
2026-02-27 11:35:00+05:30,60649.8,60678.1,60633.6,60675.95,0
2026-02-27 11:40:00+05:30,60677.45,60703.5,60666.15,60696.5,0
2026-02-27 11:45:00+05:30,60696.55,60724.5,60695.8,60707.7,0
2026-02-27 11:50:00+05:30,60708.15,60758.65,60695.8,60739.55,0
2026-02-27 11:55:00+05:30,60737.0,60750.3,60711.25,60730.1,0
2026-02-27 12:00:00+05:30,60730.4,60818.0,60728.9,60766.5,0
2026-02-27 12:05:00+05:30,60765.35,60783.4,60730.3,60747.0,0
2026-02-27 12:10:00+05:30,60749.35,60756.65,60716.4,60719.15,0
2026-02-27 12:15:00+05:30,60716.95,60728.55,60702.65,60717.45,0
2026-02-27 12:20:00+05:30,60719.6,60750.8,60675.6,60680.15,0
2026-02-27 12:25:00+05:30,60682.3,60765.95,60682.3,60741.95,0
2026-02-27 12:30:00+05:30,60742.25,60776.3,60736.65,60741.1,0
2026-02-27 12:35:00+05:30,60740.3,60757.65,60723.6,60724.8,0
2026-02-27 12:40:00+05:30,60722.35,60726.55,60696.25,60704.85,0
2026-02-27 12:45:00+05:30,60708.5,60751.95,60690.05,60718.6,0
2026-02-27 12:50:00+05:30,60718.5,60754.25,60718.5,60722.1,0
2026-02-27 12:55:00+05:30,60723.35,60729.15,60700.75,60712.0,0
2026-02-27 13:00:00+05:30,60712.4,60728.6,60693.85,60706.25,0
2026-02-27 13:05:00+05:30,60705.75,60770.45,60705.4,60752.25,0
2026-02-27 13:10:00+05:30,60753.1,60754.0,60710.65,60715.65,0
2026-02-27 13:15:00+05:30,60715.5,60724.75,60681.85,60681.85,0
2026-02-27 13:20:00+05:30,60681.35,60714.3,60680.9,60703.6,0
2026-02-27 13:25:00+05:30,60704.05,60745.15,60704.05,60712.75,0
2026-02-27 13:30:00+05:30,60710.25,60711.5,60670.7,60670.7,0
2026-02-27 13:35:00+05:30,60670.45,60705.65,60661.5,60683.0,0
2026-02-27 13:40:00+05:30,60683.5,60743.2,60680.3,60723.0,0
2026-02-27 13:45:00+05:30,60724.05,60800.9,60724.05,60800.9,0
2026-02-27 13:50:00+05:30,60800.65,60801.4,60757.35,60771.65,0
2026-02-27 13:55:00+05:30,60773.7,60846.9,60769.8,60841.5,0
2026-02-27 14:00:00+05:30,60839.2,60864.7,60785.2,60807.45,0
2026-02-27 14:05:00+05:30,60808.2,60827.05,60779.85,60814.85,0
2026-02-27 14:10:00+05:30,60815.3,60828.8,60771.55,60780.55,0
2026-02-27 14:15:00+05:30,60777.85,60806.35,60777.85,60794.55,0
2026-02-27 14:20:00+05:30,60796.2,60811.25,60779.25,60793.1,0
2026-02-27 14:25:00+05:30,60793.3,60798.3,60735.25,60739.05,0
2026-02-27 14:30:00+05:30,60739.9,60771.55,60720.6,60736.05,0
2026-02-27 14:35:00+05:30,60738.25,60780.85,60732.9,60770.15,0
2026-02-27 14:40:00+05:30,60770.8,60789.85,60756.05,60764.1,0
2026-02-27 14:45:00+05:30,60765.4,60809.25,60759.15,60809.25,0
2026-02-27 14:50:00+05:30,60808.0,60820.35,60765.9,60782.6,0
2026-02-27 14:55:00+05:30,60782.85,60812.0,60764.6,60799.55,0
2026-02-27 15:00:00+05:30,60791.45,60791.45,60549.2,60561.55,0
2026-02-27 15:05:00+05:30,60564.7,60581.2,60439.0,60544.6,0
2026-02-27 15:10:00+05:30,60539.65,60604.4,60495.3,60526.1,0
2026-02-27 15:15:00+05:30,60526.0,60558.6,60489.75,60496.25,0
2026-02-27 15:20:00+05:30,60496.4,60535.85,60456.4,60471.1,0
2026-02-27 15:25:00+05:30,60469.55,60504.8,60438.95,60482.45,0
2026-03-02 09:15:00+05:30,59204.3,60080.7,59148.0,60061.35,0
2026-03-02 09:20:00+05:30,60057.4,60167.15,60023.3,60051.0,0
2026-03-02 09:25:00+05:30,60051.35,60152.2,60006.15,60105.65,0
2026-03-02 09:30:00+05:30,60104.2,60177.5,60092.35,60153.5,0
2026-03-02 09:35:00+05:30,60151.25,60163.85,60097.4,60113.45,0
2026-03-02 09:40:00+05:30,60111.65,60154.35,60071.9,60111.8,0
2026-03-02 09:45:00+05:30,60115.1,60122.05,60037.0,60047.8,0
2026-03-02 09:50:00+05:30,60043.0,60053.75,59959.7,59959.7,0
2026-03-02 09:55:00+05:30,59971.55,60058.3,59962.75,60029.35,0
2026-03-02 10:00:00+05:30,60027.95,60037.9,59944.55,59947.2,0
2026-03-02 10:05:00+05:30,59949.0,59956.85,59867.85,59884.1,0
2026-03-02 10:10:00+05:30,59883.55,59913.15,59853.1,59907.2,0
2026-03-02 10:15:00+05:30,59906.35,59922.8,59822.4,59841.8,0
2026-03-02 10:20:00+05:30,59843.8,59854.95,59814.95,59820.75,0
2026-03-02 10:25:00+05:30,59820.9,59859.95,59809.4,59824.2,0
2026-03-02 10:30:00+05:30,59819.7,59879.3,59809.1,59861.35,0
2026-03-02 10:35:00+05:30,59859.25,59875.8,59784.7,59791.85,0
2026-03-02 10:40:00+05:30,59791.05,59800.35,59736.8,59740.7,0
2026-03-02 10:45:00+05:30,59736.0,59791.3,59736.0,59745.95,0
2026-03-02 10:50:00+05:30,59742.1,59779.25,59723.75,59731.7,0
2026-03-02 10:55:00+05:30,59731.5,59834.3,59723.35,59818.2,0
2026-03-02 11:00:00+05:30,59815.65,59884.15,59804.55,59860.25,0
2026-03-02 11:05:00+05:30,59859.0,59881.1,59813.75,59838.6,0
2026-03-02 11:10:00+05:30,59838.3,59851.15,59809.05,59836.25,0
2026-03-02 11:15:00+05:30,59839.85,59871.75,59826.75,59827.45,0
2026-03-02 11:20:00+05:30,59824.75,59842.05,59805.05,59829.25,0
2026-03-02 11:25:00+05:30,59826.15,59853.15,59801.05,59806.15,0
2026-03-02 11:30:00+05:30,59805.5,59859.9,59797.55,59852.4,0
2026-03-02 11:35:00+05:30,59849.15,59864.4,59829.7,59857.6,0
2026-03-02 11:40:00+05:30,59857.9,59867.95,59832.1,59854.6,0
2026-03-02 11:45:00+05:30,59854.3,59887.0,59804.65,59821.9,0
2026-03-02 11:50:00+05:30,59822.45,59829.45,59780.7,59802.05,0
2026-03-02 11:55:00+05:30,59800.0,59801.85,59759.55,59766.0,0
2026-03-02 12:00:00+05:30,59764.75,59773.1,59725.05,59749.5,0
2026-03-02 12:05:00+05:30,59752.45,59781.15,59730.05,59762.55,0
2026-03-02 12:10:00+05:30,59756.2,59791.5,59721.3,59723.65,0
2026-03-02 12:15:00+05:30,59719.6,59739.9,59666.15,59678.3,0
2026-03-02 12:20:00+05:30,59677.95,59735.75,59670.0,59727.75,0
2026-03-02 12:25:00+05:30,59728.25,59786.2,59723.25,59761.05,0
2026-03-02 12:30:00+05:30,59759.3,59761.25,59723.9,59747.85,0
2026-03-02 12:35:00+05:30,59746.95,59762.65,59648.45,59660.3,0
2026-03-02 12:40:00+05:30,59664.95,59695.05,59630.65,59635.2,0
2026-03-02 12:45:00+05:30,59629.5,59678.65,59594.95,59636.4,0
2026-03-02 12:50:00+05:30,59634.95,59719.8,59630.1,59690.0,0
2026-03-02 12:55:00+05:30,59686.55,59705.4,59655.4,59665.55,0
2026-03-02 13:00:00+05:30,59673.1,59696.95,59654.7,59660.75,0
2026-03-02 13:05:00+05:30,59660.55,59672.9,59629.4,59630.8,0
2026-03-02 13:10:00+05:30,59629.2,59653.6,59619.7,59625.85,0
2026-03-02 13:15:00+05:30,59628.2,59655.0,59605.55,59618.55,0
2026-03-02 13:20:00+05:30,59617.4,59624.5,59590.9,59596.15,0
2026-03-02 13:25:00+05:30,59596.1,59605.15,59569.75,59587.1,0
2026-03-02 13:30:00+05:30,59587.25,59597.1,59537.25,59540.3,0
2026-03-02 13:35:00+05:30,59540.85,59577.3,59526.8,59548.8,0
2026-03-02 13:40:00+05:30,59549.25,59551.95,59503.6,59544.05,0
2026-03-02 13:45:00+05:30,59545.0,59561.35,59507.15,59510.5,0
2026-03-02 13:50:00+05:30,59508.15,59518.3,59439.3,59447.8,0
2026-03-02 13:55:00+05:30,59448.45,59449.65,59368.15,59382.05,0
2026-03-02 14:00:00+05:30,59381.7,59685.4,59345.3,59590.0,0
2026-03-02 14:05:00+05:30,59586.7,59764.5,59580.9,59668.2,0
2026-03-02 14:10:00+05:30,59668.0,59747.2,59662.8,59723.25,0
2026-03-02 14:15:00+05:30,59724.8,59749.2,59668.1,59693.25,0
2026-03-02 14:20:00+05:30,59695.35,59729.95,59662.15,59712.2,0
2026-03-02 14:25:00+05:30,59711.7,59718.0,59623.3,59636.35,0
2026-03-02 14:30:00+05:30,59638.95,59716.15,59615.5,59716.15,0
2026-03-02 14:35:00+05:30,59718.55,59807.35,59717.2,59785.65,0
2026-03-02 14:40:00+05:30,59787.95,59870.3,59785.15,59826.2,0
2026-03-02 14:45:00+05:30,59826.55,59888.2,59747.3,59852.8,0
2026-03-02 14:50:00+05:30,59852.6,59870.85,59809.1,59853.05,0
2026-03-02 14:55:00+05:30,59852.35,59870.5,59747.85,59764.1,0
2026-03-02 15:00:00+05:30,59769.8,59833.35,59709.75,59806.2,0
2026-03-02 15:05:00+05:30,59806.4,59840.75,59725.3,59793.8,0
2026-03-02 15:10:00+05:30,59794.85,59909.7,59764.95,59906.85,0
2026-03-02 15:15:00+05:30,59907.05,59953.45,59853.5,59944.8,0
2026-03-02 15:20:00+05:30,59940.95,59956.7,59883.45,59903.7,0
2026-03-02 15:25:00+05:30,59903.55,59943.4,59838.7,59856.05,0
2026-03-04 09:15:00+05:30,58447.15,58996.95,58393.55,58870.15,0
2026-03-04 09:20:00+05:30,58875.05,58882.4,58761.9,58767.05,0
2026-03-04 09:25:00+05:30,58770.7,58795.9,58699.15,58756.35,0
2026-03-04 09:30:00+05:30,58751.75,58821.95,58694.65,58695.4,0
2026-03-04 09:35:00+05:30,58695.5,58769.45,58655.15,58707.05,0
2026-03-04 09:40:00+05:30,58704.5,58758.8,58692.7,58747.85,0
2026-03-04 09:45:00+05:30,58747.95,58753.6,58571.15,58582.35,0
2026-03-04 09:50:00+05:30,58580.3,58641.15,58576.9,58581.4,0
2026-03-04 09:55:00+05:30,58576.65,58586.4,58540.35,58550.2,0
2026-03-04 10:00:00+05:30,58545.8,58632.2,58508.6,58607.2,0
2026-03-04 10:05:00+05:30,58613.35,58649.5,58562.85,58645.0,0
2026-03-04 10:10:00+05:30,58646.9,58726.0,58591.8,58717.45,0
2026-03-04 10:15:00+05:30,58720.3,58724.5,58631.55,58672.3,0
2026-03-04 10:20:00+05:30,58673.7,58753.9,58655.75,58703.3,0
2026-03-04 10:25:00+05:30,58702.5,58723.65,58641.2,58651.7,0
2026-03-04 10:30:00+05:30,58652.4,58670.55,58611.3,58629.8,0
2026-03-04 10:35:00+05:30,58625.3,58635.95,58573.55,58588.7,0
2026-03-04 10:40:00+05:30,58589.85,58597.85,58537.2,58589.7,0
2026-03-04 10:45:00+05:30,58591.9,58633.65,58563.75,58576.15,0
2026-03-04 10:50:00+05:30,58579.35,58580.8,58532.65,58538.4,0
2026-03-04 10:55:00+05:30,58536.45,58538.25,58452.95,58501.95,0
2026-03-04 11:00:00+05:30,58508.75,58631.95,58496.1,58605.35,0
2026-03-04 11:05:00+05:30,58604.3,58665.35,58582.65,58663.05,0
2026-03-04 11:10:00+05:30,58663.45,58686.55,58625.7,58633.4,0
2026-03-04 11:15:00+05:30,58631.9,58641.35,58588.8,58593.65,0
2026-03-04 11:20:00+05:30,58588.85,58628.45,58563.2,58567.95,0
2026-03-04 11:25:00+05:30,58565.7,58568.6,58509.1,58512.05,0
2026-03-04 11:30:00+05:30,58511.55,58523.75,58484.55,58521.4,0
2026-03-04 11:35:00+05:30,58520.6,58576.95,58517.9,58558.25,0
2026-03-04 11:40:00+05:30,58557.65,58559.6,58514.5,58523.0,0
2026-03-04 11:45:00+05:30,58521.6,58554.25,58509.85,58546.25,0
2026-03-04 11:50:00+05:30,58546.1,58560.35,58511.1,58517.5,0
2026-03-04 11:55:00+05:30,58518.85,58535.9,58506.5,58522.85,0
2026-03-04 12:00:00+05:30,58526.45,58547.2,58521.1,58541.45,0
2026-03-04 12:05:00+05:30,58543.4,58546.2,58509.8,58522.75,0
2026-03-04 12:10:00+05:30,58527.7,58528.9,58479.25,58482.0,0
2026-03-04 12:15:00+05:30,58484.65,58501.2,58468.25,58472.25,0
2026-03-04 12:20:00+05:30,58477.55,58532.75,58473.75,58527.6,0
2026-03-04 12:25:00+05:30,58529.65,58557.9,58512.5,58520.05,0
2026-03-04 12:30:00+05:30,58520.8,58555.45,58519.6,58548.2,0
2026-03-04 12:35:00+05:30,58547.3,58585.5,58535.55,58554.15,0
2026-03-04 12:40:00+05:30,58552.75,58557.5,58525.45,58534.7,0
2026-03-04 12:45:00+05:30,58534.05,58551.65,58511.95,58526.45,0
2026-03-04 12:50:00+05:30,58528.2,58546.65,58520.35,58532.6,0
2026-03-04 12:55:00+05:30,58534.3,58603.35,58531.9,58589.9,0
2026-03-04 13:00:00+05:30,58589.3,58620.0,58588.5,58607.65,0
2026-03-04 13:05:00+05:30,58604.55,58656.55,58585.4,58654.65,0
2026-03-04 13:10:00+05:30,58653.1,58754.0,58647.15,58739.4,0
2026-03-04 13:15:00+05:30,58737.35,58752.95,58662.35,58667.4,0
2026-03-04 13:20:00+05:30,58665.7,58718.0,58639.85,58714.05,0
2026-03-04 13:25:00+05:30,58712.2,58756.1,58691.3,58694.65,0
2026-03-04 13:30:00+05:30,58691.55,58711.2,58633.0,58636.95,0
2026-03-04 13:35:00+05:30,58632.45,58664.9,58609.0,58662.05,0
2026-03-04 13:40:00+05:30,58663.95,58710.25,58629.6,58708.15,0
2026-03-04 13:45:00+05:30,58709.2,58710.6,58646.55,58662.0,0
2026-03-04 13:50:00+05:30,58661.75,58667.6,58622.35,58631.75,0
2026-03-04 13:55:00+05:30,58633.45,58676.8,58622.5,58669.35,0
2026-03-04 14:00:00+05:30,58672.0,58719.25,58669.55,58699.3,0
2026-03-04 14:05:00+05:30,58701.1,58829.7,58661.6,58818.8,0
2026-03-04 14:10:00+05:30,58824.65,58971.2,58788.0,58965.45,0
2026-03-04 14:15:00+05:30,58965.8,59034.75,58965.8,58987.0,0
2026-03-04 14:20:00+05:30,58985.8,58989.4,58891.8,58893.4,0
2026-03-04 14:25:00+05:30,58895.95,58915.75,58834.6,58874.15,0
2026-03-04 14:30:00+05:30,58875.35,58926.1,58829.55,58884.0,0
2026-03-04 14:35:00+05:30,58883.15,58902.9,58853.95,58876.35,0
2026-03-04 14:40:00+05:30,58880.2,58988.85,58877.2,58974.35,0
2026-03-04 14:45:00+05:30,58973.8,59058.4,58896.25,59016.2,0
2026-03-04 14:50:00+05:30,59015.85,59026.5,58985.75,58997.2,0
2026-03-04 14:55:00+05:30,58994.9,59033.8,58938.7,58965.95,0
2026-03-04 15:00:00+05:30,58969.45,58978.85,58831.05,58832.85,0
2026-03-04 15:05:00+05:30,58833.75,58848.9,58711.7,58713.0,0
2026-03-04 15:10:00+05:30,58709.7,58735.95,58679.1,58723.95,0
2026-03-04 15:15:00+05:30,58723.45,58735.1,58666.75,58672.0,0
2026-03-04 15:20:00+05:30,58674.7,58768.75,58657.6,58760.0,0
2026-03-04 15:25:00+05:30,58757.95,58777.0,58714.65,58759.65,0
2026-03-05 09:15:00+05:30,59008.25,59025.65,58809.7,58955.8,0
2026-03-05 09:20:00+05:30,58960.85,59038.8,58930.0,59030.85,0
2026-03-05 09:25:00+05:30,59036.3,59088.7,58914.95,58927.05,0
2026-03-05 09:30:00+05:30,58942.6,58980.45,58901.7,58927.25,0
2026-03-05 09:35:00+05:30,58932.65,58935.2,58879.35,58895.2,0
2026-03-05 09:40:00+05:30,58894.1,59005.35,58850.25,58997.65,0
2026-03-05 09:45:00+05:30,59000.1,59046.1,58979.25,59025.6,0
2026-03-05 09:50:00+05:30,59023.8,59029.2,58956.6,59008.0,0
2026-03-05 09:55:00+05:30,59008.05,59011.7,58884.25,58888.8,0
2026-03-05 10:00:00+05:30,58888.75,58947.1,58882.15,58889.0,0
2026-03-05 10:05:00+05:30,58888.15,58981.4,58883.7,58981.4,0
2026-03-05 10:10:00+05:30,58981.25,58993.65,58954.5,58957.25,0
2026-03-05 10:15:00+05:30,58954.85,58992.85,58944.6,58947.8,0
2026-03-05 10:20:00+05:30,58950.95,58954.25,58897.65,58912.15,0
2026-03-05 10:25:00+05:30,58918.15,58925.4,58846.1,58921.85,0
2026-03-05 10:30:00+05:30,58920.4,58953.55,58872.45,58883.25,0
2026-03-05 10:35:00+05:30,58886.4,58969.5,58853.3,58962.3,0
2026-03-05 10:40:00+05:30,58961.6,59002.0,58935.15,58988.8,0
2026-03-05 10:45:00+05:30,58987.95,58991.6,58926.05,58929.25,0
2026-03-05 10:50:00+05:30,58925.0,58945.3,58904.05,58925.75,0
2026-03-05 10:55:00+05:30,58927.8,59004.8,58924.3,58992.55,0
2026-03-05 11:00:00+05:30,58994.9,59052.05,58992.0,59044.65,0
2026-03-05 11:05:00+05:30,59050.1,59127.3,59032.65,59112.3,0
2026-03-05 11:10:00+05:30,59111.9,59141.0,59080.35,59093.05,0
2026-03-05 11:15:00+05:30,59087.85,59120.15,59063.4,59111.9,0
2026-03-05 11:20:00+05:30,59114.9,59114.9,59043.05,59054.8,0
2026-03-05 11:25:00+05:30,59057.8,59062.8,58965.8,58976.7,0
2026-03-05 11:30:00+05:30,58975.9,58975.9,58866.15,58918.25,0
2026-03-05 11:35:00+05:30,58919.95,58919.95,58852.95,58902.85,0
2026-03-05 11:40:00+05:30,58900.8,58908.85,58854.2,58862.9,0
2026-03-05 11:45:00+05:30,58864.2,58864.2,58751.0,58752.45,0
2026-03-05 11:50:00+05:30,58756.95,58773.15,58692.8,58773.15,0
2026-03-05 11:55:00+05:30,58776.05,58790.7,58686.3,58724.0,0
2026-03-05 12:00:00+05:30,58725.75,58762.0,58710.05,58748.05,0
2026-03-05 12:05:00+05:30,58761.65,58775.95,58709.25,58736.5,0
2026-03-05 12:10:00+05:30,58744.05,58810.6,58732.65,58781.0,0
2026-03-05 12:15:00+05:30,58781.4,58781.4,58716.95,58746.3,0
2026-03-05 12:20:00+05:30,58747.55,58835.15,58740.85,58796.55,0
2026-03-05 12:25:00+05:30,58800.25,58865.45,58777.65,58854.7,0
2026-03-05 12:30:00+05:30,58854.1,58908.55,58851.55,58853.85,0
2026-03-05 12:35:00+05:30,58852.9,58857.2,58801.9,58837.15,0
2026-03-05 12:40:00+05:30,58837.85,58847.2,58793.5,58812.95,0
2026-03-05 12:45:00+05:30,58812.9,58816.5,58748.2,58808.8,0
2026-03-05 12:50:00+05:30,58811.15,58909.6,58786.35,58905.4,0
2026-03-05 12:55:00+05:30,58909.05,58915.0,58851.05,58859.9,0
2026-03-05 13:00:00+05:30,58860.0,58888.95,58817.3,58818.0,0
2026-03-05 13:05:00+05:30,58814.9,58855.6,58812.25,58849.45,0
2026-03-05 13:10:00+05:30,58853.75,58885.5,58836.45,58850.95,0
2026-03-05 13:15:00+05:30,58854.25,58855.9,58804.45,58811.2,0
2026-03-05 13:20:00+05:30,58814.25,58866.3,58792.45,58852.4,0
2026-03-05 13:25:00+05:30,58852.55,58890.1,58815.4,58884.7,0
2026-03-05 13:30:00+05:30,58885.25,58897.05,58734.0,58764.65,0
2026-03-05 13:35:00+05:30,58766.5,58769.1,58683.95,58689.2,0
2026-03-05 13:40:00+05:30,58695.15,58721.4,58664.05,58686.15,0
2026-03-05 13:45:00+05:30,58686.05,58727.6,58663.7,58693.25,0
2026-03-05 13:50:00+05:30,58696.85,58697.65,58561.35,58589.05,0
2026-03-05 13:55:00+05:30,58586.95,58604.8,58550.9,58581.0,0
2026-03-05 14:00:00+05:30,58584.5,58643.8,58569.4,58626.05,0
2026-03-05 14:05:00+05:30,58628.8,58639.6,58572.7,58572.7,0
2026-03-05 14:10:00+05:30,58570.05,58588.45,58544.75,58559.5,0
2026-03-05 14:15:00+05:30,58561.4,58596.05,58510.0,58512.6,0
2026-03-05 14:20:00+05:30,58513.85,58698.9,58506.4,58683.2,0
2026-03-05 14:25:00+05:30,58687.1,58767.05,58629.4,58734.25,0
2026-03-05 14:30:00+05:30,58734.85,58734.95,58570.8,58586.45,0
2026-03-05 14:35:00+05:30,58584.3,58789.85,58572.05,58777.85,0
2026-03-05 14:40:00+05:30,58778.6,58961.15,58772.1,58878.75,0
2026-03-05 14:45:00+05:30,58875.85,58963.65,58846.2,58962.9,0
2026-03-05 14:50:00+05:30,58961.75,59232.4,58955.45,59202.75,0
2026-03-05 14:55:00+05:30,59200.5,59274.35,59139.4,59257.7,0
2026-03-05 15:00:00+05:30,59259.05,59265.5,59096.4,59159.1,0
2026-03-05 15:05:00+05:30,59163.95,59164.45,59060.65,59068.05,0
2026-03-05 15:10:00+05:30,59074.45,59089.1,58917.0,58926.55,0
2026-03-05 15:15:00+05:30,58930.7,59040.25,58922.2,58926.85,0
2026-03-05 15:20:00+05:30,58929.7,58949.15,58885.1,58916.25,0
2026-03-05 15:25:00+05:30,58918.5,59000.9,58911.8,58970.25,0
2026-03-06 09:15:00+05:30,58629.6,58807.15,58521.7,58534.65,0
2026-03-06 09:20:00+05:30,58528.3,58568.4,58495.25,58527.95,0
2026-03-06 09:25:00+05:30,58528.25,58575.8,58515.1,58571.45,0
2026-03-06 09:30:00+05:30,58570.15,58614.05,58499.9,58502.1,0
2026-03-06 09:35:00+05:30,58504.25,58570.85,58456.7,58508.2,0
2026-03-06 09:40:00+05:30,58508.8,58607.8,58487.35,58605.55,0
2026-03-06 09:45:00+05:30,58602.9,58666.8,58566.15,58574.6,0
2026-03-06 09:50:00+05:30,58572.6,58598.1,58516.9,58517.95,0
2026-03-06 09:55:00+05:30,58517.75,58542.05,58487.35,58495.25,0
2026-03-06 10:00:00+05:30,58486.95,58518.2,58412.5,58448.5,0
2026-03-06 10:05:00+05:30,58448.35,58506.65,58406.85,58480.25,0
2026-03-06 10:10:00+05:30,58479.0,58491.4,58445.3,58445.65,0
2026-03-06 10:15:00+05:30,58441.55,58480.9,58430.5,58467.55,0
2026-03-06 10:20:00+05:30,58469.95,58469.95,58424.45,58442.2,0
2026-03-06 10:25:00+05:30,58442.9,58467.45,58382.2,58405.6,0
2026-03-06 10:30:00+05:30,58404.0,58410.05,58356.9,58361.7,0
2026-03-06 10:35:00+05:30,58361.4,58426.0,58336.25,58402.8,0
2026-03-06 10:40:00+05:30,58405.45,58427.0,58380.55,58413.25,0
2026-03-06 10:45:00+05:30,58413.7,58431.25,58346.35,58347.55,0
2026-03-06 10:50:00+05:30,58347.7,58422.2,58332.7,58387.9,0
2026-03-06 10:55:00+05:30,58389.3,58389.8,58363.95,58372.4,0
2026-03-06 11:00:00+05:30,58378.9,58431.25,58353.65,58425.0,0
2026-03-06 11:05:00+05:30,58425.15,58468.7,58416.75,58429.7,0
2026-03-06 11:10:00+05:30,58433.4,58435.3,58350.7,58368.75,0
2026-03-06 11:15:00+05:30,58369.15,58378.65,58303.6,58340.15,0
2026-03-06 11:20:00+05:30,58340.7,58386.9,58334.3,58340.45,0
2026-03-06 11:25:00+05:30,58349.45,58358.5,58326.5,58353.35,0
2026-03-06 11:30:00+05:30,58350.25,58377.65,58329.8,58377.45,0
2026-03-06 11:35:00+05:30,58374.55,58418.85,58370.3,58411.05,0
2026-03-06 11:40:00+05:30,58411.5,58456.1,58371.25,58376.9,0
2026-03-06 11:45:00+05:30,58375.65,58406.15,58366.15,58390.1,0
2026-03-06 11:50:00+05:30,58389.45,58393.2,58340.05,58352.15,0
2026-03-06 11:55:00+05:30,58351.2,58370.55,58333.3,58337.9,0
2026-03-06 12:00:00+05:30,58337.4,58337.6,58291.25,58294.3,0
2026-03-06 12:05:00+05:30,58295.35,58374.3,58289.5,58366.5,0
2026-03-06 12:10:00+05:30,58364.0,58382.45,58331.75,58331.75,0
2026-03-06 12:15:00+05:30,58336.05,58364.2,58325.65,58341.45,0
2026-03-06 12:20:00+05:30,58342.15,58347.9,58313.85,58342.4,0
2026-03-06 12:25:00+05:30,58344.45,58348.5,58235.35,58237.8,0
2026-03-06 12:30:00+05:30,58239.15,58281.9,58239.05,58265.9,0
2026-03-06 12:35:00+05:30,58267.75,58275.4,58252.05,58255.55,0
2026-03-06 12:40:00+05:30,58257.05,58317.8,58240.95,58303.85,0
2026-03-06 12:45:00+05:30,58304.1,58319.05,58272.65,58303.0,0
2026-03-06 12:50:00+05:30,58305.3,58321.4,58275.15,58279.95,0
2026-03-06 12:55:00+05:30,58278.4,58307.1,58261.0,58296.3,0
2026-03-06 13:00:00+05:30,58296.2,58322.85,58251.45,58281.7,0
2026-03-06 13:05:00+05:30,58280.35,58281.25,58242.95,58248.8,0
2026-03-06 13:10:00+05:30,58250.95,58277.85,58247.4,58264.85,0
2026-03-06 13:15:00+05:30,58262.95,58269.8,58249.95,58257.5,0
2026-03-06 13:20:00+05:30,58259.0,58322.5,58246.45,58289.4,0
2026-03-06 13:25:00+05:30,58290.1,58300.8,58266.05,58279.2,0
2026-03-06 13:30:00+05:30,58279.15,58298.6,58230.65,58246.75,0
2026-03-06 13:35:00+05:30,58247.95,58346.75,58223.2,58282.55,0
2026-03-06 13:40:00+05:30,58283.9,58305.85,58256.25,58260.1,0
2026-03-06 13:45:00+05:30,58262.0,58263.8,58211.85,58244.5,0
2026-03-06 13:50:00+05:30,58240.9,58286.1,58225.2,58237.3,0
2026-03-06 13:55:00+05:30,58233.3,58236.95,58195.1,58201.5,0
2026-03-06 14:00:00+05:30,58202.35,58238.05,58156.25,58193.35,0
2026-03-06 14:05:00+05:30,58189.65,58244.3,58168.1,58239.95,0
2026-03-06 14:10:00+05:30,58236.05,58287.9,58234.4,58240.0,0
2026-03-06 14:15:00+05:30,58241.25,58291.25,58237.65,58277.9,0
2026-03-06 14:20:00+05:30,58280.95,58287.3,58259.55,58282.65,0
2026-03-06 14:25:00+05:30,58286.1,58295.4,58221.15,58231.85,0
2026-03-06 14:30:00+05:30,58230.9,58245.8,58203.45,58212.1,0
2026-03-06 14:35:00+05:30,58209.3,58213.05,58133.85,58145.35,0
2026-03-06 14:40:00+05:30,58143.75,58144.45,58053.55,58068.5,0
2026-03-06 14:45:00+05:30,58067.7,58134.45,57871.05,57958.5,0
2026-03-06 14:50:00+05:30,57956.3,58065.75,57944.5,58008.45,0
2026-03-06 14:55:00+05:30,58009.25,58013.35,57930.9,57930.9,0
2026-03-06 15:00:00+05:30,57932.2,57947.75,57859.5,57872.45,0
2026-03-06 15:05:00+05:30,57873.4,57873.4,57796.9,57839.15,0
2026-03-06 15:10:00+05:30,57842.2,57852.35,57727.8,57747.55,0
2026-03-06 15:15:00+05:30,57751.25,57759.55,57696.4,57727.55,0
2026-03-06 15:20:00+05:30,57726.3,57796.3,57726.3,57759.75,0
2026-03-06 15:25:00+05:30,57757.5,57798.8,57728.55,57782.4,0
2026-03-09 09:15:00+05:30,56121.4,56274.15,55517.65,55608.95,0
2026-03-09 09:20:00+05:30,55605.25,55639.3,55397.95,55407.9,0
2026-03-09 09:25:00+05:30,55406.15,55418.75,55272.75,55409.3,0
2026-03-09 09:30:00+05:30,55410.25,55627.75,55401.95,55531.1,0
2026-03-09 09:35:00+05:30,55528.3,55559.25,55478.7,55536.95,0
2026-03-09 09:40:00+05:30,55537.45,55551.45,55370.3,55370.3,0
2026-03-09 09:45:00+05:30,55372.55,55480.7,55270.6,55444.15,0
2026-03-09 09:50:00+05:30,55440.4,55503.25,55383.5,55456.4,0
2026-03-09 09:55:00+05:30,55450.2,55475.25,55425.6,55432.3,0
2026-03-09 10:00:00+05:30,55432.2,55464.3,55323.7,55373.15,0
2026-03-09 10:05:00+05:30,55373.3,55530.1,55363.2,55525.05,0
2026-03-09 10:10:00+05:30,55522.55,55586.8,55502.1,55522.4,0
2026-03-09 10:15:00+05:30,55518.05,55518.05,55386.75,55410.55,0
2026-03-09 10:20:00+05:30,55405.4,55490.55,55394.5,55418.55,0
2026-03-09 10:25:00+05:30,55416.85,55430.75,55346.85,55414.0,0
2026-03-09 10:30:00+05:30,55414.45,55424.85,55279.15,55280.1,0
2026-03-09 10:35:00+05:30,55284.65,55432.35,55276.4,55353.95,0
2026-03-09 10:40:00+05:30,55351.8,55384.1,55307.2,55366.85,0
2026-03-09 10:45:00+05:30,55364.45,55367.55,55297.25,55318.35,0
2026-03-09 10:50:00+05:30,55315.8,55735.15,55299.75,55685.1,0
2026-03-09 10:55:00+05:30,55679.35,55832.15,55636.25,55772.7,0
2026-03-09 11:00:00+05:30,55788.1,55805.55,55668.55,55724.0,0
2026-03-09 11:05:00+05:30,55719.45,55739.35,55632.05,55637.25,0
2026-03-09 11:10:00+05:30,55636.4,55646.25,55499.0,55605.45,0
2026-03-09 11:15:00+05:30,55607.0,55675.35,55542.7,55668.55,0
2026-03-09 11:20:00+05:30,55670.1,55793.5,55667.4,55732.05,0
2026-03-09 11:25:00+05:30,55731.25,55847.2,55697.85,55816.9,0
2026-03-09 11:30:00+05:30,55821.3,55901.6,55790.85,55834.55,0
2026-03-09 11:35:00+05:30,55831.75,55877.85,55812.6,55865.2,0
2026-03-09 11:40:00+05:30,55863.4,55952.75,55820.2,55824.3,0
2026-03-09 11:45:00+05:30,55825.65,55845.0,55734.8,55763.55,0
2026-03-09 11:50:00+05:30,55762.75,55785.55,55737.8,55775.8,0
2026-03-09 11:55:00+05:30,55778.55,55787.55,55734.45,55746.5,0
2026-03-09 12:00:00+05:30,55748.75,55751.7,55671.7,55730.95,0
2026-03-09 12:05:00+05:30,55729.1,55742.45,55663.6,55663.75,0
2026-03-09 12:10:00+05:30,55661.75,55737.45,55635.1,55687.85,0
2026-03-09 12:15:00+05:30,55686.65,55739.1,55663.25,55668.95,0
2026-03-09 12:20:00+05:30,55671.9,55694.7,55629.1,55694.7,0
2026-03-09 12:25:00+05:30,55693.55,55706.8,55666.9,55690.65,0
2026-03-09 12:30:00+05:30,55692.8,55726.95,55646.45,55646.45,0
2026-03-09 12:35:00+05:30,55645.7,55743.65,55627.85,55731.1,0
2026-03-09 12:40:00+05:30,55726.45,55774.05,55684.7,55739.45,0
2026-03-09 12:45:00+05:30,55738.35,55769.25,55660.85,55676.15,0
2026-03-09 12:50:00+05:30,55672.65,55757.25,55670.8,55756.0,0
2026-03-09 12:55:00+05:30,55754.4,55821.85,55710.55,55808.45,0
2026-03-09 13:00:00+05:30,55805.9,55837.25,55752.9,55818.8,0
2026-03-09 13:05:00+05:30,55813.6,55826.05,55743.25,55753.2,0
2026-03-09 13:10:00+05:30,55754.45,55756.45,55653.7,55690.65,0
2026-03-09 13:15:00+05:30,55689.2,55717.95,55642.2,55684.8,0
2026-03-09 13:20:00+05:30,55687.1,55781.2,55670.3,55676.2,0
2026-03-09 13:25:00+05:30,55680.85,55792.05,55661.85,55723.05,0
2026-03-09 13:30:00+05:30,55726.85,55894.9,55726.85,55836.4,0
2026-03-09 13:35:00+05:30,55835.35,55854.55,55781.85,55834.65,0
2026-03-09 13:40:00+05:30,55834.45,55861.9,55803.75,55828.95,0
2026-03-09 13:45:00+05:30,55824.15,55828.65,55742.8,55748.4,0
2026-03-09 13:50:00+05:30,55750.55,55797.2,55738.05,55771.55,0
2026-03-09 13:55:00+05:30,55771.85,55793.8,55694.95,55700.65,0
2026-03-09 14:00:00+05:30,55701.75,55712.75,55644.95,55684.4,0
2026-03-09 14:05:00+05:30,55684.95,55714.5,55652.7,55690.45,0
2026-03-09 14:10:00+05:30,55688.3,55718.55,55642.1,55647.65,0
2026-03-09 14:15:00+05:30,55662.0,55669.55,55601.45,55624.2,0
2026-03-09 14:20:00+05:30,55618.9,55710.6,55596.15,55692.7,0
2026-03-09 14:25:00+05:30,55692.65,55752.0,55681.65,55704.15,0
2026-03-09 14:30:00+05:30,55701.5,55753.5,55678.6,55689.35,0
2026-03-09 14:35:00+05:30,55685.5,55752.7,55653.9,55748.65,0
2026-03-09 14:40:00+05:30,55747.85,55838.95,55714.85,55792.7,0
2026-03-09 14:45:00+05:30,55791.75,55971.75,55767.0,55884.2,0
2026-03-09 14:50:00+05:30,55891.55,55955.55,55846.05,55953.1,0
2026-03-09 14:55:00+05:30,55953.7,55971.9,55893.15,55936.25,0
2026-03-09 15:00:00+05:30,55936.1,56028.7,55858.35,56009.2,0
2026-03-09 15:05:00+05:30,56012.1,56063.95,55963.85,55993.4,0
2026-03-09 15:10:00+05:30,55996.25,56094.0,55973.9,56082.5,0
2026-03-09 15:15:00+05:30,56084.5,56097.5,56022.6,56057.5,0
2026-03-09 15:20:00+05:30,56059.45,56059.45,55994.8,56038.2,0
2026-03-09 15:25:00+05:30,56039.4,56055.15,55987.95,55998.6,0
2026-03-10 09:15:00+05:30,56583.85,56745.65,56526.3,56550.45,0
2026-03-10 09:20:00+05:30,56548.8,56567.15,56445.55,56469.1,0
2026-03-10 09:25:00+05:30,56471.9,56594.85,56387.85,56568.05,0
2026-03-10 09:30:00+05:30,56575.95,56593.0,56480.75,56514.7,0
2026-03-10 09:35:00+05:30,56515.5,56515.7,56416.65,56426.45,0
2026-03-10 09:40:00+05:30,56421.3,56547.65,56387.2,56546.85,0
2026-03-10 09:45:00+05:30,56546.4,56577.7,56499.05,56527.2,0
2026-03-10 09:50:00+05:30,56527.85,56566.35,56495.7,56550.15,0
2026-03-10 09:55:00+05:30,56552.7,56552.7,56429.65,56467.9,0
2026-03-10 10:00:00+05:30,56463.8,56582.75,56460.2,56576.35,0
2026-03-10 10:05:00+05:30,56578.35,56605.7,56543.5,56586.3,0
2026-03-10 10:10:00+05:30,56586.65,56676.35,56562.85,56659.0,0
2026-03-10 10:15:00+05:30,56658.75,56861.0,56655.15,56849.65,0
2026-03-10 10:20:00+05:30,56848.4,56861.95,56706.15,56743.5,0
2026-03-10 10:25:00+05:30,56745.25,56773.65,56708.05,56737.3,0
2026-03-10 10:30:00+05:30,56736.5,56835.85,56725.45,56805.8,0
2026-03-10 10:35:00+05:30,56809.5,56826.25,56781.85,56807.15,0
2026-03-10 10:40:00+05:30,56808.3,56905.55,56804.1,56871.5,0
2026-03-10 10:45:00+05:30,56869.7,56941.5,56868.95,56912.3,0
2026-03-10 10:50:00+05:30,56912.75,56933.2,56796.8,56817.8,0
2026-03-10 10:55:00+05:30,56818.05,56835.65,56776.05,56806.2,0
2026-03-10 11:00:00+05:30,56804.95,56837.8,56773.15,56818.2,0
2026-03-10 11:05:00+05:30,56817.3,56866.4,56801.85,56862.3,0
2026-03-10 11:10:00+05:30,56862.45,56875.65,56838.7,56870.05,0
2026-03-10 11:15:00+05:30,56872.6,56914.3,56829.75,56841.5,0
2026-03-10 11:20:00+05:30,56849.6,56904.5,56824.9,56901.65,0
2026-03-10 11:25:00+05:30,56900.5,56935.05,56854.6,56894.9,0
2026-03-10 11:30:00+05:30,56896.8,56955.95,56882.7,56953.45,0
2026-03-10 11:35:00+05:30,56955.35,56987.8,56938.5,56970.05,0
2026-03-10 11:40:00+05:30,56969.5,56990.9,56961.8,56977.65,0
2026-03-10 11:45:00+05:30,56974.65,56986.7,56850.0,56851.9,0
2026-03-10 11:50:00+05:30,56853.05,56898.0,56817.95,56895.4,0
2026-03-10 11:55:00+05:30,56893.4,56918.55,56836.85,56888.6,0
2026-03-10 12:00:00+05:30,56887.35,56924.15,56876.3,56909.8,0
2026-03-10 12:05:00+05:30,56910.45,56952.15,56869.55,56872.85,0
2026-03-10 12:10:00+05:30,56868.95,56900.35,56776.7,56780.05,0
2026-03-10 12:15:00+05:30,56778.1,56826.2,56735.15,56812.7,0
2026-03-10 12:20:00+05:30,56812.8,56823.1,56675.85,56688.95,0
2026-03-10 12:25:00+05:30,56692.5,56717.45,56658.65,56701.45,0
2026-03-10 12:30:00+05:30,56699.5,56719.05,56670.05,56707.65,0
2026-03-10 12:35:00+05:30,56708.75,56778.45,56699.15,56704.85,0
2026-03-10 12:40:00+05:30,56702.25,56736.85,56688.15,56710.0,0
2026-03-10 12:45:00+05:30,56707.5,56820.5,56696.75,56818.25,0
2026-03-10 12:50:00+05:30,56820.7,56889.2,56790.5,56886.85,0
2026-03-10 12:55:00+05:30,56886.0,56932.6,56865.35,56895.65,0
2026-03-10 13:00:00+05:30,56893.4,56929.75,56872.3,56920.6,0
2026-03-10 13:05:00+05:30,56920.05,56922.75,56821.0,56841.05,0
2026-03-10 13:10:00+05:30,56830.8,56865.35,56783.5,56824.35,0
2026-03-10 13:15:00+05:30,56828.5,56841.85,56795.0,56835.4,0
2026-03-10 13:20:00+05:30,56838.95,56853.95,56745.95,56771.95,0
2026-03-10 13:25:00+05:30,56768.2,56817.55,56757.0,56817.3,0
2026-03-10 13:30:00+05:30,56816.95,56888.95,56816.85,56874.9,0
2026-03-10 13:35:00+05:30,56872.85,56955.45,56831.8,56927.65,0
2026-03-10 13:40:00+05:30,56925.85,56935.9,56878.25,56893.15,0
2026-03-10 13:45:00+05:30,56889.8,56907.75,56861.05,56903.5,0
2026-03-10 13:50:00+05:30,56904.5,56957.25,56897.3,56924.6,0
2026-03-10 13:55:00+05:30,56924.2,56938.6,56891.65,56899.05,0
2026-03-10 14:00:00+05:30,56897.45,56911.0,56852.45,56911.0,0
2026-03-10 14:05:00+05:30,56907.55,57033.45,56889.2,56988.7,0
2026-03-10 14:10:00+05:30,56987.85,57086.45,56985.35,57082.9,0
2026-03-10 14:15:00+05:30,57081.5,57097.05,56953.9,56979.0,0
2026-03-10 14:20:00+05:30,56976.75,56980.35,56893.9,56924.25,0
2026-03-10 14:25:00+05:30,56921.45,56950.7,56878.95,56922.4,0
2026-03-10 14:30:00+05:30,56924.35,56932.05,56790.95,56835.05,0
2026-03-10 14:35:00+05:30,56836.75,56910.9,56833.4,56868.7,0
2026-03-10 14:40:00+05:30,56874.6,56886.3,56811.75,56870.65,0
2026-03-10 14:45:00+05:30,56875.1,56921.8,56808.45,56912.4,0
2026-03-10 14:50:00+05:30,56915.85,56960.3,56876.0,56937.95,0
2026-03-10 14:55:00+05:30,56935.45,56946.15,56903.95,56946.1,0
2026-03-10 15:00:00+05:30,56947.15,56950.55,56851.1,56932.1,0
2026-03-10 15:05:00+05:30,56928.1,56973.05,56919.1,56933.85,0
2026-03-10 15:10:00+05:30,56933.0,56976.95,56905.8,56925.55,0
2026-03-10 15:15:00+05:30,56923.2,56990.8,56921.9,56975.5,0
2026-03-10 15:20:00+05:30,56969.4,57036.0,56928.45,57027.3,0
2026-03-10 15:25:00+05:30,57026.95,57071.35,56972.8,57002.1,0
2026-03-11 09:15:00+05:30,56790.4,56938.4,56714.5,56795.6,0
2026-03-11 09:20:00+05:30,56800.3,56862.85,56695.6,56703.25,0
2026-03-11 09:25:00+05:30,56700.25,56736.35,56642.75,56683.95,0
2026-03-11 09:30:00+05:30,56683.25,56687.15,56605.15,56679.35,0
2026-03-11 09:35:00+05:30,56678.35,56690.2,56611.25,56650.9,0
2026-03-11 09:40:00+05:30,56651.95,56685.95,56620.45,56664.0,0
2026-03-11 09:45:00+05:30,56664.3,56729.45,56646.6,56709.35,0
2026-03-11 09:50:00+05:30,56710.2,56728.55,56610.0,56612.2,0
2026-03-11 09:55:00+05:30,56612.55,56667.45,56583.85,56630.6,0
2026-03-11 10:00:00+05:30,56631.55,56645.4,56588.1,56644.4,0
2026-03-11 10:05:00+05:30,56642.05,56642.7,56557.3,56561.5,0
2026-03-11 10:10:00+05:30,56561.15,56574.85,56517.0,56541.7,0
2026-03-11 10:15:00+05:30,56541.85,56584.45,56524.8,56575.9,0
2026-03-11 10:20:00+05:30,56574.15,56578.3,56506.55,56551.9,0
2026-03-11 10:25:00+05:30,56553.0,56571.8,56523.7,56551.0,0
2026-03-11 10:30:00+05:30,56547.55,56559.0,56494.65,56519.9,0
2026-03-11 10:35:00+05:30,56518.0,56527.2,56388.8,56391.3,0
2026-03-11 10:40:00+05:30,56391.75,56416.05,56365.95,56386.9,0
2026-03-11 10:45:00+05:30,56386.6,56400.15,56312.25,56390.35,0
2026-03-11 10:50:00+05:30,56385.75,56408.05,56366.05,56382.25,0
2026-03-11 10:55:00+05:30,56383.55,56437.1,56372.7,56425.15,0
2026-03-11 11:00:00+05:30,56424.05,56456.1,56386.65,56453.4,0
2026-03-11 11:05:00+05:30,56453.95,56456.3,56391.4,56396.6,0
2026-03-11 11:10:00+05:30,56399.55,56399.55,56306.9,56335.65,0
2026-03-11 11:15:00+05:30,56337.4,56337.55,56218.1,56226.8,0
2026-03-11 11:20:00+05:30,56229.75,56229.75,56113.3,56116.1,0
2026-03-11 11:25:00+05:30,56118.9,56171.75,56112.6,56165.1,0
2026-03-11 11:30:00+05:30,56166.8,56169.35,56044.35,56065.6,0
2026-03-11 11:35:00+05:30,56065.45,56126.2,56022.15,56086.2,0
2026-03-11 11:40:00+05:30,56087.8,56108.55,56051.75,56107.45,0
2026-03-11 11:45:00+05:30,56109.0,56119.85,56061.85,56067.4,0
2026-03-11 11:50:00+05:30,56069.65,56089.2,56015.4,56083.2,0
2026-03-11 11:55:00+05:30,56086.4,56087.65,56030.2,56058.2,0
2026-03-11 12:00:00+05:30,56058.6,56138.9,56045.8,56131.35,0
2026-03-11 12:05:00+05:30,56134.25,56139.05,56065.95,56089.05,0
2026-03-11 12:10:00+05:30,56089.15,56141.25,56087.2,56110.45,0
2026-03-11 12:15:00+05:30,56113.2,56138.55,56098.7,56112.2,0
2026-03-11 12:20:00+05:30,56112.95,56139.65,56093.05,56121.35,0
2026-03-11 12:25:00+05:30,56120.8,56127.1,56090.15,56113.75,0
2026-03-11 12:30:00+05:30,56116.7,56165.7,56052.55,56068.5,0
2026-03-11 12:35:00+05:30,56069.65,56088.65,56008.6,56015.7,0
2026-03-11 12:40:00+05:30,56019.7,56130.05,56005.5,56123.05,0
2026-03-11 12:45:00+05:30,56127.7,56127.9,56059.0,56097.0,0
2026-03-11 12:50:00+05:30,56103.65,56138.3,56084.1,56097.15,0
2026-03-11 12:55:00+05:30,56097.7,56110.55,56055.25,56056.55,0
2026-03-11 13:00:00+05:30,56054.7,56087.95,56022.1,56042.25,0
2026-03-11 13:05:00+05:30,56044.2,56076.75,56031.75,56061.0,0
2026-03-11 13:10:00+05:30,56063.15,56063.35,55943.5,55952.25,0
2026-03-11 13:15:00+05:30,55958.3,55964.9,55897.9,55960.75,0
2026-03-11 13:20:00+05:30,55961.3,56031.05,55935.45,56026.75,0
2026-03-11 13:25:00+05:30,56027.45,56064.45,56008.0,56064.4,0
2026-03-11 13:30:00+05:30,56062.15,56125.05,56017.2,56023.0,0
2026-03-11 13:35:00+05:30,56025.2,56052.85,55989.95,55994.65,0
2026-03-11 13:40:00+05:30,55994.45,56023.05,55973.4,55988.6,0
2026-03-11 13:45:00+05:30,55989.45,55998.2,55935.45,55974.35,0
2026-03-11 13:50:00+05:30,55974.45,56019.25,55950.3,56005.2,0
2026-03-11 13:55:00+05:30,56007.45,56031.25,55978.35,56027.1,0
2026-03-11 14:00:00+05:30,56029.2,56034.0,55967.9,55998.05,0
2026-03-11 14:05:00+05:30,55999.65,56004.5,55933.9,55937.7,0
2026-03-11 14:10:00+05:30,55934.6,55961.45,55926.7,55950.7,0
2026-03-11 14:15:00+05:30,55950.85,55961.9,55874.6,55912.0,0
2026-03-11 14:20:00+05:30,55915.35,55948.9,55868.6,55868.6,0
2026-03-11 14:25:00+05:30,55869.3,56064.8,55845.1,56064.2,0
2026-03-11 14:30:00+05:30,56066.45,56076.85,55910.75,55910.75,0
2026-03-11 14:35:00+05:30,55911.5,55953.95,55903.85,55950.25,0
2026-03-11 14:40:00+05:30,55951.4,55951.4,55905.1,55921.3,0
2026-03-11 14:45:00+05:30,55923.7,55938.35,55901.45,55904.75,0
2026-03-11 14:50:00+05:30,55908.65,55928.75,55868.85,55908.7,0
2026-03-11 14:55:00+05:30,55908.6,55910.35,55796.55,55801.45,0
2026-03-11 15:00:00+05:30,55802.45,55892.0,55802.25,55817.15,0
2026-03-11 15:05:00+05:30,55820.85,55835.4,55712.15,55784.35,0
2026-03-11 15:10:00+05:30,55783.3,55805.45,55727.6,55741.8,0
2026-03-11 15:15:00+05:30,55747.85,55797.7,55703.85,55779.45,0
2026-03-11 15:20:00+05:30,55779.6,55788.2,55717.55,55733.6,0
2026-03-11 15:25:00+05:30,55734.05,55749.45,55631.95,55666.4,0
2026-03-12 09:15:00+05:30,55008.2,55067.35,54760.55,54802.65,0
2026-03-12 09:20:00+05:30,54797.9,54937.95,54780.6,54937.95,0
2026-03-12 09:25:00+05:30,54945.7,55010.5,54912.05,55009.55,0
2026-03-12 09:30:00+05:30,55014.35,55042.4,54953.95,55023.6,0
2026-03-12 09:35:00+05:30,55027.2,55028.0,54898.15,54905.0,0
2026-03-12 09:40:00+05:30,54902.0,54981.85,54893.8,54964.05,0
2026-03-12 09:45:00+05:30,54971.2,55012.3,54923.75,55001.95,0
2026-03-12 09:50:00+05:30,55002.75,55099.65,54978.6,55098.35,0
2026-03-12 09:55:00+05:30,55099.0,55235.35,55073.25,55232.75,0
2026-03-12 10:00:00+05:30,55236.75,55239.1,55163.4,55201.2,0
2026-03-12 10:05:00+05:30,55204.35,55204.35,55050.05,55070.65,0
2026-03-12 10:10:00+05:30,55080.75,55113.45,54988.75,55013.25,0
2026-03-12 10:15:00+05:30,55013.15,55056.45,54975.25,55042.25,0
2026-03-12 10:20:00+05:30,55044.7,55101.15,55000.65,55022.6,0
2026-03-12 10:25:00+05:30,55030.95,55186.6,55029.25,55182.25,0
2026-03-12 10:30:00+05:30,55180.4,55231.2,55078.3,55217.5,0
2026-03-12 10:35:00+05:30,55216.0,55301.75,55191.3,55285.0,0
2026-03-12 10:40:00+05:30,55286.8,55298.75,55173.25,55194.8,0
2026-03-12 10:45:00+05:30,55191.0,55229.3,55179.55,55208.0,0
2026-03-12 10:50:00+05:30,55196.9,55231.7,55132.5,55191.25,0
2026-03-12 10:55:00+05:30,55182.6,55308.4,55144.55,55298.85,0
2026-03-12 11:00:00+05:30,55296.65,55357.05,55277.15,55353.95,0
2026-03-12 11:05:00+05:30,55353.15,55372.65,55251.1,55261.95,0
2026-03-12 11:10:00+05:30,55260.55,55324.15,55254.8,55267.7,0
2026-03-12 11:15:00+05:30,55267.0,55295.95,55094.3,55145.65,0
2026-03-12 11:20:00+05:30,55146.0,55146.45,55053.35,55126.65,0
2026-03-12 11:25:00+05:30,55130.25,55173.85,55104.95,55141.1,0
2026-03-12 11:30:00+05:30,55140.2,55142.5,55071.85,55121.55,0
2026-03-12 11:35:00+05:30,55118.8,55127.35,55085.0,55126.95,0
2026-03-12 11:40:00+05:30,55123.95,55162.15,55099.05,55121.0,0
2026-03-12 11:45:00+05:30,55121.1,55150.4,55057.7,55064.95,0
2026-03-12 11:50:00+05:30,55060.8,55106.9,55047.5,55094.35,0
2026-03-12 11:55:00+05:30,55095.55,55198.1,55087.35,55183.0,0
2026-03-12 12:00:00+05:30,55181.35,55222.85,55177.85,55201.75,0
2026-03-12 12:05:00+05:30,55204.15,55213.9,55138.1,55160.7,0
2026-03-12 12:10:00+05:30,55163.15,55240.05,55124.3,55232.95,0
2026-03-12 12:15:00+05:30,55236.25,55241.55,55189.75,55203.85,0
2026-03-12 12:20:00+05:30,55206.75,55316.65,55200.55,55289.1,0
2026-03-12 12:25:00+05:30,55292.45,55335.15,55238.55,55271.1,0
2026-03-12 12:30:00+05:30,55268.5,55285.45,55219.55,55224.35,0
2026-03-12 12:35:00+05:30,55222.1,55226.95,55134.7,55162.85,0
2026-03-12 12:40:00+05:30,55166.4,55204.9,55140.05,55200.9,0
2026-03-12 12:45:00+05:30,55201.6,55237.05,55180.55,55192.65,0
2026-03-12 12:50:00+05:30,55195.2,55208.5,55137.1,55150.15,0
2026-03-12 12:55:00+05:30,55153.95,55199.8,55136.2,55174.3,0
2026-03-12 13:00:00+05:30,55174.75,55183.65,55125.7,55165.65,0
2026-03-12 13:05:00+05:30,55164.3,55165.1,55065.35,55112.7,0
2026-03-12 13:10:00+05:30,55115.4,55205.3,55091.1,55196.25,0
2026-03-12 13:15:00+05:30,55204.45,55208.6,55168.05,55189.1,0
2026-03-12 13:20:00+05:30,55193.15,55338.65,55179.65,55331.15,0
2026-03-12 13:25:00+05:30,55331.4,55427.5,55314.3,55409.65,0
2026-03-12 13:30:00+05:30,55408.75,55532.0,55408.75,55497.35,0
2026-03-12 13:35:00+05:30,55495.9,55528.15,55473.25,55525.05,0
2026-03-12 13:40:00+05:30,55531.8,55636.95,55484.1,55514.4,0
2026-03-12 13:45:00+05:30,55513.75,55548.5,55467.45,55506.45,0
2026-03-12 13:50:00+05:30,55508.4,55526.8,55428.8,55456.35,0
2026-03-12 13:55:00+05:30,55453.35,55454.3,55347.8,55353.25,0
2026-03-12 14:00:00+05:30,55358.2,55407.95,55337.15,55393.9,0
2026-03-12 14:05:00+05:30,55394.15,55444.5,55281.4,55289.3,0
2026-03-12 14:10:00+05:30,55287.85,55393.0,55243.1,55368.3,0
2026-03-12 14:15:00+05:30,55369.8,55418.15,55327.25,55395.3,0
2026-03-12 14:20:00+05:30,55397.25,55429.95,55370.8,55382.6,0
2026-03-12 14:25:00+05:30,55385.35,55408.8,55310.5,55316.4,0
2026-03-12 14:30:00+05:30,55314.75,55372.6,55294.8,55348.9,0
2026-03-12 14:35:00+05:30,55347.65,55357.6,55296.85,55303.6,0
2026-03-12 14:40:00+05:30,55302.95,55306.2,55162.3,55175.1,0
2026-03-12 14:45:00+05:30,55175.9,55205.85,55136.3,55188.5,0
2026-03-12 14:50:00+05:30,55187.1,55191.55,55010.75,55066.35,0
2026-03-12 14:55:00+05:30,55066.15,55106.6,55033.95,55090.1,0
2026-03-12 15:00:00+05:30,55087.5,55132.95,54997.0,55132.95,0
2026-03-12 15:05:00+05:30,55133.2,55171.1,55080.8,55171.1,0
2026-03-12 15:10:00+05:30,55160.85,55213.7,55053.45,55064.75,0
2026-03-12 15:15:00+05:30,55067.9,55151.95,55062.15,55130.05,0
2026-03-12 15:20:00+05:30,55131.15,55135.55,55088.55,55120.35,0
2026-03-12 15:25:00+05:30,55119.8,55149.55,55104.25,55133.6,0
2026-03-13 09:15:00+05:30,54592.05,54713.75,54496.9,54528.25,0
2026-03-13 09:20:00+05:30,54529.8,54531.05,54415.35,54430.5,0
2026-03-13 09:25:00+05:30,54437.55,54537.45,54361.6,54503.9,0
2026-03-13 09:30:00+05:30,54509.25,54543.6,54469.95,54496.8,0
2026-03-13 09:35:00+05:30,54502.45,54524.05,54446.1,54486.2,0
2026-03-13 09:40:00+05:30,54489.45,54503.9,54407.4,54412.85,0
2026-03-13 09:45:00+05:30,54416.25,54417.5,54263.3,54282.3,0
2026-03-13 09:50:00+05:30,54281.35,54281.9,54183.8,54231.25,0
2026-03-13 09:55:00+05:30,54233.05,54258.35,54132.9,54136.15,0
2026-03-13 10:00:00+05:30,54137.05,54208.45,54129.0,54205.4,0
2026-03-13 10:05:00+05:30,54206.2,54206.2,54117.9,54158.15,0
2026-03-13 10:10:00+05:30,54159.6,54191.5,54115.2,54148.15,0
2026-03-13 10:15:00+05:30,54154.3,54178.05,54074.25,54075.3,0
2026-03-13 10:20:00+05:30,54075.2,54090.1,54009.55,54044.3,0
2026-03-13 10:25:00+05:30,54045.7,54118.45,54029.95,54104.7,0
2026-03-13 10:30:00+05:30,54106.65,54129.5,54021.15,54024.65,0
2026-03-13 10:35:00+05:30,54027.4,54066.9,54010.6,54062.35,0
2026-03-13 10:40:00+05:30,54065.25,54065.25,53990.05,54028.95,0
2026-03-13 10:45:00+05:30,54031.3,54048.05,53962.35,54018.25,0
2026-03-13 10:50:00+05:30,54015.0,54178.95,54013.5,54136.75,0
2026-03-13 10:55:00+05:30,54142.9,54157.75,54098.55,54157.75,0
2026-03-13 11:00:00+05:30,54160.05,54160.45,54085.95,54102.2,0
2026-03-13 11:05:00+05:30,54099.3,54109.15,54058.75,54068.4,0
2026-03-13 11:10:00+05:30,54066.55,54088.15,54050.5,54057.35,0
2026-03-13 11:15:00+05:30,54053.1,54074.55,54014.05,54056.85,0
2026-03-13 11:20:00+05:30,54054.35,54091.4,54034.05,54056.35,0
2026-03-13 11:25:00+05:30,54058.6,54197.7,54048.8,54197.3,0
2026-03-13 11:30:00+05:30,54197.05,54252.5,54158.35,54225.7,0
2026-03-13 11:35:00+05:30,54227.75,54256.05,54183.1,54245.55,0
2026-03-13 11:40:00+05:30,54249.3,54270.2,54205.85,54234.55,0
2026-03-13 11:45:00+05:30,54241.2,54244.6,54179.7,54219.8,0
2026-03-13 11:50:00+05:30,54213.55,54251.4,54189.1,54213.95,0
2026-03-13 11:55:00+05:30,54215.9,54217.75,54118.8,54126.4,0
2026-03-13 12:00:00+05:30,54125.6,54133.8,54049.6,54079.05,0
2026-03-13 12:05:00+05:30,54084.55,54115.7,54065.5,54092.75,0
2026-03-13 12:10:00+05:30,54098.3,54103.7,54066.75,54079.45,0
2026-03-13 12:15:00+05:30,54084.35,54090.75,54040.9,54040.9,0
2026-03-13 12:20:00+05:30,54044.45,54044.45,53899.3,53899.4,0
2026-03-13 12:25:00+05:30,53905.6,53959.6,53872.45,53935.1,0
2026-03-13 12:30:00+05:30,53938.75,53940.8,53782.45,53835.8,0
2026-03-13 12:35:00+05:30,53843.7,53869.7,53800.2,53819.2,0
2026-03-13 12:40:00+05:30,53826.25,53832.45,53765.85,53795.1,0
2026-03-13 12:45:00+05:30,53794.95,53916.5,53780.45,53914.45,0
2026-03-13 12:50:00+05:30,53914.4,53951.25,53870.6,53914.15,0
2026-03-13 12:55:00+05:30,53912.7,53995.25,53879.45,53967.8,0
2026-03-13 13:00:00+05:30,53963.95,53965.2,53901.65,53927.95,0
2026-03-13 13:05:00+05:30,53928.85,53941.85,53860.2,53871.9,0
2026-03-13 13:10:00+05:30,53874.0,53889.5,53817.2,53820.8,0
2026-03-13 13:15:00+05:30,53826.15,53865.5,53798.2,53823.5,0
2026-03-13 13:20:00+05:30,53826.4,53856.6,53733.65,53743.6,0
2026-03-13 13:25:00+05:30,53749.55,53861.0,53737.7,53849.5,0
2026-03-13 13:30:00+05:30,53851.75,53880.25,53798.55,53799.9,0
2026-03-13 13:35:00+05:30,53803.0,53806.3,53718.7,53732.45,0
2026-03-13 13:40:00+05:30,53735.1,53778.1,53685.2,53766.95,0
2026-03-13 13:45:00+05:30,53771.1,53788.15,53746.15,53775.95,0
2026-03-13 13:50:00+05:30,53775.0,53789.7,53686.7,53737.7,0
2026-03-13 13:55:00+05:30,53742.75,53759.45,53675.7,53695.4,0
2026-03-13 14:00:00+05:30,53698.75,53782.45,53691.0,53742.15,0
2026-03-13 14:05:00+05:30,53745.6,53858.45,53740.6,53840.95,0
2026-03-13 14:10:00+05:30,53846.7,53915.1,53819.05,53909.6,0
2026-03-13 14:15:00+05:30,53913.85,53935.95,53848.4,53935.85,0
2026-03-13 14:20:00+05:30,53940.55,54008.95,53924.7,53960.95,0
2026-03-13 14:25:00+05:30,53961.25,54002.35,53929.85,53946.7,0
2026-03-13 14:30:00+05:30,53943.6,54107.0,53943.6,54056.9,0
2026-03-13 14:35:00+05:30,54057.5,54070.25,53958.0,53960.35,0
2026-03-13 14:40:00+05:30,53955.1,54011.4,53953.2,54002.75,0
2026-03-13 14:45:00+05:30,54002.55,54011.65,53888.35,53919.35,0
2026-03-13 14:50:00+05:30,53919.25,53975.5,53874.45,53880.35,0
2026-03-13 14:55:00+05:30,53882.55,53890.25,53793.3,53859.15,0
2026-03-13 15:00:00+05:30,53867.7,53904.3,53769.4,53772.35,0
2026-03-13 15:05:00+05:30,53773.9,53786.35,53732.05,53745.05,0
2026-03-13 15:10:00+05:30,53753.75,53799.35,53730.45,53781.3,0
2026-03-13 15:15:00+05:30,53780.2,53788.15,53744.6,53769.55,0
2026-03-13 15:20:00+05:30,53765.7,53767.95,53684.05,53697.3,0
2026-03-13 15:25:00+05:30,53697.15,53770.9,53694.85,53770.9,0
